2026-04-14 06:15:11,002 [INFO] ============================================================
2026-04-14 06:15:11,003 [INFO] PAGC Paper Downloader — Starting
2026-04-14 06:15:11,003 [INFO] Target: 30 papers | Snowball depth: 2
2026-04-14 06:15:11,003 [INFO] ============================================================
2026-04-14 06:15:11,003 [INFO] Initial queue size: 20 papers
2026-04-14 06:15:14,567 [INFO]   ❌ Could not download: A Mathematical Theory of Communication
2026-04-14 06:15:16,760 [INFO]   ✅ ArXiv: cs/0410002 → Shannon_Information_and_Kolmogorov_Complexity.pdf
2026-04-14 06:15:17,982 [INFO]   Queued 0 new references from snowball (of 28 total refs)
2026-04-14 06:15:24,401 [INFO]   ❌ Could not download: The Minimum Description Length Principle in Coding and Modeling
2026-04-14 06:15:25,920 [INFO]   ✅ ArXiv: 1508.07909 → Neural_Machine_Translation_of_Rare_Words_with_Subword_Units.pdf
2026-04-14 06:15:27,157 [INFO]   Queued 0 new references from snowball (of 42 total refs)
2026-04-14 06:15:30,820 [INFO]   ✅ ArXiv: 2308.01174 → Tokenization_Is_More_Than_Tokenization.pdf
2026-04-14 06:15:35,461 [INFO]   ✅ ArXiv: 2305.15425 → Language_Model_Tokenizers_Introduce_Unfairness_Between_Languages.pdf
2026-04-14 06:15:41,992 [INFO]   ✅ ArXiv: 2112.08874 → Theoretical_Analysis_of_Byte_Pair_Encoding.pdf
2026-04-14 06:15:54,002 [INFO]   ✅ Direct: Direct: AfricaNLP 2025: African Language Processing → AfricaNLP_2025__African_Language_Processing.pdf
2026-04-14 06:15:58,494 [INFO]   ✅ ArXiv: math/0503454 → The_Geometry_of_E6.pdf
2026-04-14 06:15:59,791 [INFO]   Queued 0 new references from snowball (of 38 total refs)
2026-04-14 06:16:03,442 [INFO]   ✅ ArXiv: hep-th/9309030 → Exceptional_Lie_Groups_and_Elementary_Particles.pdf
2026-04-14 06:16:04,710 [INFO]   Queued 0 new references from snowball (of 42 total refs)
2026-04-14 06:16:07,814 [INFO]   ✅ ArXiv: quant-ph/0701078 → E6_and_the_Bipartite_Entanglement_of_Three_Qutrits.pdf
2026-04-14 06:16:09,083 [INFO]   Queued 0 new references from snowball (of 9 total refs)
2026-04-14 06:16:14,884 [INFO]   ❌ Could not download: The genetic code is one in a million
2026-04-14 06:16:16,713 [INFO]   ❌ Could not download: Rules Governing the Genetic Code Degeneracy
2026-04-14 06:16:18,315 [INFO]   ✅ ArXiv: hep-th/9711200 → The_Large_N_limit_of_superconformal_field_theories_and_supergravity.pdf
2026-04-14 06:16:19,628 [INFO]   Queued 0 new references from snowball (of 48 total refs)
2026-04-14 06:16:24,712 [INFO]   ❌ Could not download: Irreversibility and heat generation in the computing process
2026-04-14 06:16:29,019 [INFO]   ✅ ArXiv: 2107.05639 → Landauer_Principle_and_Thermodynamics_of_Computation.pdf
2026-04-14 06:16:34,361 [INFO]   ✅ ArXiv: 2407.04965 → Network_Reconstruction_via_the_Minimum_Description_Length_Principle.pdf
2026-04-14 06:16:45,827 [INFO]   ✅ ArXiv: 2510.25883 → The_Information-Theoretic_Imperative.pdf
2026-04-14 06:16:47,157 [INFO]   Queued 0 new references from snowball (of 78 total refs)
2026-04-14 06:16:56,319 [INFO]   ✅ Direct: Direct: Action Chunking as Conditional Policy Compression → Action_Chunking_as_Conditional_Policy_Compression.pdf
2026-04-14 06:17:01,750 [INFO]   ✅ ArXiv: 2209.09193 → Synaptic_Theory_of_Chunking_in_Working_Memory.pdf
2026-04-14 06:17:04,443 [INFO] 
📡 Entering snowball depth 1 (0 papers)
2026-04-14 06:17:04,747 [INFO] 
============================================================
2026-04-14 06:17:04,748 [INFO] DONE. Downloaded: 15 | Failed: 5 | Total queued: 0 remaining
2026-04-14 06:17:04,748 [INFO] Snowball depth breakdown: {0: 20}
2026-04-14 06:17:04,748 [INFO] PDFs saved to: C:\Users\USER\code\etisiobi\sources\papers
2026-04-14 06:17:04,749 [INFO] Manifest: C:\Users\USER\code\etisiobi\sources\download_manifest.jsonl
2026-04-14 06:17:04,749 [INFO] ============================================================
2026-04-14 06:20:33,610 [INFO] ============================================================
2026-04-14 06:20:33,610 [INFO] PAGC Paper Downloader — Starting
2026-04-14 06:20:33,610 [INFO] Target: 1000 papers | Snowball depth: 3
2026-04-14 06:20:33,610 [INFO] ============================================================
2026-04-14 06:20:35,373 [INFO] Parsed 1819 unique source URLs from repo stubs
2026-04-14 06:20:35,373 [INFO] Initial queue size: 1817 papers
2026-04-14 06:20:36,918 [INFO]   [OK-ARXIV] 2010.16064 -> A_20_Gbps_Data_Transmitting_ASIC_with_PAM4_for_Particle_Physics_Experiments.pdf
2026-04-14 06:20:41,481 [INFO]   [OK-ARXIV] 1003.0088 -> A_Condition_for_Cooperation_in_a_Game_on_Complex_Networks.pdf
2026-04-14 06:20:42,688 [INFO]   Queued 0 new references from snowball (of 36 total refs)
2026-04-14 06:20:46,449 [INFO]   [OK-ARXIV] 1406.0792 -> A_guided_tour_of_asynchronous_cellular_automata.pdf
2026-04-14 06:20:48,057 [INFO]   Queued 0 new references from snowball (of 142 total refs)
2026-04-14 06:20:51,325 [INFO]   [OK-ARXIV] 2508.14307 -> A_Joint_Multitask_Model_for_Morpho-Syntactic_Parsing.pdf
2026-04-14 06:20:57,070 [INFO]   [OK-ARXIV] 2010.00170 -> A_Large_Multi-Target_Dataset_of_Common_Bengali_Handwritten_Graphemes.pdf
2026-04-14 06:21:01,638 [INFO]   [OK-ARXIV] 2207.01005 -> A_model_of_quantum_spacetime.pdf
2026-04-14 06:21:06,716 [INFO]   [OK-ARXIV] 1905.05918 -> A_Neural_Network-Evolutionary_Computational_Framework_for_Remaining_Useful_Life_Estimation_of_Mechanical_Systems.pdf
2026-04-14 06:21:11,108 [INFO]   [OK-ARXIV] 1907.03265 -> A_Neutral_Temporal_Deontic_STIT_Logic.pdf
2026-04-14 06:21:15,673 [INFO]   [OK-ARXIV] 1306.5577 -> A_Note_on_Elementary_Cellular_Automata_Classification.pdf
2026-04-14 06:21:16,892 [INFO]   Queued 0 new references from snowball (of 44 total refs)
2026-04-14 06:21:22,212 [INFO]   [OK-ARXIV] 1906.10015 -> A_Review_on_Neural_Network_Models_of_Schizophrenia_and_Autism_Spectrum_Disorder.pdf
2026-04-14 06:21:27,458 [INFO]   [OK-ARXIV] 1303.0217 -> A_stochastic_diffusion_process_for_the_Dirichlet_distribution.pdf
2026-04-14 06:21:32,406 [INFO]   [OK-ARXIV] 2305.02947 -> A_study_on_the_composition_of_elementary_cellular_automata.pdf
2026-04-14 06:21:33,688 [INFO]   Queued 0 new references from snowball (of 22 total refs)
2026-04-14 06:21:37,411 [INFO]   [OK-ARXIV] 1502.04938 -> A_Survey_of_Word_Reordering_in_Statistical_Machine_Translation__Computational_Models_and_Language_Phenomena.pdf
2026-04-14 06:21:42,300 [INFO]   [OK-ARXIV] 2208.00173 -> A_Survey_on_Masked_Autoencoder_for_Self-supervised_Learning_in_Vision_and_Beyond.pdf
2026-04-14 06:21:47,054 [INFO]   [OK-ARXIV] 2502.17079 -> A_Variational_Principle_for_Extended_Irreversible_Thermodynamics__Heat_Conducting_Viscous_Fluids.pdf
2026-04-14 06:21:52,575 [INFO]   [OK-ARXIV] 2112.04501 -> Achieving_the_quantum_field_theory_limit_in_far-from-equilibrium_quantum_link_models.pdf
2026-04-14 06:21:57,153 [INFO]   [OK-ARXIV] 2205.13273 -> Acute_Lymphoblastic_Leukemia_Detection_Using_Hypercomplex-Valued_Convolutional_Neural_Networks.pdf
2026-04-14 06:22:01,592 [INFO]   [OK-ARXIV] 2603.25333 -> Adaptive_Chunking__Optimizing_Chunking-Method_Selection_for_RAG.pdf
2026-04-14 06:22:06,402 [INFO]   [OK-ARXIV] 1912.11717 -> Adjoint_computations_by_algorithmic_differentiation_of_a_parallel_solver_for_time-dependent_PDEs.pdf
2026-04-14 06:22:11,430 [INFO]   [OK-ARXIV] 2411.15497 -> AeroGen__Enhancing_Remote_Sensing_Object_Detection_with_Diffusion-Driven_Data_Generation.pdf
2026-04-14 06:22:16,546 [INFO]   [OK-ARXIV] 1907.08372 -> An_Approach_to_Efficient_Fitting_of_Univariate_and_Multivariate_Stochastic_Volatility_Models.pdf
2026-04-14 06:22:21,656 [INFO]   [OK-ARXIV] 1401.6294 -> An_Extended_Result_on_the_Optimal_Estimation_under_Minimum_Error_Entropy_Criterion.pdf
2026-04-14 06:22:25,977 [INFO]   [OK-ARXIV] 2202.05332 -> An_Initial_Description_of_Capabilities_and_Constraints_for_a_Computational_Auditory_System_(an_Artificial_Ear)_for_Cogni.pdf
2026-04-14 06:22:34,289 [INFO]   [OK-ARXIV] 2505.03022 -> An_Introduction_to_Topological_Data_Analysis_Ball_Mapper_in_Python.pdf
2026-04-14 06:22:34,989 [INFO]   Queued 0 new references from snowball (of 13 total refs)
2026-04-14 06:22:42,106 [INFO]   [OK-ARXIV] 2210.11731 -> Analogical_Concept_Memory_for_Architectures_Implementing_the_Common_Model_of_Cognition.pdf
2026-04-14 06:22:43,515 [INFO]   Queued 0 new references from snowball (of 51 total refs)
2026-04-14 06:22:47,028 [INFO]   [OK-ARXIV] 2009.00804 -> Architectural_Implications_of_Graph_Neural_Networks.pdf
2026-04-14 06:22:48,234 [INFO]   Queued 0 new references from snowball (of 12 total refs)
2026-04-14 06:22:53,663 [INFO]   [OK-ARXIV] 2510.11048 -> Assessing_the_Influence_of_Locational_Suitability_on_the_Spatial_Distribution_of_Household_Wealth_in_Bernalillo_County,_.pdf
2026-04-14 06:22:58,005 [INFO]   [OK-ARXIV] 2510.16987 -> Back_to_Bytes__Revisiting_Tokenization_Through_UTF-8.pdf
2026-04-14 06:23:03,935 [INFO]   [OK-ARXIV] 1607.06358 -> Bayesian_uncertainty_analysis_for_complex_systems_biology_models__emulation,_global_parameter_searches_and_evaluation_of.pdf
2026-04-14 06:23:05,524 [INFO]   Queued 0 new references from snowball (of 78 total refs)
2026-04-14 06:23:09,484 [INFO]   [OK-ARXIV] 2504.00178 -> Boundless_Byte_Pair_Encoding__Breaking_the_Pre-tokenization_Barrier.pdf
2026-04-14 06:23:10,836 [INFO]   Queued 0 new references from snowball (of 34 total refs)
2026-04-14 06:23:14,719 [INFO]   [OK-ARXIV] 2505.14411 -> Byte_Pair_Encoding_for_Efficient_Time_Series_Forecasting.pdf
2026-04-14 06:23:15,400 [INFO]   Queued 0 new references from snowball (of 56 total refs)
2026-04-14 06:23:25,271 [INFO]   [OK-ARXIV] 2301.11975 -> Byte_Pair_Encoding_for_Symbolic_Music.pdf
2026-04-14 06:23:30,160 [INFO]   [OK-ARXIV] 2005.07866 -> Byzantine-Resilient_SGD_in_High_Dimensions_on_Heterogeneous_Data.pdf
2026-04-14 06:23:31,432 [INFO]   Queued 0 new references from snowball (of 41 total refs)
2026-04-14 06:23:49,547 [INFO]   [OK-ARXIV] 2006.02951 -> CiwGAN_and_fiwGAN__Encoding_information_in_acoustic_data_to_model_lexical_learning_with_Generative_Adversarial_Networks.pdf
2026-04-14 06:23:54,290 [INFO]   [OK-ARXIV] 1203.3083 -> Clustering_in_networks_with_the_collapsed_Stochastic_Block_Model.pdf
2026-04-14 06:23:55,508 [INFO]   Queued 0 new references from snowball (of 33 total refs)
2026-04-14 06:23:59,460 [INFO]   [OK-ARXIV] 1905.10391 -> Coarse_Graining_of_Partitioned_Cellular_Automata.pdf
2026-04-14 06:24:03,634 [INFO]   [OK-ARXIV] 1002.3035 -> Cognition_and_Emotion__Perspectives_of_a_Closing_Gap.pdf
2026-04-14 06:24:08,189 [INFO]   [OK-ARXIV] 0901.3028 -> Cognitive_computation_with_autonomously_active_neural_networks__an_emerging_field.pdf
2026-04-14 06:24:09,475 [INFO]   Queued 0 new references from snowball (of 78 total refs)
2026-04-14 06:24:13,118 [INFO]   [OK-ARXIV] 1604.01433 -> Collaborative_Information_Bottleneck.pdf
2026-04-14 06:24:17,326 [INFO]   [OK-ARXIV] 1508.03531 -> Combinatorial_Limits_of_Transcription_Factors_and_Gene_Regulatory_Networks_in_Development_and_Evolution.pdf
2026-04-14 06:24:18,561 [INFO]   Queued 0 new references from snowball (of 13 total refs)
2026-04-14 06:24:21,885 [INFO]   [OK-ARXIV] 1404.0103 -> Comparative_Resilience_Notions_and_Vertex_Attack_Tolerance_of_Scale-Free_Networks.pdf
2026-04-14 06:24:33,899 [INFO]   [OK-ARXIV] 1304.1242 -> Computation_and_Universality__Class_IV_versus_Class_III_Cellular_Automata.pdf
2026-04-14 06:24:39,830 [INFO]   [OK-ARXIV] 1708.09359 -> Computational_Topology_Techniques_for_Characterizing_Time-Series_Data.pdf
2026-04-14 06:24:44,448 [INFO]   [OK-ARXIV] 1207.5742 -> Conditional_Information_Inequalities_for_Entropic_and_Almost_Entropic_Points.pdf
2026-04-14 06:24:48,897 [INFO]   [OK-ARXIV] 1110.5626 -> Constraints_on_dark_energy_from_H_II_starburst_galaxy_apparent_magnitude_versus_redshift_data.pdf
2026-04-14 06:24:53,867 [INFO]   [OK-ARXIV] 2309.00135 -> Construction_Grammar_and_Artificial_Intelligence.pdf
2026-04-14 06:24:58,469 [INFO]   [OK-ARXIV] 2308.13315 -> Construction_Grammar_and_Language_Models.pdf
2026-04-14 06:25:03,554 [INFO]   [OK-ARXIV] 2103.07492 -> Continual_Learning_for_Recurrent_Neural_Networks__an_Empirical_Evaluation.pdf
2026-04-14 06:25:08,282 [INFO]   [OK-ARXIV] 1808.08161 -> Continuous_time_Gaussian_process_dynamical_models_in_gene_regulatory_network_inference.pdf
2026-04-14 06:25:13,721 [INFO]   [OK-ARXIV] 1107.0539 -> Corporate_competition__A_self-organized_network.pdf
2026-04-14 06:25:18,149 [INFO]   [OK-ARXIV] 1611.01238 -> Corrected_Bayesian_information_criterion_for_stochastic_block_models.pdf
2026-04-14 06:25:23,370 [INFO]   [OK-ARXIV] 1706.03661 -> DAC-h3__A_Proactive_Robot_Cognitive_Architecture_to_Acquire_and_Express_Knowledge_About_the_World_and_the_Self.pdf
2026-04-14 06:25:28,145 [INFO]   [OK-ARXIV] 2207.13219 -> Dalorex__A_Data-Local_Program_Execution_and_Architecture_for_Memory-bound_Applications.pdf
2026-04-14 06:25:32,853 [INFO]   [OK-ARXIV] 1907.02664 -> Data_Encoding_for_Byzantine-Resilient_Distributed_Optimization.pdf
2026-04-14 06:25:37,824 [INFO]   [OK-ARXIV] 1404.1905 -> Developing_a_21st_Century_Global_Library_for_Mathematics_Research.pdf
2026-04-14 06:25:41,999 [INFO]   [OK-ARXIV] 1807.02477 -> Development_of_a_sensory-neural_network_for_medical_diagnosing.pdf
2026-04-14 06:25:46,540 [INFO]   [OK-ARXIV] quant-ph/0408192 -> Differential_entropy_and_time.pdf
2026-04-14 06:25:48,108 [INFO]   Queued 0 new references from snowball (of 102 total refs)
2026-04-14 06:25:52,361 [INFO]   [OK-ARXIV] 2303.04707 -> DiM__Distilling_Dataset_into_Generative_Model.pdf
2026-04-14 06:25:59,321 [INFO]   [OK-ARXIV] 2311.02508 -> Dissipative_quadratizations_of_polynomial_ODE_systems.pdf
2026-04-14 06:26:05,236 [INFO]   [OK-ARXIV] 1811.04757 -> DTM-based_Filtrations.pdf
2026-04-14 06:26:06,399 [INFO]   Queued 0 new references from snowball (of 18 total refs)
2026-04-14 06:26:11,638 [INFO]   [OK-ARXIV] 2212.06370 -> Dual_Accuracy-Quality-Driven_Neural_Network_for_Prediction_Interval_Generation.pdf
2026-04-14 06:26:16,232 [INFO]   [OK-ARXIV] 2201.12110 -> Dynamical_Landauer_Principle__Quantifying_Information_Transmission_by_Thermodynamics.pdf
2026-04-14 06:26:17,489 [INFO]   Queued 0 new references from snowball (of 64 total refs)
2026-04-14 06:26:20,996 [INFO]   [OK-ARXIV] cond-mat/0410213 -> Dynamics_and_Thermodynamics_of_a_model_with_long-range_interactions.pdf
2026-04-14 06:26:22,205 [INFO]   Queued 0 new references from snowball (of 48 total refs)
2026-04-14 06:26:25,156 [INFO]   [OK-ARXIV] 1506.05402 -> Editorial_for_the_First_Workshop_on_Mining_Scientific_Papers__Computational_Linguistics_and_Bibliometrics.pdf
2026-04-14 06:26:26,533 [INFO]   Queued 0 new references from snowball (of 12 total refs)
2026-04-14 06:26:29,716 [INFO]   [OK-ARXIV] 2107.09581 -> Entropy_as_a_Topological_Operad_Derivation.pdf
2026-04-14 06:26:33,998 [INFO]   [OK-ARXIV] 2506.15889 -> Entropy-Driven_Pre-Tokenization_for_Byte-Pair_Encoding.pdf
2026-04-14 06:26:35,209 [INFO]   Queued 0 new references from snowball (of 27 total refs)
2026-04-14 06:26:37,928 [INFO]   [OK-ARXIV] cond-mat/0301041 -> Evidence_of_Scale-Free_Topology_and_Dynamics_in_Gene_Regulatory_Networks.pdf
2026-04-14 06:26:39,171 [INFO]   Queued 0 new references from snowball (of 36 total refs)
2026-04-14 06:26:42,354 [INFO]   [OK-ARXIV] math/0411552 -> Exact_variations_for_stochastic_heat_equations_driven_by_space--time_white_noise.pdf
2026-04-14 06:26:43,008 [INFO]   Queued 0 new references from snowball (of 18 total refs)
2026-04-14 06:26:46,387 [INFO]   [OK-ARXIV] math/0412193 -> Explicit_formulas_for_a_continuous_stochastic_maturation_model._Application_to_anticancer_drug_pharmacokinetics_pharmaco.pdf
2026-04-14 06:26:47,624 [INFO]   Queued 0 new references from snowball (of 60 total refs)
2026-04-14 06:26:51,365 [INFO]   [OK-ARXIV] 1509.04733 -> Factorization_threshold_models_for_scale-free_networks_generation.pdf
2026-04-14 06:26:56,226 [INFO]   [OK-ARXIV] 2106.08527 -> FAIR__Fairness-Aware_Information_Retrieval_Evaluation.pdf
2026-04-14 06:27:01,039 [INFO]   [OK-ARXIV] 1809.03941 -> Fast_calibration_of_two-factor_models_for_energy_option_pricing.pdf
2026-04-14 06:27:02,321 [INFO]   Queued 0 new references from snowball (of 35 total refs)
2026-04-14 06:27:06,700 [INFO]   [OK-ARXIV] 2410.02155 -> From_Pixels_to_Tokens__Byte-Pair_Encoding_on_Quantized_Visual_Modalities.pdf
2026-04-14 06:27:11,120 [INFO]   [OK-ARXIV] 0711.1389 -> From_Rota-Baxter_Algebras_to_Pre-Lie_Algebras.pdf
2026-04-14 06:27:15,801 [INFO]   [OK-ARXIV] 2207.00538 -> Functional_Synthetic_Biology.pdf
2026-04-14 06:27:20,433 [INFO]   [OK-ARXIV] 2102.04194 -> GC-MS_Profile_of_Diodella_sarmentosa_(SW)_Bacigalupo_El_Cabral_ex_Borhidi_Ethanol_Leaf_Extract_and_its_Total_Dehydrogena.pdf
2026-04-14 06:27:24,961 [INFO]   [OK-ARXIV] 1801.04087 -> Gene_regulatory_network_inference__an_introductory_survey.pdf
2026-04-14 06:27:29,596 [INFO]   [OK-ARXIV] 1805.01098 -> Gene_regulatory_networks__a_primer_in_biological_processes_and_statistical_modelling.pdf
2026-04-14 06:27:34,454 [INFO]   [OK-ARXIV] quant-ph/0702094 -> Generalising_Landauer's_Principle.pdf
2026-04-14 06:27:35,117 [INFO]   Queued 0 new references from snowball (of 36 total refs)
2026-04-14 06:27:39,660 [INFO]   [OK-ARXIV] 2102.08991 -> Generalization_in_Quantum_Machine_Learning__a_Quantum_Information_Perspective.pdf
2026-04-14 06:27:46,322 [INFO]   [OK-ARXIV] 1312.7250 -> Generalization_of_the_construction_method_for_multistability-equivalent_gene_regulatory_networks_to_systems_with_multi-i.pdf
2026-04-14 06:27:50,782 [INFO]   [OK-ARXIV] gr-qc/0602013 -> Generalizing_Quantum_Mechanics_for_Quantum_Spacetime.pdf
2026-04-14 06:27:52,079 [INFO]   Queued 0 new references from snowball (of 64 total refs)
2026-04-14 06:27:55,195 [INFO]   [OK-ARXIV] 2407.08777 -> Hawking_evaporation_and_the_Landauer_Principle.pdf
2026-04-14 06:27:59,503 [INFO]   [OK-ARXIV] 0910.0993 -> Heterogeneity_and_Disorder__Contributions_of_Rolf_Landauer.pdf
2026-04-14 06:28:04,398 [INFO]   [OK-ARXIV] 1901.06610 -> Hierarchical_Attentional_Hybrid_Neural_Networks_for_Document_Classification.pdf
2026-04-14 06:28:05,764 [INFO]   Queued 0 new references from snowball (of 23 total refs)
2026-04-14 06:28:08,926 [INFO]   [OK-ARXIV] 0704.1169 -> Holographic_bound_and_protein_linguistics.pdf
2026-04-14 06:28:13,210 [INFO]   [OK-ARXIV] physics/0104029 -> How_Many_Genes_Are_Needed_for_a_Discriminant_Microarray_Data_Analysis__.pdf
2026-04-14 06:28:14,385 [INFO]   Queued 0 new references from snowball (of 20 total refs)
2026-04-14 06:28:18,212 [INFO]   [OK-ARXIV] 2507.18570 -> Hybrid_Tokenization_Strategy_for_DNA_Language_Model_using_Byte_Pair_Encoding_and_K-MER_Methods.pdf
2026-04-14 06:28:19,369 [INFO]   Queued 0 new references from snowball (of 15 total refs)
2026-04-14 06:28:23,355 [INFO]   [OK-ARXIV] 1812.10761 -> Improving_Generalization_of_Deep_Neural_Networks_by_Leveraging_Margin_Distribution.pdf
2026-04-14 06:28:28,235 [INFO]   [OK-ARXIV] 1902.02292 -> Information_Flow_in_Computational_Systems.pdf
2026-04-14 06:28:29,804 [INFO]   Queued 0 new references from snowball (of 112 total refs)
2026-04-14 06:28:33,546 [INFO]   [OK-ARXIV] 1706.04635 -> Information_Potential_Auto-Encoders.pdf
2026-04-14 06:28:38,907 [INFO]   [OK-ARXIV] 2211.05552 -> Information-Theoretic_Foundations_of_DNA_Data_Storage.pdf
2026-04-14 06:28:44,379 [INFO]   [OK-ARXIV] 1007.1079 -> Intelligent_data_analysis_based_on_the_complex_network_theory_methods__a_case_study.pdf
2026-04-14 06:28:49,865 [INFO]   [OK-ARXIV] 2507.05137 -> Interpretable_Mnemonic_Generation_for_Kanji_Learning_via_Expectation-Maximization.pdf
2026-04-14 06:28:51,115 [INFO]   Queued 0 new references from snowball (of 53 total refs)
2026-04-14 06:28:54,390 [INFO]   [OK-ARXIV] 1208.2763 -> Intrinsic_Simulations_between_Stochastic_Cellular_Automata.pdf
2026-04-14 06:28:55,654 [INFO]   Queued 0 new references from snowball (of 26 total refs)
2026-04-14 06:28:59,246 [INFO]   [OK-ARXIV] 1405.2846 -> Introduction_to_Dynamic_Unary_Encoding.pdf
2026-04-14 06:29:00,488 [INFO]   Queued 0 new references from snowball (of 6 total refs)
2026-04-14 06:29:03,818 [INFO]   [OK-ARXIV] cond-mat/0610097 -> Irreversible_Opinion_Spreading_on_Scale-Free_Networks.pdf
2026-04-14 06:29:05,086 [INFO]   Queued 0 new references from snowball (of 46 total refs)
2026-04-14 06:29:08,879 [INFO]   [OK-ARXIV] 2008.11279 -> Isotropic_Cellular_Automata__the_DDLab_iso-rule_paradigm.pdf
2026-04-14 06:29:13,324 [INFO]   [OK-ARXIV] 1609.02342 -> IT_formulae_for_gamma_target__mutual_information_and_relative_entropy.pdf
2026-04-14 06:29:17,635 [INFO]   [OK-ARXIV] 1902.09182 -> (Lack_of)_Model_Structures_on_the_Category_of_Graphs.pdf
2026-04-14 06:29:18,851 [INFO]   Queued 0 new references from snowball (of 16 total refs)
2026-04-14 06:29:22,018 [INFO]   [OK-ARXIV] 2003.07436 -> Landauer_Principle_and_General_Relativity.pdf
2026-04-14 06:29:26,901 [INFO]   [OK-ARXIV] 2506.10876 -> Landauer_Principle_and_Thermodynamics_of_Computation.pdf
2026-04-14 06:29:32,353 [INFO]   [OK-ARXIV] 2307.05639 -> Learning_Active_Subspaces_and_Discovering_Important_Features_with_Gaussian_Radial_Basis_Functions_Neural_Networks.pdf
2026-04-14 06:29:37,095 [INFO]   [OK-ARXIV] 1710.00725 -> Learning_hard_quantum_distributions_with_variational_autoencoders.pdf
2026-04-14 06:29:43,057 [INFO]   [OK-ARXIV] 2503.19260 -> Linguistic_Blind_Spots_of_Large_Language_Models.pdf
2026-04-14 06:29:47,508 [INFO]   [OK-ARXIV] 1707.04546 -> Linguistic_Markers_of_Influence_in_Informal_Interactions.pdf
2026-04-14 06:29:52,100 [INFO]   [OK-ARXIV] 2305.18278 -> Mathematical_Structure_of_Syntactic_Merge.pdf
2026-04-14 06:29:53,307 [INFO]   Queued 0 new references from snowball (of 0 total refs)
2026-04-14 06:29:56,455 [INFO]   [OK-ARXIV] 1602.05638 -> Memory-Centred_Cognitive_Architectures_for_Robots_Interacting_Socially_with_Humans.pdf
2026-04-14 06:30:00,847 [INFO]   [OK-ARXIV] 1108.5096 -> Minimalist_Grammars_and_Minimalist_Categorial_Grammars,_definitions_toward_inclusion_of_generated_languages.pdf
2026-04-14 06:30:06,011 [INFO]   [OK-ARXIV] 1912.10795 -> (Mis)Information_Operations__An_Integrated_Perspective.pdf
2026-04-14 06:30:10,843 [INFO]   [OK-ARXIV] 1201.5578 -> Modeling_Stochasticity_and_Variability_in_Gene_Regulatory_Networks.pdf
2026-04-14 06:30:15,406 [INFO]   [OK-ARXIV] 2411.07897 -> Modified_Landauer_principle_according_to_Tsallis_entropy.pdf
2026-04-14 06:30:20,258 [INFO]   [OK-ARXIV] 2401.04670 -> Modified_Levenberg-Marquardt_Algorithm_For_Tensor_CP_Decomposition_in_Image_Compression.pdf
2026-04-14 06:30:25,352 [INFO]   [OK-ARXIV] 2504.10335 -> MorphTok__Morphologically_Grounded_Tokenization_for_Indian_Languages.pdf
2026-04-14 06:30:31,496 [INFO]   [OK-ARXIV] 2411.10281 -> Multidimensional_Byte_Pair_Encoding__Shortened_Sequences_for_Improved_Visual_Data_Generation.pdf
2026-04-14 06:30:36,470 [INFO]   [OK-ARXIV] 1609.05511 -> Multilinear_Grammar__Ranks_and_Interpretations.pdf
2026-04-14 06:30:42,878 [INFO]   [OK-ARXIV] 1907.06022 -> Multiscale_Principle_of_Relevant_Information_for_Hyperspectral_Image_Classification.pdf
2026-04-14 06:30:44,109 [INFO]   Queued 0 new references from snowball (of 56 total refs)
2026-04-14 06:30:47,474 [INFO]   [OK-ARXIV] 2405.05966 -> Natural_Language_Processing_RELIES_on_Linguistics.pdf
2026-04-14 06:30:48,658 [INFO]   Queued 0 new references from snowball (of 290 total refs)
2026-04-14 06:30:52,075 [INFO]   [OK-ARXIV] 0710.4886 -> Network_synchronization__Optimal_and_Pessimal_Scale-Free_Topologies.pdf
2026-04-14 06:30:58,007 [INFO]   [OK-ARXIV] 2504.19176 -> Newton-Puiseux_Analysis_for_Interpretability_and_Calibration_of_Complex-Valued_Neural_Networks.pdf
2026-04-14 06:31:02,610 [INFO]   [OK-ARXIV] 1107.5228 -> Non-Uniform_Cellular_Automata__classes,_dynamics,_and_decidability.pdf
2026-04-14 06:31:03,867 [INFO]   Queued 0 new references from snowball (of 31 total refs)
2026-04-14 06:31:06,950 [INFO]   [OK-ARXIV] 1605.02876 -> Nonequilibrium_physics_aspects_of_probabilistic_cellular_automata.pdf
2026-04-14 06:31:11,471 [INFO]   [OK-ARXIV] 2306.10270 -> Old_and_New_Minimalism__a_Hopf_algebra_comparison.pdf
2026-04-14 06:31:12,891 [INFO]   Queued 0 new references from snowball (of 51 total refs)
2026-04-14 06:31:16,070 [INFO]   [OK-ARXIV] 1110.3250 -> On_a_stochastic_differential_equation_arising_in_a_price_impact_model.pdf
2026-04-14 06:31:19,764 [INFO]   [OK-ARXIV] 0903.4615 -> On_Decidability_Properties_of_One-Dimensional_Cellular_Automata.pdf
2026-04-14 06:31:24,357 [INFO]   [OK-ARXIV] 1905.01630 -> On_the_Controllability_of_Clustered_Scale-Free_Networks.pdf
2026-04-14 06:31:25,762 [INFO]   Queued 0 new references from snowball (of 34 total refs)
2026-04-14 06:31:30,197 [INFO]   [OK-ARXIV] 1503.03318 -> On_the_decomposition_of_stochastic_cellular_automata.pdf
2026-04-14 06:31:31,418 [INFO]   Queued 0 new references from snowball (of 34 total refs)
2026-04-14 06:31:34,636 [INFO]   [OK-ARXIV] 1712.07863 -> On_the_Information_Dimension_of_Multivariate_Gaussian_Processes.pdf
2026-04-14 06:31:39,406 [INFO]   [OK-ARXIV] 2410.10850 -> On_the_Reliability_of_Large_Language_Models_to_Misinformed_and_Demographically-Informed_Prompts.pdf
2026-04-14 06:31:40,755 [INFO]   Queued 0 new references from snowball (of 45 total refs)
2026-04-14 06:31:44,243 [INFO]   [OK-ARXIV] 1003.3081 -> Optimal_hierarchical_modular_topologies_for_producing_limited_sustained_activation_of_neural_networks.pdf
2026-04-14 06:31:48,563 [INFO]   [OK-ARXIV] 2303.06699 -> PageRank_Nibble_on_the_sparse_directed_stochastic_block_model.pdf
2026-04-14 06:31:49,754 [INFO]   Queued 0 new references from snowball (of 15 total refs)
2026-04-14 06:31:53,804 [INFO]   [OK-ARXIV] 2508.04796 -> Parity-Aware_Byte-Pair_Encoding__Improving_Cross-lingual_Fairness_in_Tokenization.pdf
2026-04-14 06:31:58,810 [INFO]   [OK-ARXIV] 1910.05300 -> Patterns_of_Multiplex_Layer_Entanglement_across_Real_and_Synthetic_Networks.pdf
2026-04-14 06:32:03,139 [INFO]   [OK-ARXIV] 2511.11848 -> Phase-Coded_Memory_and_Morphological_Resonance__A_Next-Generation_Retrieval-Augmented_Generator_Architecture.pdf
2026-04-14 06:32:08,398 [INFO]   [OK-ARXIV] 1901.10327 -> Physical_Foundations_of_Landauer's_Principle.pdf
2026-04-14 06:32:13,273 [INFO]   [OK-ARXIV] 1804.02284 -> Plasmons_in_Holographic_Graphene.pdf
2026-04-14 06:32:17,972 [INFO]   [OK-ARXIV] q-bio/0401010 -> Power_laws_in_biological_networks.pdf
2026-04-14 06:32:19,214 [INFO]   Queued 0 new references from snowball (of 70 total refs)
2026-04-14 06:32:24,587 [INFO]   [OK-ARXIV] 2510.17851 -> Pre_to_Post-Treatment_Glioblastoma_MRI_Prediction_using_a_Latent_Diffusion_Model.pdf
2026-04-14 06:32:29,218 [INFO]   [OK-ARXIV] 2008.06341 -> Probabilistic_Cellular_Automata_for_Granular_Media_in_Video_Games.pdf
2026-04-14 06:32:30,452 [INFO]   Queued 0 new references from snowball (of 42 total refs)
2026-04-14 06:32:33,726 [INFO]   [OK-ARXIV] cs/0404023 -> Propositional_computability_logic_I.pdf
2026-04-14 06:32:34,961 [INFO]   Queued 0 new references from snowball (of 15 total refs)
2026-04-14 06:32:40,993 [INFO]   [OK-ARXIV] 2511.11758 -> Protein_Structure_Tokenization_via_Geometric_Byte_Pair_Encoding.pdf
2026-04-14 06:32:42,209 [INFO]   Queued 0 new references from snowball (of 58 total refs)
2026-04-14 06:32:46,066 [INFO]   [OK-ARXIV] 2001.01889 -> Quantum_Advantage_for_Shared_Randomness_Generation.pdf
2026-04-14 06:32:47,355 [INFO]   Queued 0 new references from snowball (of 83 total refs)
2026-04-14 06:32:50,911 [INFO]   [OK-ARXIV] 2210.10776 -> Quantum_Alchemy_and_Universal_Orthogonality_Catastrophe_in_One-Dimensional_Anyons.pdf
2026-04-14 06:32:55,568 [INFO]   [OK-ARXIV] 2504.17548 -> Quantum_Autoencoder_for_Multivariate_Time_Series_Anomaly_Detection.pdf
2026-04-14 06:32:56,766 [INFO]   Queued 0 new references from snowball (of 23 total refs)
2026-04-14 06:33:00,278 [INFO]   [OK-ARXIV] 2504.00569 -> Quantum_Galilei_group_as_quantum_reference_frame_transformations.pdf
2026-04-14 06:33:05,148 [INFO]   [OK-ARXIV] 2408.15444 -> Quantum_games_and_synchronicity.pdf
2026-04-14 06:33:09,399 [INFO]   [OK-ARXIV] 1101.2946 -> Quantum_Kolmogorov_Complexity_and_Information-Disturbance_Theorem.pdf
2026-04-14 06:33:14,450 [INFO]   [OK-ARXIV] 2205.04127 -> Quantum_neural_network_autoencoder_and_classifier_applied_to_an_industrial_case_study.pdf
2026-04-14 06:33:15,892 [INFO]   Queued 0 new references from snowball (of 78 total refs)
2026-04-14 06:33:20,521 [INFO]   [OK-ARXIV] 2104.09630 -> Quaternion_Generative_Adversarial_Networks.pdf
2026-04-14 06:33:21,759 [INFO]   Queued 0 new references from snowball (of 42 total refs)
2026-04-14 06:33:25,290 [INFO]   [OK-ARXIV] 1704.07114 -> Regular_Decomposition__an_information_and_graph_theoretic_approach_to_stochastic_block_models.pdf
2026-04-14 06:33:26,517 [INFO]   Queued 0 new references from snowball (of 42 total refs)
2026-04-14 06:33:29,724 [INFO]   [OK-ARXIV] 1102.3739 -> Regulatory_patterns_in_molecular_interaction_networks.pdf
2026-04-14 06:33:30,940 [INFO]   Queued 0 new references from snowball (of 33 total refs)
2026-04-14 06:33:34,117 [INFO]   [OK-ARXIV] 1409.3052 -> Rota-Baxter_Coalgebras.pdf
2026-04-14 06:33:39,145 [INFO]   [OK-ARXIV] 2404.17808 -> Scaffold-BPE__Enhancing_Byte_Pair_Encoding_for_Large_Language_Models_with_Simple_and_Effective_Scaffold_Token_Removal.pdf
2026-04-14 06:33:44,185 [INFO]   [OK-ARXIV] 2003.11810 -> Searching_for_Coherent_States__From_Origins_to_Quantum_Gravity.pdf
2026-04-14 06:33:48,656 [INFO]   [OK-ARXIV] 2007.11748 -> Shakin'_All_Over__Proving_Landauer's_Principle_without_neglect_of_fluctuations.pdf
2026-04-14 06:33:53,683 [INFO]   [OK-ARXIV] q-bio/0510055 -> Signal_Propagation_in_Nonlinear_Stochastic_Gene_Regulatory_Networks.pdf
2026-04-14 06:33:55,183 [INFO]   Queued 0 new references from snowball (of 57 total refs)
2026-04-14 06:33:58,645 [INFO]   [OK-ARXIV] 1803.10424 -> Single-atom_demonstration_of_quantum_Landauer_principle.pdf
2026-04-14 06:33:59,882 [INFO]   Queued 0 new references from snowball (of 42 total refs)
2026-04-14 06:34:03,131 [INFO]   [OK-ARXIV] 2507.11773 -> Small_Data_Explainer_--_The_impact_of_small_data_methods_in_everyday_life.pdf
2026-04-14 06:34:08,435 [INFO]   [OK-ARXIV] 1210.1975 -> Some_scale-free_networks_could_be_robust_under_the_selective_node_attacks.pdf
2026-04-14 06:34:13,488 [INFO]   [OK-ARXIV] 2001.10696 -> Spiking_Inception_Module_for_Multi-layer_Unsupervised_Spiking_Neural_Networks.pdf
2026-04-14 06:34:17,941 [INFO]   [OK-ARXIV] 1601.01126 -> Statistical_methods_for_linguistic_research__Foundational_Ideas_-_Part_I.pdf
2026-04-14 06:34:22,676 [INFO]   [OK-ARXIV] 1602.00245 -> Statistical_methods_for_linguistic_research__Foundational_Ideas_-_Part_II.pdf
2026-04-14 06:34:24,255 [INFO]   Queued 0 new references from snowball (of 146 total refs)
2026-04-14 06:34:27,311 [INFO]   [OK-ARXIV] math/0505068 -> Stochastic_inequalities_for_single-server_loss_queueing_systems.pdf
2026-04-14 06:34:28,537 [INFO]   Queued 0 new references from snowball (of 19 total refs)
2026-04-14 06:34:32,073 [INFO]   [OK-ARXIV] 1602.00257 -> Stochastic_PDEs_with_heavy-tailed_noise.pdf
2026-04-14 06:34:36,399 [INFO]   [OK-ARXIV] 1810.10520 -> Stochastic_temporal_data_upscaling_using_the_generalized_k-nearest_neighbor_algorithm.pdf
2026-04-14 06:34:41,020 [INFO]   [OK-ARXIV] cs/0703132 -> Structure_induction_by_lossless_graph_compression.pdf
2026-04-14 06:34:41,684 [INFO]   Queued 0 new references from snowball (of 17 total refs)
2026-04-14 06:34:45,334 [INFO]   [OK-ARXIV] 1702.06762 -> Style_Transfer_Generative_Adversarial_Networks__Learning_to_Play_Chess_Differently.pdf
2026-04-14 06:34:46,560 [INFO]   Queued 0 new references from snowball (of 7 total refs)
2026-04-14 06:34:52,162 [INFO]   [OK-ARXIV] 2307.02593 -> Superpositions_of_thermalisations_in_relativistic_quantum_field_theory.pdf
2026-04-14 06:34:58,717 [INFO]   [OK-ARXIV] 2408.07637 -> Synaptic_Theory_of_Chunking_in_Working_Memory.pdf
2026-04-14 06:34:59,947 [INFO]   Queued 0 new references from snowball (of 62 total refs)
2026-04-14 06:35:03,463 [INFO]   [OK-ARXIV] 2210.12187 -> Syntactic_Surprisal_From_Neural_Models_Predicts,_But_Underestimates,_Human_Processing_Difficulty_From_Syntactic_Ambiguit.pdf
2026-04-14 06:35:04,725 [INFO]   Queued 0 new references from snowball (of 25 total refs)
2026-04-14 06:35:08,240 [INFO]   [OK-ARXIV] 1906.09569 -> Systematic_improvement_of_user_engagement_with_academic_titles_using_computational_linguistics.pdf
2026-04-14 06:35:12,772 [INFO]   [OK-ARXIV] 2601.00486 -> Ternary_cellular_automata_induced_by_semigroups_of_order_3_are_solvable.pdf
2026-04-14 06:35:18,576 [INFO]   [OK-ARXIV] 2510.21391 -> TerraGen__A_Unified_Multi-Task_Layout_Generation_Framework_for_Remote_Sensing_Data_Augmentation.pdf
2026-04-14 06:35:19,957 [INFO]   Queued 0 new references from snowball (of 48 total refs)
2026-04-14 06:35:24,527 [INFO]   [OK-ARXIV] hep-ph/0610012 -> Tevatron-for-LHC_Report_of_the_QCD_Working_Group.pdf
2026-04-14 06:35:25,792 [INFO]   Queued 0 new references from snowball (of 0 total refs)
2026-04-14 06:35:29,922 [INFO]   [OK-ARXIV] 2306.14753 -> The_Deep_Arbitrary_Polynomial_Chaos_Neural_Network_or_how_Deep_Artificial_Neural_Networks_could_benefit_from_Data-Driven.pdf
2026-04-14 06:35:31,541 [INFO]   Queued 0 new references from snowball (of 122 total refs)
2026-04-14 06:35:37,409 [INFO]   [OK-ARXIV] 2103.04668 -> The_distance_backbone_of_complex_networks.pdf
2026-04-14 06:35:42,124 [INFO]   [OK-ARXIV] 0807.3374 -> The_Dynamics_of_Internet_Traffic__Self-Similarity,_Self-Organization,_and_Complex_Phenomena.pdf
2026-04-14 06:35:46,866 [INFO]   [OK-ARXIV] 2210.14861 -> The_Information_Bottleneck_Principle_in_Corporate_Hierarchies.pdf
2026-04-14 06:35:51,361 [INFO]   [OK-ARXIV] 1310.1334 -> The_parallel_logic_gates_in_synthetic_gene_networks_induced_by_non-Gausssian_noise.pdf
2026-04-14 06:35:55,603 [INFO]   [OK-ARXIV] 0805.0154 -> The_Tsallis_entropy_and_the_Shannon_entropy_of_a_universal_probability.pdf
2026-04-14 06:36:00,973 [INFO]   [OK-ARXIV] 1504.01434 -> The_X-rule__universal_computation_in_a_non-isotropic_Life-like_Cellular_Automaton.pdf
2026-04-14 06:36:02,153 [INFO]   Queued 0 new references from snowball (of 18 total refs)
2026-04-14 06:36:05,618 [INFO]   [OK-ARXIV] 2411.08671 -> Theoretical_Analysis_of_Byte-Pair_Encoding.pdf
2026-04-14 06:36:11,315 [INFO]   [OK-ARXIV] 2512.22277 -> Thermodynamic_Phase_Stability,_Structural,_Mechanical,_Optoelectronic,_and_Thermoelectric_Properties_of_the_III-V_Semico.pdf
2026-04-14 06:36:12,956 [INFO]   Queued 0 new references from snowball (of 85 total refs)
2026-04-14 06:36:16,273 [INFO]   [OK-ARXIV] 1612.02496 -> Thermodynamics_of_low-dimensional_trapped_Fermi_gases.pdf
2026-04-14 06:36:17,610 [INFO]   Queued 0 new references from snowball (of 85 total refs)
2026-04-14 06:36:30,553 [INFO]   [OK-ARXIV] 2512.10504 -> Tianyan__Cloud_services_with_quantum_advantage.pdf
2026-04-14 06:36:35,417 [INFO]   [OK-ARXIV] 1512.00242 -> Towards_Dropout_Training_for_Convolutional_Neural_Networks.pdf
2026-04-14 06:36:36,614 [INFO]   Queued 0 new references from snowball (of 22 total refs)
2026-04-14 06:36:39,938 [INFO]   [OK-ARXIV] 0807.3622 -> TuLiPA__Towards_a_Multi-Formalism_Parsing_Environment_for_Grammar_Engineering.pdf
2026-04-14 06:36:41,168 [INFO]   Queued 0 new references from snowball (of 28 total refs)
2026-04-14 06:36:44,654 [INFO]   [OK-ARXIV] 2306.11230 -> Universal_Landauer-Like_Inequality_from_the_First_Law_of_Thermodynamics.pdf
2026-04-14 06:36:48,878 [INFO]   [OK-ARXIV] 0712.4290 -> Updating_Probabilities__A_Complex_Agent_Based_Example.pdf
2026-04-14 06:36:54,298 [INFO]   [OK-ARXIV] 2207.00644 -> Using_a_cognitive_architecture_to_consider_antiBlackness_in_design_and_development_of_AI_systems.pdf
2026-04-14 06:36:58,851 [INFO]   [OK-ARXIV] 2603.05883 -> VerChol_--_Grammar-First_Tokenization_for_Agglutinative_Languages.pdf
2026-04-14 06:37:00,050 [INFO]   Queued 0 new references from snowball (of 2 total refs)
2026-04-14 06:37:03,778 [INFO]   [OK-ARXIV] 1808.06696 -> Watset__Local-Global_Graph_Clustering_with_Applications_in_Sense_and_Frame_Induction.pdf
2026-04-14 06:37:05,441 [INFO]   Queued 0 new references from snowball (of 162 total refs)
2026-04-14 06:37:08,835 [INFO]   [OK-ARXIV] 1806.11401 -> WEBCA__Weakly-Electric-Fish_Bioinspired_Cognitive_Architecture.pdf
2026-04-14 06:37:13,648 [INFO]   [OK-ARXIV] 1312.5565 -> What_Transcription_Factors_Can't_Do__On_the_Combinatorial_Limits_of_Gene_Regulatory_Networks.pdf
2026-04-14 06:37:17,538 [INFO]   [OK-ARXIV] 1611.00270 -> When_is_Noisy_State_Information_at_the_Encoder_as_Useless_as_No_Information_or_as_Good_as_Noise-Free_State_.pdf
2026-04-14 06:37:22,829 [INFO]   [OK-ARXIV] 1208.2456 -> Wolfram's_Classification_and_Computation_in_Cellular_Automata_Classes_III_and_IV.pdf
2026-04-14 06:37:24,476 [INFO]   Queued 0 new references from snowball (of 135 total refs)
2026-04-14 06:37:27,873 [INFO]   [OK-ARXIV] 1805.09354 -> Working_Memory_Networks__Augmenting_Memory_Networks_with_a_Relational_Reasoning_Module.pdf
2026-04-14 06:37:32,143 [INFO]   [FAIL] Could not download: Igbo Clitics as Agreement Markers: A Study of Grammatical Number in En
2026-04-14 06:37:33,640 [INFO]   [FAIL] Could not download: The Case for Eight Igbo Tones
2026-04-14 06:37:37,920 [INFO]   [FAIL] Could not download: Plural strategies and devices in Igbo
2026-04-14 06:37:39,379 [INFO]   [FAIL] Could not download: Theme-goal Switch in Igbo
2026-04-14 06:37:40,836 [INFO]   [FAIL] Could not download: Language, personal names and the Igbo culture: A cosmological appraisa
2026-04-14 06:37:42,285 [INFO]   [FAIL] Could not download: Anatomy of Igbo Wh-Phrases
2026-04-14 06:37:43,200 [INFO]   [FAIL] Could not download: Language Endangerment: Issues of Igbo Proverbs
2026-04-14 06:37:44,627 [INFO]   [FAIL] Could not download: The Acquisition of Italian Stops by Igbo Speakers
2026-04-14 06:37:46,087 [INFO]   [FAIL] Could not download: Investigating the Effect of Chart on Second Language (L2) Igbo Learner
2026-04-14 06:37:47,561 [INFO]   [FAIL] Could not download: The Role of the Igbo Language Translators in Promoting Literacy, Moral
2026-04-14 06:37:49,029 [INFO]   [FAIL] Could not download: Relativization in Ikwuano Dialect of Igbo
2026-04-14 06:37:50,471 [INFO]   [FAIL] Could not download: The Protagonist’s Masculine Perceptions in Things Fall Apart as the Si
2026-04-14 06:37:51,924 [INFO]   [FAIL] Could not download: Quirks of subject (non-)extraction in Igbo
2026-04-14 06:37:53,388 [INFO]   [FAIL] Could not download: Politeness and Expressing Gratitude in English among Igbo Native Speak
2026-04-14 06:37:54,837 [INFO]   [FAIL] Could not download: Vowel Harmony Peculiarities in Ekwulobia Igbo
2026-04-14 06:37:56,324 [INFO]   [FAIL] Could not download: A Functionalist Approach to the Linguistic Classification of Onye in I
2026-04-14 06:37:58,938 [INFO]   [FAIL] Could not download: Structural patterns and strategies of codeswitching in Igbo-English bi
2026-04-14 06:38:00,442 [INFO]   [FAIL] Could not download: Collocative meaning in the Igbo language
2026-04-14 06:38:01,907 [INFO]   [FAIL] Could not download: Anaphors in Ikwuano Igbo: Binding Theory Approach
2026-04-14 06:38:02,836 [INFO]   [FAIL] Could not download: Optional Agreement Patterns in Igbo
2026-04-14 06:38:04,307 [INFO]   [FAIL] Could not download: A synoptic analysis of male chauvinism on women in The Concubine, Efur
2026-04-14 06:38:05,789 [INFO]   [FAIL] Could not download: An Exploration of Gender System in Igbo Language
2026-04-14 06:38:06,684 [INFO]   [FAIL] Could not download: Body-part terms in the grammar of Igbo
2026-04-14 06:38:08,180 [INFO]   [FAIL] Could not download: A Comparative Study of Negation in Igbo and Etulo
2026-04-14 06:38:09,614 [INFO]   [FAIL] Could not download: Serial Verbs Constructions as Double-headed Syntactic Structures: Evid
2026-04-14 06:38:11,094 [INFO]   [FAIL] Could not download: The Semiosis of Personal Names in Igbo and Itsekiri Cultures
2026-04-14 06:38:12,562 [INFO]   [FAIL] Could not download: Adulteration of the Igbo Language Through Multilingualism in South-Eas
2026-04-14 06:38:13,987 [INFO]   [FAIL] Could not download: Parametric Variations: A Study of Wh-Movement Parameter in Igbo and En
2026-04-14 06:38:18,380 [INFO]   [FAIL] Could not download: Translation of Selected Igbo Proverbs and Idiomatic Expressions: Impli
2026-04-14 06:38:19,813 [INFO]   [FAIL] Could not download: Myiri usoro okwu Igbo na bekee: ngosi sitere na mmafenye na ngwakọ asụ
2026-04-14 06:38:21,272 [INFO]   [FAIL] Could not download: Aspects of Onomastics in Ngwa Igbo: Preliminary Notes
2026-04-14 06:38:23,859 [INFO]   [FAIL] Could not download: Examining the impact of digital media technology in teaching Igbo to h
2026-04-14 06:38:24,799 [INFO]   [FAIL] Could not download: Odeshi And the Ontology of Self-Preservation in Igbo Epistemology
2026-04-14 06:38:25,701 [INFO]   [FAIL] Could not download: Igbo cosmology
2026-04-14 06:38:26,611 [INFO]   [FAIL] Could not download: A Quantitative Study of Phonological and Morphological Variants in the
2026-04-14 06:38:28,067 [INFO]   [FAIL] Could not download: A Functional Analysis of the Prime Suffixes in Igbo Morpho-Syntax
2026-04-14 06:38:28,977 [INFO]   [FAIL] Could not download: Igbo identity and personality : vis-à-vis : igbo cultural symbols /
2026-04-14 06:38:30,426 [INFO]   [FAIL] Could not download: Lexical Causatives in Igbo
2026-04-14 06:38:31,379 [INFO]   [FAIL] Could not download: From towncrier to radio: Exploring the growth of newscasting in Igbo l
2026-04-14 06:38:32,454 [INFO]   [FAIL] Could not download: Introducing Igbo women
2026-04-14 06:38:33,915 [INFO]   [FAIL] Could not download: A Contrastive Analysis of English and Igbo Segmental Features: Implica
2026-04-14 06:38:34,848 [INFO]   [FAIL] Could not download: Igbo-Ora virus
2026-04-14 06:38:36,341 [INFO]   [FAIL] Could not download: The Igbo idea of person
2026-04-14 06:38:37,793 [INFO]   [FAIL] Could not download: Odeshi, Divine Protection, And the Religious Imagination in Igbo Tradi
2026-04-14 06:38:39,236 [INFO]   [FAIL] Could not download: Forms and functions of diminutives in the Igbo language
2026-04-14 06:38:45,589 [INFO]   [OK-DIRECT] S2-OA: ISSUES AND CHALLENGES IN TRANSLATING LEGAL TEXT FR -> ISSUES_AND_CHALLENGES_IN_TRANSLATING_LEGAL_TEXT_FROM_ENGLISH_TO_THE_IGBO_LANGUAGE.pdf
2026-04-14 06:38:49,089 [INFO]   [FAIL] Could not download: The standardising of Igbo
2026-04-14 06:38:50,555 [INFO]   [FAIL] Could not download: Nwanyibuife Flora Nwapa, Igbo Culture and Womenâs Studies
2026-04-14 06:38:51,453 [INFO]   [FAIL] Could not download: The impact of audio-lingual and TPR methods in teaching Igbo to L2 lea
2026-04-14 06:38:52,889 [INFO]   [FAIL] Could not download: The aesthetic analysis of idiomatic expressions in Amaụzari Igbo: A so
2026-04-14 06:38:54,350 [INFO]   [FAIL] Could not download: Morphological Causative Constructions in Igbo
2026-04-14 06:38:55,243 [INFO]   [FAIL] Could not download: Analytical Causative Constructions in Igbo
2026-04-14 06:38:56,703 [INFO]   [FAIL] Could not download: Electronic Resources and Literacy Skill in Igbo
2026-04-14 06:38:58,131 [INFO]   [FAIL] Could not download: The metaphorical naming of selected dreaded diseases and medical condi
2026-04-14 06:38:59,597 [INFO]   [FAIL] Could not download: A Critical Review of Some Contentious Issues in the Phonetics and Phon
2026-04-14 06:39:00,524 [INFO]   [FAIL] Could not download: Chapter 3: African Traditional Religions and Igbo Objects of Worship
2026-04-14 06:39:02,002 [INFO]   [FAIL] Could not download: Igbo women: socio-political and religious status
2026-04-14 06:39:03,421 [INFO]   [FAIL] Could not download: Adiele Afigbo and the Development of Igbo and Nigerian Historical Stud
2026-04-14 06:39:04,850 [INFO]   [FAIL] Could not download: Chinua Achebe and the Development of Igbo/African Studies
2026-04-14 06:39:06,301 [INFO]   [FAIL] Could not download: A comparative semantic analysis of personal names in Igbo and Tiv
2026-04-14 06:39:07,754 [INFO]   [FAIL] Could not download: Igbo Diacritic Restoration using Embedding Models
2026-04-14 06:39:09,241 [INFO]   [FAIL] Could not download: Olaudah Equiano and the Foundation of Igbo Intellectual Tradition
2026-04-14 06:39:10,766 [INFO]   [FAIL] Could not download: A Sociolinguistic Analysis of Traditional Marriage Terms in Awgbu-Igbo
2026-04-14 06:39:12,217 [INFO]   [FAIL] Could not download: Igbo
2026-04-14 06:39:13,649 [INFO]   [FAIL] Could not download: ETHNICITY AND THE CONTEMPORARY IGBO ARTIST:
2026-04-14 06:39:15,092 [INFO]   [FAIL] Could not download: Commensality and culture: a semiotic reading of Igbo tribal life in Ch
2026-04-14 06:39:16,537 [INFO]   [FAIL] Could not download: An Epigraphy of Igbo Inscriptions on Tricycles in Aba
2026-04-14 06:39:18,011 [INFO]   [FAIL] Could not download: Conceptualizing óbì and ọkàn: a comparative analysis of heart metaphor
2026-04-14 06:39:18,895 [INFO]   [FAIL] Could not download: The Dictum, Igbo Enwe Eze (Igbo Has No King): Socio-Cultural Underpinn
2026-04-14 06:39:19,807 [INFO]   [FAIL] Could not download: Chapter Three: The Igbo Worldview at the Service of a Theology
2026-04-14 06:39:21,272 [INFO]   [FAIL] Could not download: INFLUENCE OF VOWEL ASSIMILATION AND ELISION IN THE SPELLING OF SOME IG
2026-04-14 06:39:22,714 [INFO]   [FAIL] Could not download: Litotic/Hyperbolic Paradigm in the Igbo Language: Preliminary Analysis
2026-04-14 06:39:24,197 [INFO]   [FAIL] Could not download: Igbo literary origins*
2026-04-14 06:39:25,660 [INFO]   [FAIL] Could not download: Chapter Five: Igbo World view
2026-04-14 06:39:27,119 [INFO]   [FAIL] Could not download: African American Phonology in a Philadelphia Community
2026-04-14 06:39:28,540 [INFO]   [FAIL] Could not download: Segmental Phonology of African American English
2026-04-14 06:39:30,025 [INFO]   [FAIL] Could not download: 1. Phonology and orthography
2026-04-14 06:39:31,473 [INFO]   [FAIL] Could not download: INTRODUCTION: Phonetics and Phonology in Bantu
2026-04-14 06:39:32,581 [INFO]   [FAIL] Could not download: Phonology in Teacher Education in Nigeria: The Igbo Language Example
2026-04-14 06:39:34,022 [INFO]   [FAIL] Could not download: Introduction to phonology in language teaching
2026-04-14 06:39:35,483 [INFO]   [FAIL] Could not download: Phonetics, phonology and orthography
2026-04-14 06:39:36,971 [INFO]   [FAIL] Could not download: Chemical phonology: Relating phonemes and elements of the chemistry pe
2026-04-14 06:39:38,456 [INFO]   [FAIL] Could not download: The Emergence of Phonology
2026-04-14 06:39:39,902 [INFO]   [FAIL] Could not download: Language Index
2026-04-14 06:39:42,446 [INFO]   [FAIL] Could not download: 2 The handshape phonology of Shanghai Sign Language
2026-04-14 06:39:43,363 [INFO]   [FAIL] Could not download: Feeling phonology: The conventionalization of phonology in protactile 
2026-04-14 06:39:44,287 [INFO]   [FAIL] Could not download: The Importance of Autosegmental Representations for Sign Language Phon
2026-04-14 06:39:45,771 [INFO]   [FAIL] Could not download: Phonology and orthography
2026-04-14 06:39:47,208 [INFO]   [FAIL] Could not download: Sign Language Phonological Processing
2026-04-14 06:39:48,689 [INFO]   [FAIL] Could not download: Sign Language Phonology
2026-04-14 06:39:50,140 [INFO]   [FAIL] Could not download: Sign Language Acquisition
2026-04-14 06:39:51,563 [INFO]   [FAIL] Could not download: Iconicity
2026-04-14 06:39:53,015 [INFO]   [FAIL] Could not download: Phonology
2026-04-14 06:39:54,430 [INFO]   [FAIL] Could not download: Language and subject index
2026-04-14 06:39:57,561 [INFO]   [FAIL] Could not download: Structural Factors in Second Language Phonology
2026-04-14 06:39:58,999 [INFO]   [FAIL] Could not download: Historical Phonology
2026-04-14 06:40:00,424 [INFO]   [FAIL] Could not download: Autosegmental Phonology
2026-04-14 06:40:01,872 [INFO]   [FAIL] Could not download: Phonology, Generative
2026-04-14 06:40:03,353 [INFO]   [FAIL] Could not download: Phonology, Overview
2026-04-14 06:40:04,831 [INFO]   [FAIL] Could not download: PHONOLOGY AND MORPHONOLOGY
2026-04-14 06:40:06,284 [INFO]   [FAIL] Could not download: Loanword Phonology
2026-04-14 06:40:07,730 [INFO]   [FAIL] Could not download: Phonology: Metrical
2026-04-14 06:40:09,192 [INFO]   [FAIL] Could not download: Issues in the Phonology-morphology Interface in African Languages
2026-04-14 06:40:10,648 [INFO]   [FAIL] Could not download: Handshape in Sign Language Phonology
2026-04-14 06:40:12,110 [INFO]   [FAIL] Could not download: Traditional Chinese Phonology
2026-04-14 06:40:13,640 [INFO]   [FAIL] Could not download: 3. Phonology
2026-04-14 06:40:15,097 [INFO]   [FAIL] Could not download: Phonology: Biblical Hebrew
2026-04-14 06:40:16,546 [INFO]   [FAIL] Could not download: Syntax-Phonology Interface
2026-04-14 06:40:17,451 [INFO]   [FAIL] Could not download: Phonology: Israeli Hebrew
2026-04-14 06:40:18,365 [INFO]   [FAIL] Could not download: Rorövovarorsospoproråkoketot: Language games and Swedish phonology
2026-04-14 06:40:19,269 [INFO]   [FAIL] Could not download: Middle Chinese Phonology
2026-04-14 06:40:20,755 [INFO]   [FAIL] Could not download: Phonology (Survey)
2026-04-14 06:40:21,664 [INFO]   [FAIL] Could not download: Sign Language Phonological Variation and Change
2026-04-14 06:40:24,657 [INFO]   [FAIL] Could not download: Modern Mandarin Phonology
2026-04-14 06:40:26,095 [INFO]   [FAIL] Could not download: eLife Assessment: Synaptic Theory of Chunking in Working Memory
2026-04-14 06:40:27,570 [INFO]   [FAIL] Could not download: Reviewer #1 (Public review): Synaptic Theory of Chunking in Working Me
2026-04-14 06:40:29,055 [INFO]   [FAIL] Could not download: Reviewer #3 (Public review): Synaptic Theory of Chunking in Working Me
2026-04-14 06:40:30,507 [INFO]   [FAIL] Could not download: Reviewer #2 (Public review): Synaptic Theory of Chunking in Working Me
2026-04-14 06:40:31,966 [INFO]   [FAIL] Could not download: Chunking by social relationship in working memory
2026-04-14 06:40:33,708 [INFO]   [FAIL] Could not download: Capacity Limits and the Measurement of Chunking
2026-04-14 06:40:35,520 [INFO]   [FAIL] Could not download: Precursors to Chunking Vanish as Working Memory Capacity Is Exceeded
2026-04-14 06:40:36,414 [INFO]   [FAIL] Could not download: Short-term memory tasks coupled with online chunking: A straight measu
2026-04-14 06:40:37,854 [INFO]   [FAIL] Could not download: Short-Term and Working Memory Capacity and the Language Device
2026-04-14 06:40:39,311 [INFO]   [FAIL] Could not download: Chunking in Working Memory Does Not Depend on Rehearsal
2026-04-14 06:40:40,739 [INFO]   [FAIL] Could not download: Similarity-driven chunking during encoding supports biased but more pr
2026-04-14 06:40:42,192 [INFO]   [FAIL] Could not download: Application of systems factorial technology and hierarchical Bayesian 
2026-04-14 06:40:43,665 [INFO]   [FAIL] Could not download: Chunking, attraction, repulsion and ensemble effects are ubiquitous in
2026-04-14 06:40:45,140 [INFO]   [FAIL] Could not download: eLife Assessment: Adaptive chunking improves effective working memory 
2026-04-14 06:40:46,618 [INFO]   [FAIL] Could not download: Reviewer #1 (Public review): Adaptive chunking improves effective work
2026-04-14 06:40:48,688 [INFO]   [FAIL] Could not download: Reviewer #2 (Public Review): Adaptive chunking improves effective work
2026-04-14 06:40:50,162 [INFO]   [FAIL] Could not download: Short-term and working memory capacity and the language device: Chunki
2026-04-14 06:40:51,098 [INFO]   [FAIL] Could not download: Adaptive chunking improves effective working memory capacity in a pref
2026-04-14 06:40:52,536 [INFO]   [FAIL] Could not download: Supplemental Material for How Does Chunking Help Working Memory?
2026-04-14 06:40:54,019 [INFO]   [FAIL] Could not download: Chunking in working memory via content-free labels
2026-04-14 06:40:55,486 [INFO]   [FAIL] Could not download: Short-term Working Memory and Chunking in SLA
2026-04-14 06:40:56,938 [INFO]   [FAIL] Could not download: Chunking as a rational strategy for lossy data compression in visual w
2026-04-14 06:40:58,413 [INFO]   [FAIL] Could not download: Chunking on the Fly in Working Memory and its Relationship to Intellig
2026-04-14 06:40:59,906 [INFO]   [FAIL] Could not download: From Seeing and Reaching to Hearing and Speaking
2026-04-14 06:41:01,387 [INFO]   [FAIL] Could not download: Precursors to Chunking Vanish when Working Memory Capacity is Exceeded
2026-04-14 06:41:02,303 [INFO]   [FAIL] Could not download: The Impact of Visual Working Memory Chunking on Visual Search
2026-04-14 06:41:03,762 [INFO]   [FAIL] Could not download: Chunking, boosting, or offloading? Using serial position to investigat
2026-04-14 06:41:05,185 [INFO]   [FAIL] Could not download: Author response: Adaptive chunking improves effective working memory c
2026-04-14 06:41:06,630 [INFO]   [FAIL] Could not download: Peer Review Report For: Rhythmic Structure, Working Memory Capacity, a
2026-04-14 06:41:08,111 [INFO]   [FAIL] Could not download: The development of concept and theoretical models of “chunking” in wor
2026-04-14 06:41:09,585 [INFO]   [FAIL] Could not download: Consciousness and the Prefrontal Parietal Network: Insights from Atten
2026-04-14 06:41:11,037 [INFO]   [FAIL] Could not download: Chunking improves symbolic sequence processing and relies on working m
2026-04-14 06:41:12,509 [INFO]   [FAIL] Could not download: Assessing individual differences in chunking strategy in visual workin
2026-04-14 06:41:16,801 [INFO]   [FAIL] Could not download: Chunking in Visual Working Memory changes the Guidance of Attention in
2026-04-14 06:41:18,257 [INFO]   [FAIL] Could not download: Promoting the experimental dialogue between working memory and chunkin
2026-04-14 06:41:19,697 [INFO]   [FAIL] Could not download: Peer Review Report For: Rhythmic Structure, Working Memory Capacity, a
2026-04-14 06:41:21,143 [INFO]   [FAIL] Could not download: Functional anatomy and impact of cognitive training on chunking within
2026-04-14 06:41:22,648 [INFO]   [FAIL] Could not download: How does chunking improve visual working memory?
2026-04-14 06:41:23,574 [INFO]   [FAIL] Could not download: Peer Review Report For: Rhythmic Structure, Working Memory Capacity, a
2026-04-14 06:41:25,031 [INFO]   [FAIL] Could not download: Peer Review Report For: Rhythmic Structure, Working Memory Capacity, a
2026-04-14 06:41:26,503 [INFO]   [FAIL] Could not download: Working memory for social information: Chunking or domain-specific buf
2026-04-14 06:41:32,304 [INFO]   [FAIL] Could not download: How does chunking help working memory?
2026-04-14 06:41:33,747 [INFO]   [FAIL] Could not download: Supplemental Material for Dual Routes of Chunking Social Interaction: 
2026-04-14 06:41:36,554 [INFO]   [FAIL] Could not download: Rhythmic Structure, Working Memory Capacity, and Chunking in the Perce
2026-04-14 06:41:37,467 [INFO]   [FAIL] Could not download: Preventing out-of-memory errors in dask through automated memory-aware
2026-04-14 06:41:38,401 [INFO]   [FAIL] Could not download: Chunking processing of spatial working memory in autism preschool chil
2026-04-14 06:41:39,834 [INFO]   [FAIL] Could not download: Remembering similar items results in better visual working memory perf
2026-04-14 06:41:40,787 [INFO]   [FAIL] Could not download: What You See Is What You Remember: Visual Chunking by Temporal Integra
2026-04-14 06:41:41,745 [INFO]   [FAIL] Could not download: Memory studies of chunking and decay of memory
2026-04-14 06:41:43,197 [INFO]   [FAIL] Could not download: Chunking
2026-04-14 06:41:44,650 [INFO]   [FAIL] Could not download: Chunking and redintegration in verbal short-term memory
2026-04-14 06:41:46,105 [INFO]   [FAIL] Could not download: From separate items to an integrated unit in visual working memory: Si
2026-04-14 06:41:48,707 [INFO]   [FAIL] Could not download: Discriminating Unfamiliar Long Rhythmic Cycles: Influence of Memory an
2026-04-14 06:41:50,130 [INFO]   [FAIL] Could not download: BEHIND THE MAGICAL NUMBERS: HIERARCHICAL CHUNKING AND THE HUMAN WORKIN
2026-04-14 06:41:51,581 [INFO]   [FAIL] Could not download: Chunking Facilitates Memory Judgments of Relative Order
2026-04-14 06:41:56,090 [INFO]   [FAIL] Could not download: What’s in a chunk? Chunking and data compression in verbal short-term 
2026-04-14 06:41:57,005 [INFO]   [FAIL] Could not download: Eye Movements of Spatial Working Memory Encoding in Children with and 
2026-04-14 06:41:58,508 [INFO]   [FAIL] Could not download: Diagnosing Working Memory
2026-04-14 06:41:59,408 [INFO]   [FAIL] Could not download: Chunking Memory Span of Categorizable Stimuli Varying in Number, Order
2026-04-14 06:42:00,940 [INFO]   [FAIL] Could not download: Supplemental Material for No Evidence for Chunking in Spatial Memory o
2026-04-14 06:42:02,418 [INFO]   [FAIL] Could not download: Cognitive Perspectives of Working Memory Training
2026-04-14 06:42:03,318 [INFO]   [FAIL] Could not download: Are working memory models WEIRD? Testing models of working memory in a
2026-04-14 06:42:04,258 [INFO]   [FAIL] Could not download: Cognitive Neuroscience of Visual Working Memory
2026-04-14 06:42:05,149 [INFO]   [FAIL] Could not download: Manifold Visual Working Memory
2026-04-14 06:42:06,093 [INFO]   [FAIL] Could not download: Working Memory that Mediates Experts’ Performance: Why it is Qualitati
2026-04-14 06:42:07,549 [INFO]   [FAIL] Could not download: Training Working Memory
2026-04-14 06:42:08,505 [INFO]   [FAIL] Could not download: Working memory reconstruction
2026-04-14 06:42:10,010 [INFO]   [FAIL] Could not download: Working memory loss
2026-04-14 06:42:11,478 [INFO]   [FAIL] Could not download: Introduction to Working Memory
2026-04-14 06:42:12,963 [INFO]   [FAIL] Could not download: Chunking mechanisms for a self improving associative memory model
2026-04-14 06:42:14,439 [INFO]   [FAIL] Could not download: Working Memory in Development
2026-04-14 06:42:16,794 [INFO]   [FAIL] Could not download: cognitive-capacity-limits-putamen-preSMA-processed-data
2026-04-14 06:42:18,233 [INFO]   [FAIL] Could not download: Cognitive Capacity Limits in Anxiety and Depression: Can they be incre
2026-04-14 06:42:19,146 [INFO]   [FAIL] Could not download: Capacity Limits Over Fading Environment with Imperfect Channel State I
2026-04-14 06:42:20,590 [INFO]   [FAIL] Could not download: Cognitive capacity limits are remediated by practice-induced plasticit
2026-04-14 06:42:22,067 [INFO]   [FAIL] Could not download: Capacity scaling limits of cognitive multiple access networks
2026-04-14 06:42:22,982 [INFO]   [FAIL] Could not download: Mechanisms of capacity limits: Serial bottleneck or graded resource?
2026-04-14 06:42:24,444 [INFO]   [FAIL] Could not download: Behavioral Capacity Limits
2026-04-14 06:42:25,899 [INFO]   [FAIL] Could not download: Fundamental effective capacity limits of cognitive radio in fading env
2026-04-14 06:42:27,337 [INFO]   [FAIL] Could not download: Capacity Limits of Multiuser Multiantenna Cognitive Networks
2026-04-14 06:42:28,812 [INFO]   [FAIL] Could not download: Capacity Limits for Unstructured Materials
2026-04-14 06:42:30,236 [INFO]   [FAIL] Could not download: Other Views of Capacity Limits
2026-04-14 06:42:31,703 [INFO]   [FAIL] Could not download: Modulation of early visual processing alleviates capacity limits in so
2026-04-14 06:42:33,912 [INFO]   [FAIL] Could not download: The Problem of Capacity Limits
2026-04-14 06:42:35,528 [INFO]   [FAIL] Could not download: Attentional Capacity Limits Gap Detection during Concurrent Sound Segr
2026-04-14 06:42:36,974 [INFO]   [FAIL] Could not download: Effects of mental fatigue on the capacity limits of visual attention
2026-04-14 06:42:38,483 [INFO]   [FAIL] Could not download: Load Capacity Limits of Flanged Pressure Vessel Nozzles
2026-04-14 06:42:39,935 [INFO]   [FAIL] Could not download: No Coincidence, George: Capacity Limits in Cognitive Processing Reflec
2026-04-14 06:42:41,559 [INFO]   [FAIL] Could not download: Capacity Limits for a Cognitive Radio Network under Fading Channel
2026-04-14 06:42:43,002 [INFO]   [FAIL] Could not download: NCoR1 limits angiogenic capacity by altering Notch signaling
2026-04-14 06:42:44,498 [INFO]   [FAIL] Could not download: Are the limits in processing and storage capacity common? Exploring th
2026-04-14 06:42:45,933 [INFO]   [FAIL] Could not download: Senior Ministers and the Limits of Their Influence to Resolve the Capa
2026-04-14 06:42:47,394 [INFO]   [FAIL] Could not download: The Limits of Cognitive Understanding
2026-04-14 06:42:49,961 [INFO]   [FAIL] Could not download: The Limits of Clustering in Energy Capacity Expansion Planning
2026-04-14 06:42:51,453 [INFO]   [FAIL] Could not download: The capacity limits of mental simulation
2026-04-14 06:42:52,334 [INFO]   [FAIL] Could not download: Limits of iconic capacity for spatial position
2026-04-14 06:42:54,983 [INFO]   [FAIL] Could not download: Overpopulation and Ecological Limits: Examining Biocapacity and Carryi
2026-04-14 06:42:56,430 [INFO]   [FAIL] Could not download: Capacity of cognitive radio networks
2026-04-14 06:42:57,856 [INFO]   [FAIL] Could not download: Hopfield Network Storage Capacity Revisited: From Statistical Limits t
2026-04-14 06:42:59,313 [INFO]   [FAIL] Could not download: Capacity to multitask limits cellular chemotaxis
2026-04-14 06:43:00,735 [INFO]   [FAIL] Could not download: Rethinking capacity limits in visual processing: Peripheral vision, at
2026-04-14 06:43:03,478 [INFO]   [FAIL] Could not download: How working memory capacity limits success in self-directed learning
2026-04-14 06:43:04,394 [INFO]   [FAIL] Could not download: Infant cognitive development : the influence of maternal sensitivity a
2026-04-14 06:43:05,872 [INFO]   [FAIL] Could not download: Brain reserve capacity, cognitive reserve capacity, and age-based func
2026-04-14 06:43:07,351 [INFO]   [FAIL] Could not download: Modelling future airport capacity enlargements and limits
2026-04-14 06:43:08,840 [INFO]   [FAIL] Could not download: Theoretical Reflections on Limits, Efficiency and Sustainability: Impl
2026-04-14 06:43:10,279 [INFO]   [FAIL] Could not download: Increasing Hosting Capacity of Low-Voltage Distribution Network Using 
2026-04-14 06:43:11,704 [INFO]   [FAIL] Could not download: The Limits and Futures of Cognitive Warfare
2026-04-14 06:43:17,002 [INFO]   [OK-DIRECT] S2-OA: Iterative Approach for Traffic Assignment with Cap -> Iterative_Approach_for_Traffic_Assignment_with_Capacity_Limits_using_Taylor_Series_Approximation.pdf
2026-04-14 06:43:21,254 [INFO]   [FAIL] Could not download: Perception Before Capacity: Education, Intelligence, and the Limits of
2026-04-14 06:43:25,542 [INFO]   [FAIL] Could not download: Review for "Does social intolerance vary according to cognitive styles
2026-04-14 06:43:26,971 [INFO]   [FAIL] Could not download: &lt;span&gt;The Perception Pyramid- Distinguishing Cognitive Limits fr
2026-04-14 06:43:28,419 [INFO]   [FAIL] Could not download: Complex Adaptive Systems Theory and Military Transformation
2026-04-14 06:43:29,311 [INFO]   [FAIL] Could not download: Modularity and Complex Adaptive Systems
2026-04-14 06:43:30,778 [INFO]   [FAIL] Could not download: Complex Adaptive Systems
2026-04-14 06:43:32,246 [INFO]   [FAIL] Could not download: Building Complex Adaptive Systems
2026-04-14 06:43:33,700 [INFO]   [FAIL] Could not download: Viruses as Complex Adaptive Systems
2026-04-14 06:43:35,205 [INFO]   [FAIL] Could not download: Complex Adaptive Systems Modeling: A multidisciplinary Roadmap
2026-04-14 06:43:37,493 [INFO]   [FAIL] Could not download: Strategic Management, Evolutionary Economics, and Complex Adaptive Sys
2026-04-14 06:43:38,947 [INFO]   [FAIL] Could not download: African security, complex adaptive systems and resilience
2026-04-14 06:43:40,380 [INFO]   [FAIL] Could not download: From Reductive to Robust
2026-04-14 06:43:42,038 [INFO]   [FAIL] Could not download: Two Meanings of Complex Adaptive Systems
2026-04-14 06:43:42,973 [INFO]   [FAIL] Could not download: Complex Adaptive Systems (CAS) Theory
2026-04-14 06:43:44,426 [INFO]   [FAIL] Could not download: Food Webs as Complex Adaptive Systems
2026-04-14 06:43:47,289 [INFO]   [FAIL] Could not download: Origins
2026-04-14 06:43:48,205 [INFO]   [FAIL] Could not download: An Overview of Complex Adaptive Systems
2026-04-14 06:43:49,675 [INFO]   [FAIL] Could not download: Landscapes
2026-04-14 06:43:51,121 [INFO]   [FAIL] Could not download: Epidemics
2026-04-14 06:43:52,569 [INFO]   [FAIL] Could not download: Method of Systems Potential as "Top-Bottom" Technique of the Complex A
2026-04-14 06:43:59,797 [INFO]   [OK-DIRECT] S2-OA: Complex Adaptive Systems Modeling -> Complex_Adaptive_Systems_Modeling.pdf
2026-04-14 06:44:01,699 [INFO]   Queued 0 new references from snowball (of 54 total refs)
2026-04-14 06:44:04,659 [INFO]   [FAIL] Could not download: Tropical forests as complex adaptive systems
2026-04-14 06:44:07,816 [INFO]   [FAIL] Could not download: The Fundamentals of Complex Adaptive Systems
2026-04-14 06:44:09,299 [INFO]   [FAIL] Could not download: CYBERNETICS AND Complex adaptive systems
2026-04-14 06:44:10,172 [INFO]   [FAIL] Could not download: Formal approach to model complex adaptive computing systems
2026-04-14 06:44:11,054 [INFO]   [FAIL] Could not download: From chaos to complex adaptive systems – innovation as a complex adapt
2026-04-14 06:44:12,516 [INFO]   [FAIL] Could not download: The Virosphere
2026-04-14 06:44:13,969 [INFO]   [FAIL] Could not download: Emergent Viruses
2026-04-14 06:44:15,423 [INFO]   [FAIL] Could not download: Managing tree plantations as complex adaptive systems
2026-04-14 06:44:16,847 [INFO]   [FAIL] Could not download: Can There Be a Unified Theory of Complex Adaptive Systems?
2026-04-14 06:44:18,294 [INFO]   [FAIL] Could not download: Leadership in Complex Adaptive Systems
2026-04-14 06:44:19,739 [INFO]   [FAIL] Could not download: Mediterranean forests: Human use and complex adaptive systems
2026-04-14 06:44:20,639 [INFO]   [FAIL] Could not download: Management of Tasmanian eucalypt forests as complex adaptive systems
2026-04-14 06:44:24,303 [INFO]   [FAIL] Could not download: Alive or Dead?
2026-04-14 06:44:25,784 [INFO]   [FAIL] Could not download: - Complex Adaptive Systems
2026-04-14 06:44:27,251 [INFO]   [FAIL] Could not download: Complex Adaptive Innovation Systems
2026-04-14 06:44:28,746 [INFO]   [FAIL] Could not download: Innovation in Complex Adaptive Systems
2026-04-14 06:44:30,215 [INFO]   [FAIL] Could not download: Transversality and transition in innovation and eco-innovation: Toward
2026-04-14 06:44:31,648 [INFO]   [FAIL] Could not download: Managing forests as complex adaptive systems: Introductory concepts an
2026-04-14 06:44:33,135 [INFO]   [FAIL] Could not download: Solving the Sensory Information Bottleneck to Central Processing in Ad
2026-04-14 06:44:34,586 [INFO]   [FAIL] Could not download: Complex Adaptive Operating System: Creating Methods for Complex Projec
2026-04-14 06:44:36,053 [INFO]   [FAIL] Could not download: Computer Viruses and Beyond
2026-04-14 06:44:36,968 [INFO]   [FAIL] Could not download: Mass media and media complex adaptive systems; towards a complex metho
2026-04-14 06:44:38,414 [INFO]   [FAIL] Could not download: Dissipation, Noise and Adaptive Systems
2026-04-14 06:44:39,878 [INFO]   [FAIL] Could not download: In Memoriam: John Henry Holland—a pioneer of complex adaptive systems 
2026-04-14 06:44:41,322 [INFO]   [FAIL] Could not download: Mental Processes and Brain Architecture: Confronting the Complex Adapt
2026-04-14 06:44:42,270 [INFO]   [FAIL] Could not download: Fennoscandian boreal forests as complex adaptive systems: Properties, 
2026-04-14 06:44:45,472 [INFO]   [FAIL] Could not download: Organizations and Complex Adaptive Systems
2026-04-14 06:44:46,912 [INFO]   [FAIL] Could not download: The Human Factor in Complex Adaptive Systems
2026-04-14 06:44:48,386 [INFO]   [FAIL] Could not download: Adaptive Neurodynamics
2026-04-14 06:44:49,819 [INFO]   [FAIL] Could not download: Steering Complex Adaptive Systems: Managing Weak Signals
2026-04-14 06:44:51,315 [INFO]   [FAIL] Could not download: Meta-networks of fungi, fauna and flora as agents of complex adaptive 
2026-04-14 06:44:52,761 [INFO]   [FAIL] Could not download: The Scientific Method Applied to Complex Adaptive Systems
2026-04-14 06:44:54,166 [INFO]   [FAIL] Could not download: Virus Dynamics and Arms Races
2026-04-14 06:44:55,617 [INFO]   [FAIL] Could not download: Formal modeling of a complex adaptive air traffic control system
2026-04-14 06:44:56,526 [INFO]   [FAIL] Could not download: Managing and engineering complex technological systems: a review
2026-04-14 06:44:57,960 [INFO]   [FAIL] Could not download: The Challenge of Uncertainty in Complex Adaptive Systems Research
2026-04-14 06:44:59,388 [INFO]   [FAIL] Could not download: Information Theory of Complex Systems
2026-04-14 06:45:00,820 [INFO]   [FAIL] Could not download: Front Matter
2026-04-14 06:45:02,262 [INFO]   [FAIL] Could not download: Constraint Architectures in Complex Adaptive Systems
2026-04-14 06:45:03,754 [INFO]   [FAIL] Could not download: Complex adaptive systems modeling with Repast Simphony
2026-04-14 06:45:05,167 [INFO]   [FAIL] Could not download: Table of Contents
2026-04-14 06:45:06,587 [INFO]   [FAIL] Could not download: Second-order control of complex systems with correlated synthetic data
2026-04-14 06:45:08,040 [INFO]   [FAIL] Could not download: Runtime Adaptive Hardware/Software Execution in Complex Heterogeneous 
2026-04-14 06:45:08,948 [INFO]   [FAIL] Could not download: Cellular Automata
2026-04-14 06:45:09,883 [INFO]   [FAIL] Could not download: Marine complex adaptive systems : theory, legislation and management p
2026-04-14 06:45:11,345 [INFO]   [FAIL] Could not download: Complex and Adaptive Dynamical Systems
2026-04-14 06:45:12,788 [INFO]   [FAIL] Could not download: PyCX: a Python-based simulation code repository for complex systems ed
2026-04-14 06:45:14,207 [INFO]   [FAIL] Could not download: Contributors
2026-04-14 06:45:15,662 [INFO]   [FAIL] Could not download: A three-phase decision making approach for self-adaptive systems using
2026-04-14 06:45:16,574 [INFO]   [FAIL] Could not download: Rethinking leadership in complex adaptive systems
2026-04-14 06:45:17,428 [INFO]   [FAIL] Could not download: Strategic Decision Making Through the Lens of Complex Adaptive Systems
2026-04-14 06:45:18,881 [INFO]   [FAIL] Could not download: PREFACE
2026-04-14 06:45:19,796 [INFO]   [FAIL] Could not download: Complex Systems and Complex Adaptive Systems
2026-04-14 06:45:21,230 [INFO]   [FAIL] Could not download: Theoretical Topology-Driven Genetic Algorithm Learning: A Differential
2026-04-14 06:45:22,079 [INFO]   [FAIL] Could not download: Dac: Descendant-Aware Clustering Algorithm for Network-Based Topic Eme
2026-04-14 06:45:22,965 [INFO]   [FAIL] Could not download: Cultural swarms. II. Virtual algorithm emergence
2026-04-14 06:45:24,408 [INFO]   [FAIL] Could not download: Emergence in Neurological Positivism and the Algorithm of Number in An
2026-04-14 06:45:25,882 [INFO]   [FAIL] Could not download: Algorithm for the Retrieval of Image with Emergence Index in Multimedi
2026-04-14 06:45:27,351 [INFO]   [FAIL] Could not download: Physical Maze Solvers. All Twelve Prototypes Implement 1961 Lee Algori
2026-04-14 06:45:28,822 [INFO]   [FAIL] Could not download: Towards a Non-quantum Implementation of Shor’s Factorization Algorithm
2026-04-14 06:45:30,279 [INFO]   [FAIL] Could not download: Modeling emergence of Wolbachia toxin-antidote protein functions with 
2026-04-14 06:45:31,180 [INFO]   [FAIL] Could not download: Observational emergence of a fuzzy controller evolved by genetic algor
2026-04-14 06:45:32,093 [INFO]   [FAIL] Could not download: The collision of pedagogy and algorithm: Emergence of a new gender gap
2026-04-14 06:45:33,538 [INFO]   [FAIL] Could not download: Emergence of AdS geometry in the simulated tempering algorithm
2026-04-14 06:45:35,005 [INFO]   [FAIL] Could not download: Analysis of SOMA Algorithm Using Complex Network
2026-04-14 06:45:36,460 [INFO]   [FAIL] Could not download: The Emergence of Emergence
2026-04-14 06:45:37,884 [INFO]   [FAIL] Could not download: Metaphysical emergence: next steps
2026-04-14 06:45:38,798 [INFO]   [FAIL] Could not download: The Human-Machine Evo-ecosystem; the emergence of a non-life species t
2026-04-14 06:45:39,669 [INFO]   [FAIL] Could not download: Improving the Success Probability for Shor’s Factorization Algorithm
2026-04-14 06:45:40,606 [INFO]   [FAIL] Could not download: Two schemas for metaphysical emergence
2026-04-14 06:45:41,498 [INFO]   [FAIL] Could not download: Maximum Likelihood Estimation and Integration Algorithm for Modeling C
2026-04-14 06:45:42,914 [INFO]   [FAIL] Could not download: The viability of Weak emergence
2026-04-14 06:45:44,552 [INFO]   [FAIL] Could not download: The viability of Strong emergence
2026-04-14 06:45:46,007 [INFO]   [FAIL] Could not download: Inadequate emergence after anesthesia for curative neoplastic surgery:
2026-04-14 06:45:46,916 [INFO]   [FAIL] Could not download: Gas emergence prediction based on a combination of improved dung beetl
2026-04-14 06:45:47,821 [INFO]   [FAIL] Could not download: And an Algorithm to Bind Them All? Social Credit, Data Driven Governan
2026-04-14 06:45:49,291 [INFO]   [FAIL] Could not download: Time of Emergence/Emergence of Time
2026-04-14 06:45:50,157 [INFO]   [FAIL] Could not download: A Parallel Algorithm for the Constrained Shortest Path Problem on Latt
2026-04-14 06:45:51,035 [INFO]   [FAIL] Could not download: Combining Local and Global Search: A Multi-objective Evolutionary Algo
2026-04-14 06:45:52,495 [INFO]   [FAIL] Could not download: Designing for Emergence
2026-04-14 06:45:53,402 [INFO]   [FAIL] Could not download: An Algorithm for the Emergence of Life Based on a Multi-Layered Symmet
2026-04-14 06:45:54,867 [INFO]   [FAIL] Could not download: Compression-Based Tokenization Improves Language Modeling of Hierarchi
2026-04-14 06:45:55,776 [INFO]   [FAIL] Could not download: Measuring Repetitive Sequences: A Lempel-Ziv Compression-based Approac
2026-04-14 06:45:57,207 [INFO]   [FAIL] Could not download: Multi-word Tokenization for Sequence Compression
2026-04-14 06:45:58,105 [INFO]   [FAIL] Could not download: Unpacking Tokenization: Evaluating Text Compression and its Correlatio
2026-04-14 06:45:59,555 [INFO]   [FAIL] Could not download: Tokenization Is More Than Compression
2026-04-14 06:46:00,432 [INFO]   [FAIL] Could not download: Table 2: Tokenization stage.
2026-04-14 06:46:01,871 [INFO]   [FAIL] Could not download: wordpiece: R Implementation of Wordpiece Tokenization
2026-04-14 06:46:03,294 [INFO]   [FAIL] Could not download: Tokenization Offload Architecture (TOA): Reframing Client-Side Tokeniz
2026-04-14 06:46:04,750 [INFO]   [FAIL] Could not download: tokenization, n.
2026-04-14 06:46:06,174 [INFO]   [FAIL] Could not download: Figure 5: Tokenization of the text.
2026-04-14 06:46:07,609 [INFO]   [FAIL] Could not download: Figure 8: Example of tokenization.
2026-04-14 06:46:09,167 [INFO]   [FAIL] Could not download: Figure 5: Tokenization of Urdu sentence.
2026-04-14 06:46:10,586 [INFO]   [FAIL] Could not download: Figure 7: Results comparison for tokenization.
2026-04-14 06:46:11,510 [INFO]   [FAIL] Could not download: Tokenization and Financial Market Inefficiencies
2026-04-14 06:46:12,940 [INFO]   [FAIL] Could not download: Figure 6: Cursive text tokenization process.
2026-04-14 06:46:14,344 [INFO]   [FAIL] Could not download: Decentralization Through Tokenization
2026-04-14 06:46:15,235 [INFO]   [FAIL] Could not download: Figure 4: Fine-grained tokenization of Urdu text.
2026-04-14 06:46:16,630 [INFO]   [FAIL] Could not download: Figure 8: Tokenization ablation study.
2026-04-14 06:46:18,059 [INFO]   [FAIL] Could not download: Tokenization of Real Estate: A Study on Land Tokenization in Turkey
2026-04-14 06:46:19,513 [INFO]   [FAIL] Could not download: Figure 7: Tokenization process of the BERT tokenizer.
2026-04-14 06:46:20,999 [INFO]   [FAIL] Could not download: Figure 1: Demonstration of tokenization by tokenizer SlovakBERT.
2026-04-14 06:46:22,435 [INFO]   [FAIL] Could not download: The Legal Ramifications of Digital Tokenization
2026-04-14 06:46:23,898 [INFO]   [FAIL] Could not download: Review for "Is Tokenization Needed for Masked Particle Modelling?"
2026-04-14 06:46:25,335 [INFO]   [FAIL] Could not download: Understanding of Decentralized Finance and Tokenization in FinTech
2026-04-14 06:46:26,264 [INFO]   [FAIL] Could not download: Table 3: The neural machine translation architectures and tokenization
2026-04-14 06:46:27,720 [INFO]   [FAIL] Could not download: Tokenization in Real Estate
2026-04-14 06:46:29,133 [INFO]   [FAIL] Could not download: Tokenization techniques for privacy-preserving healthcare data: tokeni
2026-04-14 06:46:30,072 [INFO]   [FAIL] Could not download: NLP - Tokenization and Subword Models
2026-04-14 06:46:30,967 [INFO]   [FAIL] Could not download: Future Trends
2026-04-14 06:46:32,431 [INFO]   [FAIL] Could not download: Tokenization: Unlocking Developing Countries Wealth
2026-04-14 06:46:33,832 [INFO]   [FAIL] Could not download: Tokenization in Theory and in Practice: Lessons Learned from Tokenizat
2026-04-14 06:46:35,281 [INFO]   [FAIL] Could not download: Contract Tokenization in the Renewable Energy Market
2026-04-14 06:46:36,734 [INFO]   [FAIL] Could not download: A Cryptographic Study of Tokenization Systems
2026-04-14 06:46:38,156 [INFO]   [FAIL] Could not download: Table 7: Evaluation of results for urdu text tokenization on datasets.
2026-04-14 06:46:39,604 [INFO]   [FAIL] Could not download: Table 2: Basic statistics of tokenization properties tested across thr
2026-04-14 06:46:41,053 [INFO]   [FAIL] Could not download: Formalizing BPE Tokenization
2026-04-14 06:46:42,464 [INFO]   [FAIL] Could not download: Decision letter for "Is Tokenization Needed for Masked Particle Modell
2026-04-14 06:46:43,931 [INFO]   [FAIL] Could not download: Kren-NE: A Multilingual Tokenization Framework for Northeast Indian La
2026-04-14 06:46:45,545 [INFO]   [FAIL] Could not download: Tokenization changes meaning in large language models
2026-04-14 06:46:46,984 [INFO]   [FAIL] Could not download: Tokenization for Molecular Foundation Models
2026-04-14 06:46:47,870 [INFO]   [FAIL] Could not download: From distress to DeFi: pioneering the tokenization of distressed bonds
2026-04-14 06:46:48,797 [INFO]   [FAIL] Could not download: Real Estate Tokenization: From Theory to Practice
2026-04-14 06:46:50,247 [INFO]   [FAIL] Could not download: Data augmentation for Thai natural language processing using different
2026-04-14 06:46:51,679 [INFO]   [FAIL] Could not download: Optimizing Tokenization Techniques for Agglutinative Languages in Neur
2026-04-14 06:46:52,569 [INFO]   [FAIL] Could not download: Atom-in-SMILES tokenization
2026-04-14 06:46:53,975 [INFO]   [FAIL] Could not download: Bank Tokenization Readiness and Market Valuation
2026-04-14 06:46:55,419 [INFO]   [FAIL] Could not download: Tokenization
2026-04-14 06:46:56,863 [INFO]   [FAIL] Could not download: Tokenization and Segmentation
2026-04-14 06:46:58,339 [INFO]   [FAIL] Could not download: Tokenization of Assets in the Contemporary Financial System
2026-04-14 06:46:59,259 [INFO]   [FAIL] Could not download: On Representational Alignment Across Tokenization Schemes in Pretraine
2026-04-14 06:47:00,706 [INFO]   [FAIL] Could not download: Tokenization changes meaning in large language models: Evidence from C
2026-04-14 06:47:01,577 [INFO]   [FAIL] Could not download: Dynamic Data Protection: Tokenization
2026-04-14 06:47:03,039 [INFO]   [FAIL] Could not download: Impact tokenization and innovative financial models for responsibile a
2026-04-14 06:47:04,463 [INFO]   [FAIL] Could not download: From Brussels to Blockchain: Transforming University Technology Transf
2026-04-14 06:47:05,932 [INFO]   [FAIL] Could not download: An Upcycling Tokenization Method for Credit Card Numbers
2026-04-14 06:47:07,401 [INFO]   [FAIL] Could not download: The Future of Asset Management: AI, Tokenization, and Annuity Innovati
2026-04-14 06:47:08,289 [INFO]   [FAIL] Could not download: miLLi: Model Integrating Local Linguistic Insights for Morphologically
2026-04-14 06:47:09,738 [INFO]   [FAIL] Could not download: Legal Nature, Security and Regulatory Mechanisms of Tokenization
2026-04-14 06:47:11,201 [INFO]   [FAIL] Could not download: Decentralizing Real Estate Markets: Evaluating REITs and Blockchain To
2026-04-14 06:47:12,656 [INFO]   [FAIL] Could not download: Current Landscape of the Real-World Asset (RWA) Tokenization Ecosystem
2026-04-14 06:47:14,100 [INFO]   [FAIL] Could not download: Tokenization and Development: Framework and Insights Deck
2026-04-14 06:47:15,661 [INFO]   [FAIL] Could not download: Tokenization Matters: Navigating Data-Scarce Tokenization for Gender I
2026-04-14 06:47:16,553 [INFO]   [FAIL] Could not download: An Investment Perspective on Tokenization—Part II: Policy and Regulato
2026-04-14 06:47:17,990 [INFO]   [FAIL] Could not download: Tokenization of Financial Assets
2026-04-14 06:47:19,456 [INFO]   [FAIL] Could not download: Decentralized Finance: US Federal Reserve Assets Tokenization
2026-04-14 06:47:20,377 [INFO]   [FAIL] Could not download: Need some inspiration for blockchain research? Try tokenization!
2026-04-14 06:47:21,820 [INFO]   [FAIL] Could not download: How Tokenization of Real-World Assets Will Facilitate Efficient Market
2026-04-14 06:47:23,254 [INFO]   [FAIL] Could not download: Tokenization and Enterprise Blockchain
2026-04-14 06:47:24,729 [INFO]   [FAIL] Could not download: RWA Tokenization: A Step Forward to Invest in Ukraine
2026-04-14 06:47:26,160 [INFO]   [FAIL] Could not download: Leveraging Dimensional Modeling for Optimized Healthcare Data Warehous
2026-04-14 06:47:27,618 [INFO]   [FAIL] Could not download: Tokenization and the lex mercatoria
2026-04-14 06:47:29,053 [INFO]   [FAIL] Could not download: Tokenization of regional assets
2026-04-14 06:47:30,503 [INFO]   [FAIL] Could not download: ENHANCED TOKENIZATION ALGORITHM FOR PERSONAL DATA PROTECTION
2026-04-14 06:47:31,917 [INFO]   [FAIL] Could not download: &lt;p&gt;Grammar-First Tokenization for Agglutinative Languages&lt;/p&
2026-04-14 06:47:33,326 [INFO]   [FAIL] Could not download: Table 1: Compound words identification during tokenization of sentence
2026-04-14 06:47:34,782 [INFO]   [FAIL] Could not download: Real Estate Tokenization: A New Form of Securitization?
2026-04-14 06:47:36,276 [INFO]   [FAIL] Could not download: SMILES Pair Encoding: A Data-Driven Substructure Tokenization Algorith
2026-04-14 06:47:37,715 [INFO]   [FAIL] Could not download: A Sharing Economy Architecture for Blockchain-Based Real Estate Tokeni
2026-04-14 06:47:39,194 [INFO]   [FAIL] Could not download: TokenFree: A Tokenization-Free Generative Linguistic Steganographic Ap
2026-04-14 06:47:40,646 [INFO]   [FAIL] Could not download: Who Owns the Gains from AI? Employee Ownership, Tokenization, and the 
2026-04-14 06:47:41,571 [INFO]   [FAIL] Could not download: Tokenization: A Potential Pathway for Bitcoin’s Future
2026-04-14 06:47:43,003 [INFO]   [FAIL] Could not download: Youth Climate Corps: Young Canadians need more action and less tokeniz
2026-04-14 06:47:44,496 [INFO]   [FAIL] Could not download: Chapter 2: Tokenization
2026-04-14 06:47:46,152 [INFO]   [FAIL] Could not download: Figure 1: Byte pair encoding.
2026-04-14 06:47:47,569 [INFO]   [FAIL] Could not download: tokenizers.bpe: Byte Pair Encoding Text Tokenization
2026-04-14 06:47:48,984 [INFO]   [FAIL] Could not download: Tokenization Efficiency in Code-Switched Text: Comparing SentencePiece
2026-04-14 06:47:50,438 [INFO]   [FAIL] Could not download: BBPE-AE: A Byte Pair Encoding-Based Auto Encoder for Password Guessing
2026-04-14 06:47:51,900 [INFO]   [FAIL] Could not download: Byte Pair Encoding is Suboptimal for Language Model Pretraining
2026-04-14 06:47:53,405 [INFO]   [FAIL] Could not download: A Statistical Extension of Byte-Pair Encoding
2026-04-14 06:47:54,872 [INFO]   [FAIL] Could not download: rtiktoken: A Byte-Pair-Encoding (BPE) Tokenizer for OpenAI's Large Lan
2026-04-14 06:47:56,292 [INFO]   [FAIL] Could not download: Optimizing Byte Pair Encoding Tokenization for South African Languages
2026-04-14 06:47:57,704 [INFO]   [FAIL] Could not download: Byte-Pair Encoding for classifying routine clinical electroencephalogr
2026-04-14 06:47:59,142 [INFO]   [FAIL] Could not download: Dictionary-based Byte-Pair Encoding tokenizer for morphologically rich
2026-04-14 06:48:00,565 [INFO]   [FAIL] Could not download: Figure 8: Comparative impact of word tokenization (WT) and byte pair e
2026-04-14 06:48:02,051 [INFO]   [FAIL] Could not download: Byte Pair Encoding Is All You Need For Automatic Bengali Speech Recogn
2026-04-14 06:48:03,499 [INFO]   [FAIL] Could not download: Segmentation Beyond Defaults: Asymmetrical Byte Pair Encoding for Opti
2026-04-14 06:48:04,948 [INFO]   [FAIL] Could not download: Byte Pair Encoding for Symbolic Music
2026-04-14 06:48:06,367 [INFO]   [FAIL] Could not download: IMPLEMENTASI ALGORITMA BYTE PAIR ENCODING UNTUK KOMPRESI FILE
2026-04-14 06:48:07,810 [INFO]   [FAIL] Could not download: Controlling byte pair encoding for neural machine translation
2026-04-14 06:48:09,227 [INFO]   [FAIL] Could not download: Transliteration and Byte Pair Encoding to Improve Tamil to Sinhala Neu
2026-04-14 06:48:10,641 [INFO]   [FAIL] Could not download: A Formal Perspective on Byte-Pair Encoding
2026-04-14 06:48:12,096 [INFO]   [FAIL] Could not download: Evolutionary Music Composition Using Tokenized Representation Based on
2026-04-14 06:48:13,547 [INFO]   [FAIL] Could not download: Feature Extraction for Payload Classification: A Byte Pair Encoding Al
2026-04-14 06:48:14,985 [INFO]   [FAIL] Could not download: sentencepiece: Text Tokenization using Byte Pair Encoding and Unigram 
2026-04-14 06:48:16,467 [INFO]   [FAIL] Could not download: Finding the Optimal Byte-Pair Encoding Merge Operations for Neural Mac
2026-04-14 06:48:17,335 [INFO]   [FAIL] Could not download: Pattern Discovery in Physiological Data with Byte Pair Encoding
2026-04-14 06:48:18,767 [INFO]   [FAIL] Could not download: Morpheme Embedding for Bahasa Indonesia Using Modified Byte Pair Encod
2026-04-14 06:48:20,206 [INFO]   [FAIL] Could not download: Bidirectional LSTMs with Byte Pair Encoding in NMT for CLIR using Engl
2026-04-14 06:48:21,134 [INFO]   [FAIL] Could not download: Length-aware Byte Pair Encoding for Mitigating Over-segmentation in Ko
2026-04-14 06:48:22,541 [INFO]   [FAIL] Could not download: Dialogue Act Classification in Reference Interview Using Convolutional
2026-04-14 06:48:23,959 [INFO]   [FAIL] Could not download: An effective feature representation of web log data by leveraging byte
2026-04-14 06:48:24,875 [INFO]   [FAIL] Could not download: When Molecular GAN Meets Byte-Pair Encoding
2026-04-14 06:48:26,331 [INFO]   [FAIL] Could not download: tok: Fast Text Tokenization
2026-04-14 06:48:27,783 [INFO]   [FAIL] Could not download: Seq2seq Fingerprint with Byte-Pair Encoding for Predicting Changes in 
2026-04-14 06:48:29,203 [INFO]   [FAIL] Could not download: Epistemology and Morality
2026-04-14 06:48:30,129 [INFO]   [FAIL] Could not download: Re-thinking Knowledge: Consciencism and Decolonial Epistemology
2026-04-14 06:48:31,005 [INFO]   [FAIL] Could not download: Decolonizing Western Epistemology / Building Decolonial Epistemologies
2026-04-14 06:48:32,448 [INFO]   [FAIL] Could not download: Construindo uma epistemologia feminista decolonial
2026-04-14 06:48:33,865 [INFO]   [FAIL] Could not download: Cuando el pobre crea en el pobre: Decolonial Epistemology in the Eccle
2026-04-14 06:48:34,811 [INFO]   [FAIL] Could not download: The Theory of Cogno-Normative Epistemology: Formulation II
2026-04-14 06:48:35,708 [INFO]   [FAIL] Could not download: For a decolonial social epistemology
2026-04-14 06:48:36,585 [INFO]   [FAIL] Could not download: Reframing Metanarratives on Africa and the Caribbean Through Decolonia
2026-04-14 06:48:38,009 [INFO]   [FAIL] Could not download: Syncretic Epistemology (from a Decolonial Perspective)
2026-04-14 06:48:39,433 [INFO]   [FAIL] Could not download: Epistemologia, emancipação e educação em perspectiva adorniana e decol
2026-04-14 06:48:40,864 [INFO]   [FAIL] Could not download: African Metaphysics, Epistemology and a New Logic
2026-04-14 06:48:41,791 [INFO]   [FAIL] Could not download: Responding to Cognitive Injustice: Towards a ‘Southern’ Decolonial Epi
2026-04-14 06:48:43,234 [INFO]   [FAIL] Could not download: Arabisation and Islamisation:
2026-04-14 06:48:44,649 [INFO]   [FAIL] Could not download: Conclusion
2026-04-14 06:48:46,319 [INFO]   [FAIL] Could not download: Rumo a uma epistemologia e história feminista decolonial para a Psicol
2026-04-14 06:48:47,226 [INFO]   [FAIL] Could not download: A Decolonial Critique of Feminist Epistemology Critique
2026-04-14 06:48:48,129 [INFO]   [FAIL] Could not download: Mapuche Hunger Acts: Epistemology of the Decolonial
2026-04-14 06:48:49,590 [INFO]   [FAIL] Could not download: Ibuanyidanda Ontology
2026-04-14 06:48:51,021 [INFO]   [FAIL] Could not download: Epistemologia da Educação Comparada com ênfase em reformas educacionai
2026-04-14 06:48:52,476 [INFO]   [FAIL] Could not download: Andalusia as an Alternative Epistemology in Shadows of the Pomegranate
2026-04-14 06:48:53,886 [INFO]   [FAIL] Could not download: Epistemology of comparative education emphasizing educational reforms:
2026-04-14 06:48:54,806 [INFO]   [FAIL] Could not download: Ụwa Ontology
2026-04-14 06:48:56,286 [INFO]   [FAIL] Could not download: 4 Arabisation and Islamisation: Towards a Decolonial Ontology and Epis
2026-04-14 06:48:57,731 [INFO]   [FAIL] Could not download: The binary as colonial epistemology: Toward decolonial nonbinary healt
2026-04-14 06:48:59,175 [INFO]   [FAIL] Could not download: The Ontology of Personhood
2026-04-14 06:49:00,594 [INFO]   [FAIL] Could not download: Metaphysical Themes in Consolation Philosophy
2026-04-14 06:49:02,036 [INFO]   [FAIL] Could not download: The Theory of Nmekọka Metaphysics
2026-04-14 06:49:03,530 [INFO]   [FAIL] Could not download: Epistemology and Domination: Problems with the Coloniality of Knowledg
2026-04-14 06:49:04,425 [INFO]   [FAIL] Could not download: A formação de professores do campo na perspectiva decolonial
2026-04-14 06:49:05,913 [INFO]   [FAIL] Could not download: Pesquisa em atividade física e saúde: a urgência de uma epistemologia 
2026-04-14 06:49:07,363 [INFO]   [FAIL] Could not download: Curating Some Epistemological Ideas in African Philosophy
2026-04-14 06:49:08,806 [INFO]   [FAIL] Could not download: Objetividade na encruzilhada: giro decolonial e epistemologia de Exu n
2026-04-14 06:49:10,233 [INFO]   [FAIL] Could not download: Entanglements of decolonial critiques: on positionality and epistemolo
2026-04-14 06:49:11,672 [INFO]   [FAIL] Could not download: Anunciação de uma epistemologia decolonial: Zambiapunga como um movime
2026-04-14 06:49:13,142 [INFO]   [FAIL] Could not download: Locating This Feminist Decolonial Project and Acting on Calls to Decol
2026-04-14 06:49:14,578 [INFO]   [FAIL] Could not download: Rethinking frame analysis ‘from the margins’: A decolonial-intersectio
2026-04-14 06:49:16,067 [INFO]   [FAIL] Could not download: Repurposing the University in Africa in the Context of the Tenacity of
2026-04-14 06:49:16,989 [INFO]   [FAIL] Could not download: Annunciation of a Decolonial Epistemology: Zambiapunga as a Cultural M
2026-04-14 06:49:18,448 [INFO]   [FAIL] Could not download: The Insertion of Islamic Psychology as a Decolonial Epistemological Pr
2026-04-14 06:49:19,913 [INFO]   [FAIL] Could not download: GMO in Brazil as Political-Discursive Struggle: Approximating Hegemony
2026-04-14 06:49:20,945 [INFO]   [FAIL] Could not download: Introduction: Decoloniality Through Conversational Thinking—Basic Prin
2026-04-14 06:49:22,358 [INFO]   [FAIL] Could not download: In Defense of a Peripheral Epistemology: Exploring “Decolonial Cogniti
2026-04-14 06:49:23,240 [INFO]   [FAIL] Could not download: <i>African Metaphysics, Epistemology and a New Logic: A Decolonial App
2026-04-14 06:49:24,657 [INFO]   [FAIL] Could not download: Contemplating the Lived Theology of the<i>Devadāsīs</i>as Decolonial E
2026-04-14 06:49:26,087 [INFO]   [FAIL] Could not download: Decolonial Scholars, Decolonial Futures
2026-04-14 06:49:27,573 [INFO]   [FAIL] Could not download: A Decolonial Feminist Epistemology of the Bed: A Compendium Incomplete
2026-04-14 06:49:28,469 [INFO]   [FAIL] Could not download: Bridging Hegemony and Decolonial Epistemology: The Consolidation of GM
2026-04-14 06:49:29,929 [INFO]   [FAIL] Could not download: On Decolonial Dangers, Decolonial Cracks, and Decolonial Pedagogies Ri
2026-04-14 06:49:31,382 [INFO]   [FAIL] Could not download: What Is Decolonial Love?
2026-04-14 06:49:32,267 [INFO]   [FAIL] Could not download: Chapter 4 A Chicana/o de-colonial praxis for the SHL classroom: Where 
2026-04-14 06:49:33,719 [INFO]   [FAIL] Could not download: Sharpening Decolonial Options in the Present Moment
2026-04-14 06:49:35,149 [INFO]   [FAIL] Could not download: REVISITANDO AS BASES FILOSÓFICAS DO PENSAMENTO FEMINISTA DECOLONIAL
2026-04-14 06:49:36,603 [INFO]   [FAIL] Could not download: Postcolonial/Decolonial
2026-04-14 06:49:38,046 [INFO]   [FAIL] Could not download: Decolonial linguistics as paradigm shift
2026-04-14 06:49:39,500 [INFO]   [FAIL] Could not download: CONCLUSIONES
2026-04-14 06:49:40,968 [INFO]   [FAIL] Could not download: James Baldwin’s Decolonial Love: Uncovering the Revelation of the Beat
2026-04-14 06:49:42,413 [INFO]   [FAIL] Could not download: Taking Sides:
2026-04-14 06:49:43,874 [INFO]   [FAIL] Could not download: 4 On Decolonial Dangers, Decolonial Cracks, and Decolonial Pedagogies 
2026-04-14 06:49:45,314 [INFO]   [FAIL] Could not download: Toward Decolonial Islamophobia Studies
2026-04-14 06:49:46,419 [INFO]   [FAIL] Could not download: Cosmopolitanism and the Decolonial Option
2026-04-14 06:49:47,313 [INFO]   [FAIL] Could not download: The Provocateur as Decolonial Praxis
2026-04-14 06:49:48,749 [INFO]   [FAIL] Could not download: Horizontes Decoloniales / Decolonial Horizons
2026-04-14 06:49:50,218 [INFO]   [FAIL] Could not download: Frantz Fanon’s Decolonial Love: A New Humanism in Historical Struggle
2026-04-14 06:49:51,129 [INFO]   [FAIL] Could not download: Introduction. What Is Decolonial Love?
2026-04-14 06:49:52,570 [INFO]   [FAIL] Could not download: Una «ontología de la actualidad» colonial/decolonial
2026-04-14 06:49:54,040 [INFO]   [FAIL] Could not download: Introduction
2026-04-14 06:49:55,498 [INFO]   [FAIL] Could not download: Introduction: Imaginaries-Work Through a Decolonial Lens
2026-04-14 06:49:56,915 [INFO]   [FAIL] Could not download: 15. The Search for Decolonial Love
2026-04-14 06:49:58,332 [INFO]   [FAIL] Could not download: The Decolonial Imaginaries-Work of Indigenous Futurisms
2026-04-14 06:49:59,762 [INFO]   [FAIL] Could not download: Decolonial Openings in Theologies of Liberation
2026-04-14 06:50:01,222 [INFO]   [FAIL] Could not download: Feminismo decolonial latino-americano: perspectivas feministas na cons
2026-04-14 06:50:02,705 [INFO]   [FAIL] Could not download: Incantation : Insurgent Texts as Decolonial Feminist Praxis
2026-04-14 06:50:04,165 [INFO]   [FAIL] Could not download: HACIA UNA INTERCULTURALIDAD DECOLONIAL
2026-04-14 06:50:05,602 [INFO]   [FAIL] Could not download: Decolonial Feminisms, Social Justice, and Anti-Imperialism
2026-04-14 06:50:07,053 [INFO]   [FAIL] Could not download: PENSAR UNA PEDAGOGÍA DECOLONIAL
2026-04-14 06:50:07,972 [INFO]   [FAIL] Could not download: INTRODUCTION:
2026-04-14 06:50:09,412 [INFO]   [FAIL] Could not download: Decolonial Voices in Education
2026-04-14 06:50:10,322 [INFO]   [FAIL] Could not download: Decolonial Reflections on Hemispheric Partitions
2026-04-14 06:50:11,782 [INFO]   [FAIL] Could not download: Enfleshing Love: A Decolonial Theological Reading of Beloved
2026-04-14 06:50:13,214 [INFO]   [FAIL] Could not download: Hana Lima/Decolonial Projects and Representations
2026-04-14 06:50:14,098 [INFO]   [FAIL] Could not download: CONFIGURAR UN PENSAMIENTO DECOLONIAL
2026-04-14 06:50:15,530 [INFO]   [FAIL] Could not download: Decolonial Aesthetics in Latin America
2026-04-14 06:50:16,981 [INFO]   [FAIL] Could not download: Chapter 3. Decolonial Openings in Theologies of Liberation
2026-04-14 06:50:17,853 [INFO]   [FAIL] Could not download: Decolonial Visuality and New Latin American Cinema
2026-04-14 06:50:19,525 [INFO]   [FAIL] Could not download: The missionary in the theatre of linguistics
2026-04-14 06:50:20,976 [INFO]   [FAIL] Could not download: Decolonial Theory of Life
2026-04-14 06:50:22,404 [INFO]   [FAIL] Could not download: Decolonial Theo-Logics
2026-04-14 06:50:23,820 [INFO]   [FAIL] Could not download: Indigenous knowledge systems
2026-04-14 06:50:25,251 [INFO]   [FAIL] Could not download: Integrating Indigenous Knowledge Systems in the Fourth Industrial Revo
2026-04-14 06:50:26,133 [INFO]   [FAIL] Could not download: Knowledge Systems: Indigenous Knowledge of Trees and Forests
2026-04-14 06:50:27,584 [INFO]   [FAIL] Could not download: African Indigenous Knowledge Systems and the Legacy of Africa
2026-04-14 06:50:29,003 [INFO]   [FAIL] Could not download: Knowledge Systems of Indigenous America
2026-04-14 06:50:30,464 [INFO]   [FAIL] Could not download: Indigenous Knowledge Systems and the Curriculum
2026-04-14 06:50:31,904 [INFO]   [FAIL] Could not download: Indigenous Knowledge Systems and Sustainable Development: The Search f
2026-04-14 06:50:33,339 [INFO]   [FAIL] Could not download: Intersections between Africa’s Indigenous Knowledge Systems and Histor
2026-04-14 06:50:34,763 [INFO]   [FAIL] Could not download: Informal Practices and Indigenous Knowledge Systems
2026-04-14 06:50:35,649 [INFO]   [FAIL] Could not download: Indigenous Knowledge Systems for Appropriate Technology Development
2026-04-14 06:50:37,104 [INFO]   [FAIL] Could not download: Indigenous Resilience and Indigenous Knowledge Systems in the context 
2026-04-14 06:50:38,564 [INFO]   [FAIL] Could not download: In the Transit of Indigenous Knowledge Systems Through Digital Transfo
2026-04-14 06:50:40,036 [INFO]   [FAIL] Could not download: Indigenous Knowledge (IK) and Agro-Eco-systems
2026-04-14 06:50:41,466 [INFO]   [FAIL] Could not download: Intellectual Property Rights Laws in the Protection and Re-Appropriati
2026-04-14 06:50:42,890 [INFO]   [FAIL] Could not download: The Importance of Integrating Indigenous Knowledge Systems in South Af
2026-04-14 06:50:44,320 [INFO]   [FAIL] Could not download: Nature as a Means of Preserving Siswati Indigenous Knowledge Systems
2026-04-14 06:50:45,735 [INFO]   [FAIL] Could not download: Nila.Ngany – Possessing/Belonging to Knowledge: Indigenous Knowledge S
2026-04-14 06:50:47,392 [INFO]   [FAIL] Could not download: Documentaries as Reservoirs of Indigenous Knowledge Systems for Ndau P
2026-04-14 06:50:48,837 [INFO]   [FAIL] Could not download: Towards Documenting Indigenous Knowledge Systems Through South African
2026-04-14 06:50:50,274 [INFO]   [FAIL] Could not download: Understanding Igede Indigenous Knowledge Systems and the Future of Ige
2026-04-14 06:50:51,707 [INFO]   [FAIL] Could not download: The Importance of Acknowledging Indigenous Knowledge Systems Among Lan
2026-04-14 06:50:53,146 [INFO]   [FAIL] Could not download: Scientific and Indigenous Knowledge for Socio-ecological Systems: A 20
2026-04-14 06:50:54,593 [INFO]   [FAIL] Could not download: Revisiting Indigenous Epistemology
2026-04-14 06:50:55,472 [INFO]   [FAIL] Could not download: Pimatisiwin Indigenous Knowledge Systems, North and South
2026-04-14 06:50:56,373 [INFO]   [FAIL] Could not download: Indigenous Knowledge and Sustainable Development
2026-04-14 06:50:57,812 [INFO]   [FAIL] Could not download: Weyl gauge theory
2026-04-14 06:50:59,279 [INFO]   [FAIL] Could not download: Poincar� gauge theory
2026-04-14 06:51:00,721 [INFO]   [FAIL] Could not download: De Sitter gauge theory
2026-04-14 06:51:02,168 [INFO]   [FAIL] Could not download: Real time lattice gauge theory actions
2026-04-14 06:51:03,637 [INFO]   [FAIL] Could not download: The Renaissance of Weyl’s Idea:
2026-04-14 06:51:05,048 [INFO]   [FAIL] Could not download: Nonabelian Gauge Theory
2026-04-14 06:51:06,501 [INFO]   [FAIL] Could not download: Gauge theory
2026-04-14 06:51:07,429 [INFO]   [FAIL] Could not download: Electromagnetism as a gauge theory
2026-04-14 06:51:08,832 [INFO]   [FAIL] Could not download: Lattice gauge theory — a progress report
2026-04-14 06:51:10,267 [INFO]   [FAIL] Could not download: The gauge theory of deffects
2026-04-14 06:51:11,164 [INFO]   [FAIL] Could not download: New general relativity - Translation gauge theory -
2026-04-14 06:51:12,047 [INFO]   [FAIL] Could not download: Gauge fields and gauge theory
2026-04-14 06:51:13,502 [INFO]   [FAIL] Could not download: Introduction: Fundamentals of Classical Gauge Field Theory
2026-04-14 06:51:14,951 [INFO]   [FAIL] Could not download: Gauge Transformations in Classical Electromagnetism
2026-04-14 06:51:16,363 [INFO]   [FAIL] Could not download: Sign(al-to-noise) Problems in Lattice Gauge Theory
2026-04-14 06:51:17,816 [INFO]   [FAIL] Could not download: Noncommutative gauge theories
2026-04-14 06:51:19,260 [INFO]   [FAIL] Could not download: Index
2026-04-14 06:51:20,698 [INFO]   [FAIL] Could not download: The Noncommutative Yang–Mills SU(N)-Gauge Theory
2026-04-14 06:51:22,128 [INFO]   [FAIL] Could not download: The superstring
2026-04-14 06:51:23,571 [INFO]   [FAIL] Could not download: Superstring interactions
2026-04-14 06:51:25,016 [INFO]   [FAIL] Could not download: FREE MAXWELL THEORY. ABELIAN TWO-FORM GAUGE FIELD
2026-04-14 06:51:26,451 [INFO]   [FAIL] Could not download: The Glashow?Salam?Weinberg gauge theory of electroweak interactions
2026-04-14 06:51:27,844 [INFO]   [FAIL] Could not download: Observables in gauge theories
2026-04-14 06:51:29,281 [INFO]   [FAIL] Could not download: Pure supergravity
2026-04-14 06:51:30,694 [INFO]   [FAIL] Could not download: Galilean gauge theory from Poincare gauge theory
2026-04-14 06:51:32,113 [INFO]   [FAIL] Could not download: Closed-string integrals
2026-04-14 06:51:32,986 [INFO]   [FAIL] Could not download: Lattice Gauge Theory Hamiltonian
2026-04-14 06:51:34,427 [INFO]   [FAIL] Could not download: Gauge fields on a lattice
2026-04-14 06:51:35,864 [INFO]   [FAIL] Could not download: The bosonic string
2026-04-14 06:51:37,285 [INFO]   [FAIL] Could not download: Coherent state methods
2026-04-14 06:51:38,809 [INFO]   [FAIL] Could not download: Prelims and Preface
2026-04-14 06:51:40,290 [INFO]   [FAIL] Could not download: Gauge Field Theories
2026-04-14 06:51:41,751 [INFO]   [FAIL] Could not download: Phase diagram of the electroweak gauge-higgs theory using a gauge-inva
2026-04-14 06:51:42,698 [INFO]   [FAIL] Could not download: Nonabelian Gauge Theories
2026-04-14 06:51:44,186 [INFO]   [FAIL] Could not download: Generalizations of Einstein’s Theory
2026-04-14 06:51:45,114 [INFO]   [FAIL] Could not download: The heterotic string
2026-04-14 06:51:46,730 [INFO]   [FAIL] Could not download: Background field method of gauge theory and the renormalization proble
2026-04-14 06:51:48,206 [INFO]   [FAIL] Could not download: Lattice Gauge theory before lattice Gauge theory
2026-04-14 06:51:49,952 [INFO]   [FAIL] Could not download: Compactness in gauge theory
2026-04-14 06:51:51,396 [INFO]   [FAIL] Could not download: String theory
2026-04-14 06:51:52,853 [INFO]   [FAIL] Could not download: The Commutative Weyl U(1)-Gauge Theory and the Electromagnetic Field
2026-04-14 06:51:54,371 [INFO]   [FAIL] Could not download: Lattice gauge theory
2026-04-14 06:51:55,856 [INFO]   [FAIL] Could not download: Recent developments in the theory of large N gauge fields
2026-04-14 06:51:57,323 [INFO]   [FAIL] Could not download: Lagrangians for chiral superfields
2026-04-14 06:51:58,814 [INFO]   [FAIL] Could not download: Classical Gauge Field Theory
2026-04-14 06:52:00,364 [INFO]   [FAIL] Could not download: Nonabelian gauge theory (24, 58)
2026-04-14 06:52:01,888 [INFO]   [FAIL] Could not download: Lagrangians for vector superfields
2026-04-14 06:52:03,360 [INFO]   [FAIL] Could not download: Weyl spinor fierz identities
2026-04-14 06:52:04,832 [INFO]   [FAIL] Could not download: Supersymmetry algebra and multiplets
2026-04-14 06:52:06,377 [INFO]   [FAIL] Could not download: Gauge theory techniques
2026-04-14 06:52:07,914 [INFO]   [FAIL] Could not download: Supergravity grand unified theories
2026-04-14 06:52:09,434 [INFO]   [FAIL] Could not download: General gauge theory
2026-04-14 06:52:10,883 [INFO]   [FAIL] Could not download: Correction: Lattice Gauge theory before lattice Gauge theory
2026-04-14 06:52:12,379 [INFO]   [FAIL] Could not download: Hopf-Like Fibrations on Calabi-Yau Manifolds
2026-04-14 06:52:13,811 [INFO]   [FAIL] Could not download: Split-Hopf fibrations
2026-04-14 06:52:15,261 [INFO]   [FAIL] Could not download: Hopf-like Fibrations on Exotic Spheres&amp;nbsp;and their Geometric St
2026-04-14 06:52:16,170 [INFO]   [FAIL] Could not download: Homotopy Groups of Spheres, Hopf Fibrations and Villarceau Circles II
2026-04-14 06:52:17,610 [INFO]   [FAIL] Could not download: On the geometry of Variational Quantum Algorithms: Hopf fibrations, en
2026-04-14 06:52:18,486 [INFO]   [FAIL] Could not download: Lipschitz minimality of Hopf fibrations and Hopf vector fields
2026-04-14 06:52:19,905 [INFO]   [FAIL] Could not download: Toeplitz Algebras in Quantum Hopf Fibrations
2026-04-14 06:52:21,331 [INFO]   [FAIL] Could not download: Hopf fibrations and frustrated matter
2026-04-14 06:52:22,768 [INFO]   [FAIL] Could not download: Cohomogeneity one Ricci solitons from Hopf fibrations
2026-04-14 06:52:24,165 [INFO]   [FAIL] Could not download: Appendice B Fibrations de Hopf et de Seifert
2026-04-14 06:52:25,033 [INFO]   [FAIL] Could not download: Hopf fibrations and totally geodesic submanifolds
2026-04-14 06:52:26,453 [INFO]   [FAIL] Could not download: Linking pairing and Hopf fibrations on $S^{3}$
2026-04-14 06:52:27,347 [INFO]   [FAIL] Could not download: Symmetries, Hopf fibrations and supercritical elliptic problems
2026-04-14 06:52:28,798 [INFO]   [FAIL] Could not download: ON THE RELATIONSHIPS BETWEEN HOPF FIBRATIONS AND CARTAN HYPERSURFACES 
2026-04-14 06:52:30,238 [INFO]   [FAIL] Could not download: Densities of generalized stochastic areas and windings arising from An
2026-04-14 06:52:31,665 [INFO]   [FAIL] Could not download: FUNDAMENTAL RELATIONSHIP BETWEEN CARTAN IMBEDDINGS OF TYPE A AND HOPF 
2026-04-14 06:52:32,573 [INFO]   [FAIL] Could not download: HOMOTOPY GROUP OF SPHERES, HOPF FIBRATIONS AND VIL-LARCEAU CIRCLES
2026-04-14 06:52:34,021 [INFO]   [FAIL] Could not download: Ancient solutions of Ricci flow on spheres and generalized Hopf fibrat
2026-04-14 06:52:35,462 [INFO]   [FAIL] Could not download: Discrete Hopf Fibrations in the Signal Space of Four-Dimensional Modul
2026-04-14 06:52:36,897 [INFO]   [FAIL] Could not download: Hopf Fibrations and Hurwitz-Radon Numbers
2026-04-14 06:52:38,315 [INFO]   [FAIL] Could not download: On Discrete Hopf Fibrations, Grand Unification Groups, the Barnes-Wall
2026-04-14 06:52:39,180 [INFO]   [FAIL] Could not download: On the Relationship between Classical and Deformed Hopf Fibrations
2026-04-14 06:52:40,604 [INFO]   [FAIL] Could not download: Stochastic areas, winding numbers and Hopf fibrations
2026-04-14 06:52:42,029 [INFO]   [FAIL] Could not download: HopfE
2026-04-14 06:52:42,934 [INFO]   [FAIL] Could not download: Lagrangian fibrations
2026-04-14 06:52:44,389 [INFO]   [FAIL] Could not download: 2 Algebraic surfaces with fibrations
2026-04-14 06:52:45,810 [INFO]   [FAIL] Could not download: A note on sub-Riemannian structures associated with complex Hopf fibra
2026-04-14 06:52:46,721 [INFO]   [FAIL] Could not download: Symplectic fibrations
2026-04-14 06:52:48,115 [INFO]   [FAIL] Could not download: 3 Fibrations in higher dimension
2026-04-14 06:52:49,549 [INFO]   [FAIL] Could not download: Lefschetz Fibrations and real Lefschetz fibrations
2026-04-14 06:52:50,958 [INFO]   [FAIL] Could not download: Fibrations of AU-contexts beget fibrations of toposes
2026-04-14 06:52:52,381 [INFO]   [FAIL] Could not download: Lefschetz fibrations
2026-04-14 06:52:53,351 [INFO]   [FAIL] Could not download: Digital h-Fibrations and Some New Results on Digital Fibrations
2026-04-14 06:52:54,245 [INFO]   [FAIL] Could not download: Singular Milnor Fibrations
2026-04-14 06:52:55,652 [INFO]   [FAIL] Could not download: Latent Fibrations:  Fibrations for Categories of Partial Maps
2026-04-14 06:52:57,082 [INFO]   [FAIL] Could not download: Mould Squares and Effective Fibrations
2026-04-14 06:52:58,486 [INFO]   [FAIL] Could not download: Hopf polyads, Hopf categories and Hopf group monoidsviewed as Hopf mon
2026-04-14 06:52:59,922 [INFO]   [FAIL] Could not download: Grothendieck fibrations and homotopical algebra
2026-04-14 06:53:00,829 [INFO]   [FAIL] Could not download: Holomorphically symplectic varieties with Prym Lagrangian fibrations
2026-04-14 06:53:02,283 [INFO]   [FAIL] Could not download: Variétés de dimension quatre admettant des fibrations
2026-04-14 06:53:03,748 [INFO]   [FAIL] Could not download: References
2026-04-14 06:53:05,155 [INFO]   [FAIL] Could not download: 1 Preliminaries
2026-04-14 06:53:06,587 [INFO]   [FAIL] Could not download: On Sun-Zhang's theory of Fano fibrations: weighted volumes, moduli and
2026-04-14 06:53:07,995 [INFO]   [FAIL] Could not download: The two-loop MHV momentum amplituhedron from fibrations of fibrations
2026-04-14 06:53:09,422 [INFO]   [FAIL] Could not download: Del Pezzo Fibrations
2026-04-14 06:53:10,884 [INFO]   [FAIL] Could not download: Constraints on Basic Classes of Lefschetz Fibrations
2026-04-14 06:53:12,337 [INFO]   [FAIL] Could not download: Conical Fibrations
2026-04-14 06:53:13,820 [INFO]   [FAIL] Could not download: Plant communication
2026-04-14 06:53:15,233 [INFO]   [FAIL] Could not download: Role of plant volatile organic compounds (VOCS) in seed priming and pl
2026-04-14 06:53:16,657 [INFO]   [FAIL] Could not download: Cross-species communication promotes plant growth via beneficial soil 
2026-04-14 06:53:18,064 [INFO]   [FAIL] Could not download: Multifunctionality of plant VOCs in agroecological systems: perspectiv
2026-04-14 06:53:19,478 [INFO]   [FAIL] Could not download: Adsorbent-SERS Technique for Determination of Plant VOCs from Live Cot
2026-04-14 06:53:20,888 [INFO]   [FAIL] Could not download: Exploiting Plant Volatile Organic Compounds (VOCs) in Agriculture to I
2026-04-14 06:53:22,332 [INFO]   [FAIL] Could not download: The choice between flowers of closely related plant species by general
2026-04-14 06:53:23,251 [INFO]   [FAIL] Could not download: Application of Plant Volatile Organic Compounds (VOCs) in Agriculture
2026-04-14 06:53:24,694 [INFO]   [FAIL] Could not download: A Stacking-Based VOCs Emission Prediction Model
2026-04-14 06:53:26,130 [INFO]   [FAIL] Could not download: Water deficit before veraison is crucial in regulating berry VOCs conc
2026-04-14 06:53:27,530 [INFO]   [FAIL] Could not download: Grape VOCs Response to Postharvest Short-Term Ozone Treatments
2026-04-14 06:53:28,947 [INFO]   [FAIL] Could not download: Minimum information guidelines for VOCs analysis using GC-MS
2026-04-14 06:53:30,366 [INFO]   [FAIL] Could not download: Plant leaves as indoor air passive samplers for volatile organic compo
2026-04-14 06:53:31,282 [INFO]   [FAIL] Could not download: Odor and VOCs Removal in Wastewater Treatment Plant by a Two-stage Bio
2026-04-14 06:53:32,725 [INFO]   [FAIL] Could not download: QTL validation and stability for volatile organic compounds (VOCs) in 
2026-04-14 06:53:34,192 [INFO]   [FAIL] Could not download: Odor and VOCs treatment from wastewater treatment plant using a full-s
2026-04-14 06:53:35,647 [INFO]   [FAIL] Could not download: Plant Communication and Reproduction
2026-04-14 06:53:36,536 [INFO]   [FAIL] Could not download: Plant Behavior and Communication
2026-04-14 06:53:37,974 [INFO]   [FAIL] Could not download: Microbes and Plant Communication
2026-04-14 06:53:39,397 [INFO]   [FAIL] Could not download: Volatile organic compounds (VOCs) drive nutrient foraging in the clona
2026-04-14 06:53:40,829 [INFO]   [FAIL] Could not download: Cues and Signals in Plant Communication
2026-04-14 06:53:42,217 [INFO]   [FAIL] Could not download: Plant Sensing and Communication as Adaptations
2026-04-14 06:53:43,653 [INFO]   [FAIL] Could not download: Magnaporthe oryzae cell wall hydrolysate induces ROS and fungistatic V
2026-04-14 06:53:45,116 [INFO]   [FAIL] Could not download: New discovery about plant defense: plant-plant communication
2026-04-14 06:53:46,577 [INFO]   [FAIL] Could not download: VOCs transport with VOCs-adsorbing particles under VOCs emission from 
2026-04-14 06:53:48,010 [INFO]   [FAIL] Could not download: Communication and the evolution of plant–animal interactions
2026-04-14 06:53:49,459 [INFO]   [FAIL] Could not download: Sesquiterpene volatile organic compounds (VOCs) are markers of elicita
2026-04-14 06:53:50,336 [INFO]   [FAIL] Could not download: Plant Sensing and Communication in Agriculture and Medicine
2026-04-14 06:53:51,235 [INFO]   [FAIL] Could not download: A Review on Volatile Organic Compounds (VOCs) as Environmental Polluta
2026-04-14 06:53:52,167 [INFO]   [FAIL] Could not download: Uptake and Conversion of Volatile Compounds in Plant–Plant Communicati
2026-04-14 06:53:53,620 [INFO]   [FAIL] Could not download: The role of root exudates, CMNs, and VOCs in plant–plant interaction
2026-04-14 06:53:55,243 [INFO]   [FAIL] Could not download: Litter VOCs induce changes in soil microbial biomass C and N and large
2026-04-14 06:53:56,669 [INFO]   [FAIL] Could not download: VOCs Are Relevant Biomarkers of Elicitor-Induced Defences in Grapevine
2026-04-14 06:53:57,580 [INFO]   [FAIL] Could not download: Extraction and Identification of Aziridine Derivatives in VOCs from Pl
2026-04-14 06:53:58,476 [INFO]   [FAIL] Could not download: Microbe-plant synergistic interactions: Mechanism of VOCs promotion on
2026-04-14 06:53:59,951 [INFO]   [FAIL] Could not download: Building Bridges: Mycelium Mediated Plant-Plant Electrophysiological C
2026-04-14 06:54:01,387 [INFO]   [FAIL] Could not download: Evolution &amp; diversification of plant-plant communication: An inter
2026-04-14 06:54:02,801 [INFO]   [FAIL] Could not download: Chemical Characterization of Volatile Organic Compounds (VOCs) Through
2026-04-14 06:54:04,248 [INFO]   [FAIL] Could not download: Comprehensive Analysis of Volatile Organic Compounds (VOCs) and Partic
2026-04-14 06:54:05,658 [INFO]   [FAIL] Could not download: Point of Care Diagnosis of Liver Fibrosis by Detecting the Responsible
2026-04-14 06:54:07,073 [INFO]   [FAIL] Could not download: A Non-targeted Metabolomics Approach Unravels the VOCs Associated with
2026-04-14 06:54:08,494 [INFO]   [FAIL] Could not download: Soil uptake of VOCs exceeds production when ambient VOCs are readily a
2026-04-14 06:54:09,940 [INFO]   [FAIL] Could not download: VOCs in Ambient Air and Community Odour Assessment before and after th
2026-04-14 06:54:11,383 [INFO]   [FAIL] Could not download: Study of Plant-to-Plant Communication in Response to Proximity Shade
2026-04-14 06:54:12,830 [INFO]   [FAIL] Could not download: Removal mechanisms of volatile organic compounds (VOCs) from effluent 
2026-04-14 06:54:13,738 [INFO]   [FAIL] Could not download: Conclusion
2026-04-14 06:54:15,160 [INFO]   [FAIL] Could not download: Exhaled Breath VOCs v1
2026-04-14 06:54:16,588 [INFO]   [FAIL] Could not download: Plant-mycorrhiza communication and mycorrhizae in inter-plant communic
2026-04-14 06:54:18,008 [INFO]   [FAIL] Could not download: Simultaneous chemical and sensory characterization of VOCs and semi-VO
2026-04-14 06:54:19,436 [INFO]   [FAIL] Could not download: VOCs
2026-04-14 06:54:20,896 [INFO]   [FAIL] Could not download: World-Makers
2026-04-14 06:54:22,288 [INFO]   [FAIL] Could not download: Plant Sensory Capabilities
2026-04-14 06:54:23,713 [INFO]   [FAIL] Could not download: Methyl jasmonate is transported to distal leaves via vascular process 
2026-04-14 06:54:25,139 [INFO]   [FAIL] Could not download: Deciphering Chemical Language of Plant Communication: Synthesis and Fu
2026-04-14 06:54:26,560 [INFO]   [FAIL] Could not download: Analysis of a Typical Ozone Pollution Process and Its Precursor VOCs E
2026-04-14 06:54:27,485 [INFO]   [FAIL] Could not download: Floral communication and pollination
2026-04-14 06:54:28,910 [INFO]   [FAIL] Could not download: Indoor air
2026-04-14 06:54:29,809 [INFO]   [FAIL] Could not download: Croatian Native Grapevine Varieties’ VOCs Responses upon Plasmopara vi
2026-04-14 06:54:31,230 [INFO]   [FAIL] Could not download: Plant Learning and Memory
2026-04-14 06:54:32,113 [INFO]   [FAIL] Could not download: Aerogel-supported catalysts for VOCs complete oxidation
2026-04-14 06:54:33,549 [INFO]   [FAIL] Could not download: Development of a Volatile organic Compounds(VoCs) Liquefier on Integra
2026-04-14 06:54:34,994 [INFO]   [FAIL] Could not download: Plant Responses to Herbivory
2026-04-14 06:54:36,431 [INFO]   [FAIL] Could not download: Volatile Organic Compounds (Vocs) and Plant Secondary Compounds (Pscs)
2026-04-14 06:54:37,322 [INFO]   [FAIL] Could not download: P1OS.11 - Study on Absorption of VOCs into PDMS Film using Heterodyne 
2026-04-14 06:54:38,828 [INFO]   [FAIL] Could not download: Figure 1: Nationwide VOCs trends (Dec 2021–Feb 2024).
2026-04-14 06:54:40,256 [INFO]   [FAIL] Could not download: Nematicidal effect of volatile organic compounds (VOCs) on the plant-p
2026-04-14 06:54:41,717 [INFO]   [FAIL] Could not download: Belowground communication: impacts of volatile organic compounds (VOCs
2026-04-14 06:54:43,116 [INFO]   [FAIL] Could not download: Plant Electrophysiology: Early Stages of the Plant Response to Chemica
2026-04-14 06:54:44,538 [INFO]   [FAIL] Could not download: A Torus Datacenter Network Based on OPS/OCS/VOCS Enabled by Smart Flow
2026-04-14 06:54:45,968 [INFO]   [FAIL] Could not download: From plant resistance response to the discovery of antimicrobial compo
2026-04-14 06:54:47,368 [INFO]   [FAIL] Could not download: Event-Triggered in Situ Boolean Logic Calculation of Aldehyde VOCs for
2026-04-14 06:54:48,816 [INFO]   [FAIL] Could not download: Plant behaviour: A mathematical approach for understanding intra-plant
2026-04-14 06:54:50,268 [INFO]   [FAIL] Could not download: Headspace Solid-Phase Microextraction and Gas Chromatography-Mass Spec
2026-04-14 06:54:51,163 [INFO]   [FAIL] Could not download: Fibre-optic communication subsystem test procedures
2026-04-14 06:54:52,558 [INFO]   [FAIL] Could not download: Visual communication in fleshy fruits
2026-04-14 06:54:53,465 [INFO]   [FAIL] Could not download: Plant crypsis, aposematism, and mimicry
2026-04-14 06:54:55,021 [INFO]   [FAIL] Could not download: Microbial Amendment for Malodor Control and VOCs Remediation
2026-04-14 06:54:55,949 [INFO]   [FAIL] Could not download: Figure 5: Characterization of significantly differential VOCs in the s
2026-04-14 06:54:57,395 [INFO]   [FAIL] Could not download: Supplemental Information 7: Box plots of the number of VOCs.
2026-04-14 06:54:58,824 [INFO]   [FAIL] Could not download: Chemical characterization of volatile organic compounds (VOCs) of [Lan
2026-04-14 06:55:00,229 [INFO]   [FAIL] Could not download: Paints and varnishes � Determination of volatile organic compounds (VO
2026-04-14 06:55:01,107 [INFO]   [FAIL] Could not download: Volatile Organic Compounds as Mediators of Immunological Signaling
2026-04-14 06:55:02,518 [INFO]   [FAIL] Could not download: Analytical Platforms for Volatile Organic Compounds Characterization
2026-04-14 06:55:03,930 [INFO]   [FAIL] Could not download: Volatile organic compounds
2026-04-14 06:55:05,367 [INFO]   [FAIL] Could not download: Plant-produced volatile organic compounds
2026-04-14 06:55:06,276 [INFO]   [FAIL] Could not download: Volatile Organic Compounds and Very Volatile Organic Compounds
2026-04-14 06:55:07,707 [INFO]   [FAIL] Could not download: Synthesis and function of biogenic volatile organic compounds
2026-04-14 06:55:08,607 [INFO]   [FAIL] Could not download: Biogenic volatile organic compounds, clouds, and climate
2026-04-14 06:55:10,024 [INFO]   [FAIL] Could not download: Guide for Selecting Volatile Organic Compounds (VOCs) and Semi-Volatil
2026-04-14 06:55:10,913 [INFO]   [FAIL] Could not download: Standard Guide for Selecting Volatile Organic Compounds (VOCs) and Sem
2026-04-14 06:55:12,402 [INFO]   [FAIL] Could not download: Volatile Organic Compounds in Environment
2026-04-14 06:55:13,844 [INFO]   [FAIL] Could not download: Evaluation of face masks as personal air samplers for assessing exposu
2026-04-14 06:55:14,724 [INFO]   [FAIL] Could not download: HOT ODOR TEST FOR INSULATION MATERIALS
2026-04-14 06:55:16,219 [INFO]   [FAIL] Could not download: Catalytic remediation of the volatile organic compounds
2026-04-14 06:55:17,111 [INFO]   [FAIL] Could not download: Chemistry of Volatile Organic Compounds in the Atmosphere
2026-04-14 06:55:18,656 [INFO]   [FAIL] Could not download: Catalytic Removal of Volatile Organic Compounds
2026-04-14 06:55:20,077 [INFO]   [FAIL] Could not download: Progress in Volatile Organic Compounds Research
2026-04-14 06:55:21,490 [INFO]   [FAIL] Could not download: Urinary Volatile Organic Compounds in the Diagnosis of Colorectal Canc
2026-04-14 06:55:22,952 [INFO]   [FAIL] Could not download: Environmental catalysts for remediation of volatile organic compounds
2026-04-14 06:55:24,392 [INFO]   [FAIL] Could not download: Stable carbon isotope ratios of ambient volatile organic compounds
2026-04-14 06:55:25,822 [INFO]   [FAIL] Could not download: The AdS/CFT correspondence: motivation, definition, and spectra
2026-04-14 06:55:27,244 [INFO]   [FAIL] Could not download: Solitonic objects in AdS/CFT
2026-04-14 06:55:28,142 [INFO]   [FAIL] Could not download: AdS/CFT correspondence
2026-04-14 06:55:29,573 [INFO]   [FAIL] Could not download: The AdS/CFT correspondence
2026-04-14 06:55:31,020 [INFO]   [FAIL] Could not download: From Gravity to Thermal Gauge Theories: The AdS/CFT Correspondence
2026-04-14 06:55:31,942 [INFO]   [FAIL] Could not download: The ppwave correspondence
2026-04-14 06:55:33,456 [INFO]   [FAIL] Could not download: Dynamics using the AdS/CFT formalism
2026-04-14 06:55:34,908 [INFO]   [FAIL] Could not download: dS/CFT and AdS/CFT (d + 1) → d Exact Boundary Framework Allowing a Ful
2026-04-14 06:55:36,338 [INFO]   [FAIL] Could not download: Preface
2026-04-14 06:55:37,749 [INFO]   [FAIL] Could not download: References
2026-04-14 06:55:39,204 [INFO]   [FAIL] Could not download: Introduction
2026-04-14 06:55:40,634 [INFO]   [FAIL] Could not download: Phenomenological gauge–gravity duality I: AdS/QCD
2026-04-14 06:55:42,080 [INFO]   [FAIL] Could not download: Phenomenological gauge–gravity duality II: AdS/CMT
2026-04-14 06:55:42,979 [INFO]   [FAIL] Could not download: Holographic renormalization
2026-04-14 06:55:44,382 [INFO]   [FAIL] Could not download: D-branes
2026-04-14 06:55:45,255 [INFO]   [FAIL] Could not download: Introduction to the AdS/CFT Correspondence
2026-04-14 06:55:46,671 [INFO]   [FAIL] Could not download: Spin chains
2026-04-14 06:55:48,071 [INFO]   [FAIL] Could not download: Other conformal cases
2026-04-14 06:55:48,969 [INFO]   [FAIL] Could not download: Basics of supergravity
2026-04-14 06:55:50,415 [INFO]   [FAIL] Could not download: Gravity duals
2026-04-14 06:55:51,812 [INFO]   [FAIL] Could not download: Basics of supersymmetry
2026-04-14 06:55:52,721 [INFO]   [FAIL] Could not download: Integrability in the AdS/CFT Correspondence
2026-04-14 06:55:54,147 [INFO]   [FAIL] Could not download: AdS/CFT Correspondence in Condensed Matter
2026-04-14 06:55:55,799 [INFO]   [FAIL] Could not download: Kaluza–Klein dimensional reduction
2026-04-14 06:55:57,206 [INFO]   [FAIL] Could not download: The AdS–CFT Correspondence
2026-04-14 06:55:58,638 [INFO]   [FAIL] Could not download: Improved Holographic QCD
2026-04-14 06:55:59,529 [INFO]   [FAIL] Could not download: A study of string theory and the AdS/CFT correspondence
2026-04-14 06:56:00,981 [INFO]   [FAIL] Could not download: String theory actions and spectra
2026-04-14 06:56:02,421 [INFO]   [FAIL] Could not download: Similarities Between the AdS/CFT Correspondence and the Binding Proble
2026-04-14 06:56:03,314 [INFO]   [FAIL] Could not download: Elements of conformal field theory
2026-04-14 06:56:04,748 [INFO]   [FAIL] Could not download: Black holes and p-branes
2026-04-14 06:56:06,154 [INFO]   [FAIL] Could not download: Condensed Matter and AdS/CFT
2026-04-14 06:56:07,574 [INFO]   [FAIL] Could not download: Quarks and the Wilson loop
2026-04-14 06:56:09,045 [INFO]   [FAIL] Could not download: AdS/CFT on the Brane
2026-04-14 06:56:10,479 [INFO]   [FAIL] Could not download: Fractal AdS Solution Existence Proof and  Global Properties:  Fraction
2026-04-14 06:56:11,934 [INFO]   [FAIL] Could not download: RG flow between fixed points
2026-04-14 06:56:13,353 [INFO]   [FAIL] Could not download: Scattering processes and gravitational shockwave limit
2026-04-14 06:56:14,792 [INFO]   [FAIL] Could not download: Topological conformal surface integral and topological AdS/CFT corresp
2026-04-14 06:56:16,209 [INFO]   [FAIL] Could not download: Tests of the AdS/CFT correspondence
2026-04-14 06:56:17,654 [INFO]   [FAIL] Could not download: Gluon scattering: the Alday–Maldacena prescription
2026-04-14 06:56:19,099 [INFO]   [FAIL] Could not download: Wilson loops beyond the planar limit in the ADS/CFT correspondence.
2026-04-14 06:56:19,985 [INFO]   [FAIL] Could not download: Holographic entanglement entropy: the Ryu–Takayanagi prescription
2026-04-14 06:56:20,951 [INFO]   [FAIL] Could not download: Higher Spin AdS/CFT Correspondence and Quantum Gravity Aspects of AdS/
2026-04-14 06:56:21,836 [INFO]   [FAIL] Could not download: Further examples of the AdS/CFT correspondence
2026-04-14 06:56:23,262 [INFO]   [FAIL] Could not download: The AdS/CFT Correspondence: Definition and Motivation
2026-04-14 06:56:24,674 [INFO]   [FAIL] Could not download: Witten prescription and 3-point correlator calculations
2026-04-14 06:56:26,078 [INFO]   [FAIL] Could not download: Holography in Lorentzian signature: Poincaré and global coordinates
2026-04-14 06:56:27,501 [INFO]   [FAIL] Could not download: Basics of general relativity; Anti-de Sitter space
2026-04-14 06:56:28,395 [INFO]   [FAIL] Could not download: Finite temperature and <i>N</i> = 4 SYMplasmas
2026-04-14 06:56:29,832 [INFO]   [FAIL] Could not download: Elements of quantum field theory and gauge theory
2026-04-14 06:56:30,746 [INFO]   [FAIL] Could not download: The 3-dimensional ABJM model vs. <i>AdS</i><sub>4</sub> × ℂℙ<sup>3</su
2026-04-14 06:56:32,167 [INFO]   [FAIL] Could not download: The Dynamics of Quark-Gluon Plasma and AdS/CFT
2026-04-14 06:56:33,074 [INFO]   [FAIL] Could not download: Peeking behind the horizon: a study of black holes in the AdS/CFT corr
2026-04-14 06:56:33,957 [INFO]   [FAIL] Could not download: Conclusions
2026-04-14 06:56:35,381 [INFO]   [FAIL] Could not download: Dynamics
2026-04-14 06:56:36,790 [INFO]   [FAIL] Could not download: The AdS/CFT correspondence as computational device: the dictionary
2026-04-14 06:56:37,698 [INFO]   [FAIL] Could not download: Gravitation
2026-04-14 06:56:38,592 [INFO]   [FAIL] Could not download: Quantum scalar theories in the AdS/CFT correspondence
2026-04-14 06:56:39,521 [INFO]   [FAIL] Could not download: Bosons and fermions
2026-04-14 06:56:40,961 [INFO]   [FAIL] Could not download: Quantum phase transitions
2026-04-14 06:56:42,400 [INFO]   [FAIL] Could not download: Topics in the AdS/CFT Correspondence: Precision tests with Wilson loop
2026-04-14 06:56:43,815 [INFO]   [FAIL] Could not download: AdS/dS CFT Correspondence and Three Applications
2026-04-14 06:56:44,678 [INFO]   [FAIL] Could not download: <i>Introduction to the AdS/CFT Correspondence</i>
2026-04-14 06:56:46,090 [INFO]   [FAIL] Could not download: The relationship between Tomita–Takesaki Theory and the AdS/CFT corres
2026-04-14 06:56:47,580 [INFO]   [FAIL] Could not download: Application of AdS/CFT Correspondence to Studies on Non-Equilibrium St
2026-04-14 06:56:48,484 [INFO]   [FAIL] Could not download: Pressure and Compressibility of Conformal Field Theories from the AdS/
2026-04-14 06:56:49,914 [INFO]   [FAIL] Could not download: INTEGRABILITY AND THE AdS/CFT CORRESPONDENCE
2026-04-14 06:56:51,376 [INFO]   [FAIL] Could not download: Applications of the AdS/CFT correspondence
2026-04-14 06:56:52,278 [INFO]   [FAIL] Could not download: Encoding structure in holographic reduced representations
2026-04-14 06:56:53,706 [INFO]   [FAIL] Could not download: Boundary structures and holographic fluids in gravity
2026-04-14 06:56:54,587 [INFO]   [FAIL] Could not download: Nonvolatile, Full-Color, Grayscale Tunable Narrowband Filters and Holo
2026-04-14 06:56:56,153 [INFO]   [FAIL] Could not download: Binary-to-ternary sparsity encoding for holographic data storage
2026-04-14 06:56:57,616 [INFO]   [FAIL] Could not download: Holographic Remnants: Information Encoding at Stellar Horizons and Pos
2026-04-14 06:56:59,041 [INFO]   [FAIL] Could not download: Holographic 3D Spatial Localization for Bioassay Based on Depth-Label 
2026-04-14 06:56:59,936 [INFO]   [FAIL] Could not download: ENCODING PATH IN MOTION EVENTS: BOUNDARY-CROSSING AS A RELEVANT TYPOLO
2026-04-14 06:57:01,384 [INFO]   [FAIL] Could not download: Review of Random Phase Encoding in Volume Holographic Storage
2026-04-14 06:57:02,817 [INFO]   [FAIL] Could not download: Entropic Causal Holography: Information-Theoretic Past Hypothesis via 
2026-04-14 06:57:04,253 [INFO]   [FAIL] Could not download: Combining Holographic Optical Tweezers with Upconversion Luminescence 
2026-04-14 06:57:05,642 [INFO]   [FAIL] Could not download: Concurrent Codes: A Holographic-Type Encoding Robust against Noise and
2026-04-14 06:57:07,082 [INFO]   [FAIL] Could not download: A holographic interferometry study of an axisymmetric shock-wave/bound
2026-04-14 06:57:08,519 [INFO]   [FAIL] Could not download: Digital Holographic Encryption with Multiple-key Encoding using Micro 
2026-04-14 06:57:09,427 [INFO]   [FAIL] Could not download: Soft-Encoding Scheme of 3/4 Tone-Controllable Code for Channel Iterati
2026-04-14 06:57:10,311 [INFO]   [FAIL] Could not download: Inverse Boundary Element Techniques for the Holographic Identification
2026-04-14 06:57:11,722 [INFO]   [FAIL] Could not download: A Two-Stage Encoding Scheme for Holographic Data Transmission
2026-04-14 06:57:13,164 [INFO]   [FAIL] Could not download: Influence of TFT-LCD Pixels Structure on Holographic Encoding
2026-04-14 06:57:14,595 [INFO]   [FAIL] Could not download: Exact Dirichlet Boundary Multi-Resolution Hash Encoding Solver for Str
2026-04-14 06:57:16,037 [INFO]   [FAIL] Could not download: Holographic Dual of a Boundary Conformal Field Theory
2026-04-14 06:57:17,472 [INFO]   [FAIL] Could not download: Off-axis complex hologram encoding method for holographic display with
2026-04-14 06:57:18,907 [INFO]   [FAIL] Could not download: Novel modulation techniques for collinear holographic data encoding
2026-04-14 06:57:20,334 [INFO]   [FAIL] Could not download: Boundary holographic Witten diagrams
2026-04-14 06:57:21,794 [INFO]   [FAIL] Could not download: Holographic boundary actions in AdS3/CFT2 revisited
2026-04-14 06:57:23,221 [INFO]   [FAIL] Could not download: Multi-modal, Multi-Fractal Boundary Encoding in Object-Based Image Com
2026-04-14 06:57:24,648 [INFO]   [FAIL] Could not download: Boundary Tracing and Encoding in Color Images
2026-04-14 06:57:26,072 [INFO]   [FAIL] Could not download: Absolute phase modulation with holographic encoding
2026-04-14 06:57:26,960 [INFO]   [FAIL] Could not download: Holographic no-boundary measure
2026-04-14 06:57:28,410 [INFO]   [FAIL] Could not download: Direct Effective-Pixel Extraction and Rendering for Encoding of Hologr
2026-04-14 06:57:29,842 [INFO]   [FAIL] Could not download: Holographic BCFT with Dirichlet boundary condition
2026-04-14 06:57:30,727 [INFO]   [FAIL] Could not download: Exact Lorentz Invariance from Holographic Projection Explicit RT Verif
2026-04-14 06:57:32,163 [INFO]   [FAIL] Could not download: Encoding terahertz holographic bits with a computer-generated 3D-print
2026-04-14 06:57:33,588 [INFO]   [FAIL] Could not download: Optical image encoding based on digital holographic recording on polar
2026-04-14 06:57:35,018 [INFO]   [FAIL] Could not download: Minimum Description Length Principle
2026-04-14 06:57:36,425 [INFO]   [FAIL] Could not download: Minimum noiseless description length (MNDL) thresholding
2026-04-14 06:57:37,865 [INFO]   [FAIL] Could not download: Morphological complexity and the minimum description length approach
2026-04-14 06:57:39,314 [INFO]   [FAIL] Could not download: Minimum description length based 2D shape description
2026-04-14 06:57:40,769 [INFO]   [FAIL] Could not download: Increasing generalizability via the principle of minimum description l
2026-04-14 06:57:41,652 [INFO]   [FAIL] Could not download: Learning with the Minimum Description Length Principle
2026-04-14 06:57:43,093 [INFO]   [FAIL] Could not download: Statistical Physics and the Fundamentals of Minimum Description Length
2026-04-14 06:57:44,533 [INFO]   [FAIL] Could not download: Minimum description length and psychological clustering models
2026-04-14 06:57:45,981 [INFO]   [FAIL] Could not download: Minimum Description Length Clustering to Measure Meaningful Image Comp
2026-04-14 06:57:46,880 [INFO]   [FAIL] Could not download: Mining tractable sets of graph patterns with the minimum description l
2026-04-14 06:57:48,368 [INFO]   [FAIL] Could not download: Parameter Estimation
2026-04-14 06:57:49,802 [INFO]   [FAIL] Could not download: Sequential Prediction
2026-04-14 06:57:51,226 [INFO]   [FAIL] Could not download: Model Selection
2026-04-14 06:57:52,645 [INFO]   [FAIL] Could not download: Mathematical Preliminaries
2026-04-14 06:57:53,531 [INFO]   [FAIL] Could not download: MDL Change Detection
2026-04-14 06:57:54,964 [INFO]   [FAIL] Could not download: Continuous Model Selection
2026-04-14 06:57:56,407 [INFO]   [FAIL] Could not download: Minimum description length prediction of next symbol
2026-04-14 06:57:57,458 [INFO]   [FAIL] Could not download: Minimum Description Length Adaptive Bayesian Mining
2026-04-14 06:57:58,335 [INFO]   [FAIL] Could not download: Information and Coding
2026-04-14 06:57:59,760 [INFO]   [FAIL] Could not download: Low-Rank Data Modeling via the Minimum Description Length Principle
2026-04-14 06:58:00,607 [INFO]   [FAIL] Could not download: Extension of Stochastic Complexity
2026-04-14 06:58:01,508 [INFO]   [FAIL] Could not download: Latent Variable Model Selection
2026-04-14 06:58:02,952 [INFO]   [FAIL] Could not download: A new minimum description length
2026-04-14 06:58:03,844 [INFO]   [FAIL] Could not download: A Robust Clustering Framework Combining Minimum Description Length and
2026-04-14 06:58:04,730 [INFO]   [FAIL] Could not download: Spectrum Sensing Algorithm Based on Minimum Description Length Criteri
2026-04-14 06:58:06,196 [INFO]   [FAIL] Could not download: Finding natural clusters having minimum description length
2026-04-14 06:58:07,631 [INFO]   [FAIL] Could not download: Luckiness and Regret in Minimum Description Length Inference
2026-04-14 06:58:09,085 [INFO]   [FAIL] Could not download: Tarski-Hierarchical Perspective on Scientific Progress: Minimum Descri
2026-04-14 06:58:10,522 [INFO]   [FAIL] Could not download: A First Look at the Minimum Description Length Principle
2026-04-14 06:58:11,966 [INFO]   [FAIL] Could not download: Minimum description length principle for maximum entropy model selecti
2026-04-14 06:58:13,451 [INFO]   [FAIL] Could not download: Selection of Niche-based Models With Minimum Description Length
2026-04-14 06:58:14,898 [INFO]   [FAIL] Could not download: Evaluating syntactic proposals using minimalist grammars and minimum d
2026-04-14 06:58:16,360 [INFO]   [FAIL] Could not download: Algorithmic complexity
2026-04-14 06:58:17,806 [INFO]   [FAIL] Could not download: Algorithmic Problems &amp; Their Complexity
2026-04-14 06:58:19,240 [INFO]   [FAIL] Could not download: Algorithmic Complexity and Cellular Automata
2026-04-14 06:58:20,147 [INFO]   [FAIL] Could not download: Expected Algorithmic Specified Complexity
2026-04-14 06:58:21,561 [INFO]   [FAIL] Could not download: NP-hard Problems and Languages and complements to algorithmic complexi
2026-04-14 06:58:22,979 [INFO]   [FAIL] Could not download: Complexity, Algorithmic
2026-04-14 06:58:24,408 [INFO]   [FAIL] Could not download: Algorithmic Complexity in Cognition
2026-04-14 06:58:25,848 [INFO]   [FAIL] Could not download: Supplemental Information 1: Algorithmic complexity of MultiNG approach
2026-04-14 06:58:26,733 [INFO]   [FAIL] Could not download: Algorithmic derandomization via complexity theory
2026-04-14 06:58:27,627 [INFO]   [FAIL] Could not download: Non‐Linear Dynamics, Complexity and Randomness: Algorithmic Foundation
2026-04-14 06:58:29,072 [INFO]   [FAIL] Could not download: Reductions — Algorithmic Relationships Between Problems
2026-04-14 06:58:30,500 [INFO]   [FAIL] Could not download: Complexity and heuristics in ruled-based algorithmic music composition
2026-04-14 06:58:31,953 [INFO]   [FAIL] Could not download: Algorithmic statistics
2026-04-14 06:58:32,832 [INFO]   [FAIL] Could not download: Algorithmic Manifold and Space Complexity
2026-04-14 06:58:34,252 [INFO]   [FAIL] Could not download: Complexity and Coding
2026-04-14 06:58:35,666 [INFO]   [FAIL] Could not download: Complexity and Cryptology
2026-04-14 06:58:37,100 [INFO]   [FAIL] Could not download: AIT and algorithmic complexity
2026-04-14 06:58:38,578 [INFO]   [FAIL] Could not download: An experimental approach to the theory of algorithmic complexity
2026-04-14 06:58:39,477 [INFO]   [FAIL] Could not download: Automatic Algorithmic Complexity Determination Using Dynamic Program A
2026-04-14 06:58:40,902 [INFO]   [FAIL] Could not download: Four algorithmic faces of randomness
2026-04-14 06:58:41,804 [INFO]   [FAIL] Could not download: The Algorithmic Basis of Spatial Complexity
2026-04-14 06:58:43,240 [INFO]   [FAIL] Could not download: Monotone complexity
2026-04-14 06:58:44,681 [INFO]   [FAIL] Could not download: About algorithmic complexity
2026-04-14 06:58:46,128 [INFO]   [FAIL] Could not download: Algorithmic Reconstruction of GBM Network Complexity
2026-04-14 06:58:47,060 [INFO]   [FAIL] Could not download: Plain Kolmogorov complexity
2026-04-14 06:58:48,495 [INFO]   [FAIL] Could not download: Algorithmic Truth Theory (ATT)
2026-04-14 06:58:49,952 [INFO]   [FAIL] Could not download: Group Representations and Algorithmic Complexity
2026-04-14 06:58:51,388 [INFO]   [FAIL] Could not download: Algorithmic complexity of growth-type invariants of SFT under dynamica
2026-04-14 06:58:52,810 [INFO]   [FAIL] Could not download: Structural, Algorithmic, and Complexity-Theoretic Analyses of Misère C
2026-04-14 06:58:54,236 [INFO]   [FAIL] Could not download: Algorithmic Complexity Attacks
2026-04-14 06:58:55,134 [INFO]   [FAIL] Could not download: Algorithmic Complexity and communication problems
2026-04-14 06:58:56,586 [INFO]   [FAIL] Could not download: Conceptual Complexity and Algorithmic Information
2026-04-14 06:58:58,042 [INFO]   [FAIL] Could not download: Estimating the algorithmic complexity of stock markets
2026-04-14 06:58:59,692 [INFO]   [FAIL] Could not download: Algorithmic Evolution
2026-04-14 06:59:01,126 [INFO]   [FAIL] Could not download: Quantum algorithmic entropy
2026-04-14 06:59:02,561 [INFO]   [FAIL] Could not download: Behavioural Complexity
2026-04-14 06:59:03,985 [INFO]   [FAIL] Could not download: MEASURING MEANING: ALGORITHMIC SPECIFIED COMPLEXITY
2026-04-14 06:59:04,878 [INFO]   [FAIL] Could not download: Algorithms and Complexity
2026-04-14 06:59:06,336 [INFO]   [FAIL] Could not download: Algorithmic Complexity, Norms and Convexity
2026-04-14 06:59:07,203 [INFO]   [FAIL] Could not download: Quantum Algorithmic Complexity in Graph Theory -Shortest Path Problems
2026-04-14 06:59:08,109 [INFO]   [FAIL] Could not download: Algorithmic Relative Complexity
2026-04-14 06:59:09,548 [INFO]   [FAIL] Could not download: Introduction
2026-04-14 06:59:11,196 [INFO]   [FAIL] Could not download: Towards an Algorithmic<i>Revolution</i>in Economic Theory
2026-04-14 06:59:12,712 [INFO]   [FAIL] Could not download: Improving ML Algorithmic Time Complexity Using Quantum Infrastructure
2026-04-14 06:59:14,137 [INFO]   [FAIL] Could not download: Modeling Complexity in Molecular Systems: A Revised Edition
2026-04-14 06:59:15,597 [INFO]   [FAIL] Could not download: 6. Algorithmic Evolution
2026-04-14 06:59:16,479 [INFO]   [FAIL] Could not download: Approximations to Algorithmic Probability
2026-04-14 06:59:17,947 [INFO]   [FAIL] Could not download: Algorithmic Information Theory and Computational Complexity
2026-04-14 06:59:19,406 [INFO]   [FAIL] Could not download: Entropy and Shannon's Source Coding Theorem
2026-04-14 06:59:20,811 [INFO]   [FAIL] Could not download: Rates of convergence in the source coding theorem, in empirical quanti
2026-04-14 06:59:22,223 [INFO]   [FAIL] Could not download: Distributed source coding: Theorem and its application to video coding
2026-04-14 06:59:23,127 [INFO]   [FAIL] Could not download: Two refinements to Shannon's source coding theorem
2026-04-14 06:59:24,554 [INFO]   [FAIL] Could not download: Source coding theorem for random fields
2026-04-14 06:59:26,019 [INFO]   [FAIL] Could not download: A coding theorem on the fixed-length homophonic coding for a general s
2026-04-14 06:59:27,408 [INFO]   [FAIL] Could not download: Coding Theorem For Shannon's Cipher System With Correlated Source Outp
2026-04-14 06:59:28,317 [INFO]   [FAIL] Could not download: A duality theorem for joint source-channel coding
2026-04-14 06:59:29,749 [INFO]   [FAIL] Could not download: A wavelet intra-frame coding algorithm based on information source par
2026-04-14 06:59:30,634 [INFO]   [FAIL] Could not download: Source coding theorem for an extended Slepian-Wolf system with two int
2026-04-14 06:59:32,075 [INFO]   [FAIL] Could not download: Pointwise lossy source coding theorem for sources with memory
2026-04-14 06:59:33,511 [INFO]   [FAIL] Could not download: Abstract alphabet source coding theorem revisited: redundancy analysis
2026-04-14 06:59:34,979 [INFO]   [FAIL] Could not download: A Minimax Theorem for Finite Blocklength Joint Source-Channel Coding o
2026-04-14 06:59:36,420 [INFO]   [FAIL] Could not download: A Simple Proof of Multi-Letter Converse Theorem for Distributed Lossle
2026-04-14 06:59:37,339 [INFO]   [FAIL] Could not download: Error‐Resilient Source Coding
2026-04-14 06:59:38,238 [INFO]   [FAIL] Could not download: A new tool to solve data related problem with source coding theorem
2026-04-14 06:59:39,664 [INFO]   [FAIL] Could not download: Source Coding and Signal Compression
2026-04-14 06:59:41,079 [INFO]   [FAIL] Could not download: Concatenated Joint Source–Channel Coding
2026-04-14 06:59:42,526 [INFO]   [FAIL] Could not download: Source–Channel Coding with Feedback
2026-04-14 06:59:43,964 [INFO]   [FAIL] Could not download: Unequal Error Protection Source–Channel Coding
2026-04-14 06:59:45,380 [INFO]   [FAIL] Could not download: Distributed Source Coding
2026-04-14 06:59:46,287 [INFO]   [FAIL] Could not download: Network Coding Theorem for Dynamic Communication Networks
2026-04-14 06:59:47,706 [INFO]   [FAIL] Could not download: Unification of Distributed Source Coding, Multiple Description Coding,
2026-04-14 06:59:49,179 [INFO]   [FAIL] Could not download: Coding Theorem
2026-04-14 06:59:50,646 [INFO]   [FAIL] Could not download: Lossy Distributed Source Coding
2026-04-14 06:59:52,114 [INFO]   [FAIL] Could not download: Source Coding
2026-04-14 06:59:53,547 [INFO]   [FAIL] Could not download: Recent Applications and Emerging Designs in Source–Channel Coding
2026-04-14 06:59:54,983 [INFO]   [FAIL] Could not download: Coding theorem for discrete memoryless channels with given decision ru
2026-04-14 06:59:55,888 [INFO]   [FAIL] Could not download: Coding for cooperative communications : Topics in distributed source c
2026-04-14 06:59:57,326 [INFO]   [FAIL] Could not download: Figure 2: (A–B) Inductive link prediction in knowledge graph.
2026-04-14 06:59:58,724 [INFO]   [FAIL] Could not download: Figure 1: (A–B) Transductive link prediction in knowledge graph.
2026-04-14 07:00:00,327 [INFO]   [FAIL] Could not download: Figure 1: KSFinder - a knowledge-graph model for kinase-substrate link
2026-04-14 07:00:01,742 [INFO]   [FAIL] Could not download: Figure 4:  The different importance of different relation for link pre
2026-04-14 07:00:02,643 [INFO]   [FAIL] Could not download: A review of Knowledge graph link prediction using graph neural network
2026-04-14 07:00:04,091 [INFO]   [FAIL] Could not download: Community Knowledge Graph Abstraction for Enhanced Link Prediction: A 
2026-04-14 07:00:05,524 [INFO]   [FAIL] Could not download: From semantic-aware to semantic-enhanced knowledge graph embedding mod
2026-04-14 07:00:06,961 [INFO]   [FAIL] Could not download: Evaluating and improving explanation quality of graph neural network l
2026-04-14 07:00:08,410 [INFO]   [FAIL] Could not download: Dual Graph Embedding for Object-Tag Link Prediction on the Knowledge G
2026-04-14 07:00:09,960 [INFO]   [FAIL] Could not download: Knowledge Graph Link Prediction via Hyperbolic Attenuated Attention Ne
2026-04-14 07:00:10,860 [INFO]   [FAIL] Could not download: BioKMS: A Biomedical and Space Science Knowledge Mining System Based o
2026-04-14 07:00:12,282 [INFO]   [FAIL] Could not download: Integrating Complex Embeddings in a Relation-Based Attention Mechanism
2026-04-14 07:00:13,711 [INFO]   [FAIL] Could not download: Fuzzy Search of Knowledge Graph with Link Prediction
2026-04-14 07:00:14,581 [INFO]   [FAIL] Could not download: Evaluating diabetes dataset for knowledge graph embedding based link p
2026-04-14 07:00:15,467 [INFO]   [FAIL] Could not download: Temporal Multi-Modal Knowledge Graph Generation for Link Prediction
2026-04-14 07:00:16,888 [INFO]   [FAIL] Could not download: Knowledge Graph Embedding for Link Prediction Models
2026-04-14 07:00:18,320 [INFO]   [FAIL] Could not download: Knowledge Graph Embedding Based Graph Convolutional Network for Link P
2026-04-14 07:00:19,735 [INFO]   [FAIL] Could not download: LinkDTI: Drug-Target Interactions prediction through a Link Prediction
2026-04-14 07:00:20,602 [INFO]   [FAIL] Could not download: Self-attention presents low-dimensional knowledge graph embeddings for
2026-04-14 07:00:22,065 [INFO]   [FAIL] Could not download: Validation and Optimization of Link Prediction in Knowledge Graph Embe
2026-04-14 07:00:23,499 [INFO]   [FAIL] Could not download: Enhancing knowledge graph embeddings for improved link prediction usin
2026-04-14 07:00:24,926 [INFO]   [FAIL] Could not download: Embedding based Link Prediction for Knowledge Graph Completion
2026-04-14 07:00:25,773 [INFO]   [FAIL] Could not download: A Framework for Extracting Rules from Explanation Subgraphs for Gnn-Ba
2026-04-14 07:00:27,226 [INFO]   [FAIL] Could not download: RankT: Ranking-Triplets-based adversarial learning for knowledge graph
2026-04-14 07:00:28,156 [INFO]   [FAIL] Could not download: HGCGE: hyperbolic graph convolutional networks-based knowledge graph e
2026-04-14 07:00:29,587 [INFO]   [FAIL] Could not download: The effects of biological knowledge graph topology on embedding-based 
2026-04-14 07:00:31,027 [INFO]   [FAIL] Could not download: Knowledge graph embedding with the special orthogonal group in quatern
2026-04-14 07:00:31,897 [INFO]   [FAIL] Could not download: Multi Relation Pattern Knowledge Graph Embeddings for Link Prediction 
2026-04-14 07:00:33,333 [INFO]   [FAIL] Could not download: Knowledge graph embedding by translating in time domain space for link
2026-04-14 07:00:34,768 [INFO]   [FAIL] Could not download: Knowledge Graph Embedding for Link Prediction and Triplet Classificati
2026-04-14 07:00:36,200 [INFO]   [FAIL] Could not download: DCformer: A Multiscale Dilated Convolution Transformer for Knowledge G
2026-04-14 07:00:37,689 [INFO]   [FAIL] Could not download: Vanilla: Validated Knowledge Graph Completion a Normalization-Based Fr
2026-04-14 07:00:39,095 [INFO]   [FAIL] Could not download: Hyperbolic Hierarchy-Aware Knowledge Graph Embedding for Link Predicti
2026-04-14 07:00:40,532 [INFO]   [FAIL] Could not download: OKGIT: Open Knowledge Graph Link Prediction with Implicit Types
2026-04-14 07:00:41,945 [INFO]   [FAIL] Could not download: Knowledge Graph Embedding for Link Prediction using Node-Link Interact
2026-04-14 07:00:43,383 [INFO]   [FAIL] Could not download: Higher-order Link Prediction Using Graph Embeddings
2026-04-14 07:00:44,814 [INFO]   [FAIL] Could not download: The Research of Link Prediction in Knowledge Graph based on Distance C
2026-04-14 07:00:46,241 [INFO]   [FAIL] Could not download: Semantic Hierarchy-Aware Cylinder Embeddings for Link Prediction Over 
2026-04-14 07:00:47,655 [INFO]   [FAIL] Could not download: Link Prediction in Knowledge Graphs for Graph Convolutional Networks
2026-04-14 07:00:49,108 [INFO]   [FAIL] Could not download: GRAPH NEURAL NETWORKS FOR LINK PREDICTION IN DYNAMIC KNOWLEDGE GRAPHS
2026-04-14 07:00:49,995 [INFO]   [FAIL] Could not download: Exploring Knowledge from Knowledge Graphs and Large Language Models fo
2026-04-14 07:00:50,845 [INFO]   [FAIL] Could not download: Knowledge-Driven Pesticide Repurposing Via Link Prediction with Pestic
2026-04-14 07:00:52,286 [INFO]   [FAIL] Could not download: Granular concept-enhanced relational graph convolution networks for li
2026-04-14 07:00:53,730 [INFO]   [FAIL] Could not download: MTdyg: Multi-scale transformers with continuous time dynamic graph mod
2026-04-14 07:00:54,610 [INFO]   [FAIL] Could not download: Beyond Link Prediction: On Pre-Training Knowledge Graph Embeddings
2026-04-14 07:00:55,503 [INFO]   [FAIL] Could not download: Beyond Triplets: Hyper-Relational Knowledge Graph Embedding for Link P
2026-04-14 07:00:56,959 [INFO]   [FAIL] Could not download: CIAGELP: Clustering Inspired Augmented Graph Embedding based Link Pred
2026-04-14 07:00:58,374 [INFO]   [FAIL] Could not download: Exploiting Common Neighbor Graph for Link Prediction
2026-04-14 07:00:59,922 [INFO]   [FAIL] Could not download: Domain Information Learning For Multi-Domain Knowledge Graph Link Pred
2026-04-14 07:01:01,347 [INFO]   [FAIL] Could not download: Graph Self-attention Mechanism for Interpretable Multi-hop Knowledge G
2026-04-14 07:01:02,780 [INFO]   [FAIL] Could not download: Rewiring Knowledge Graphs by Graph Neural Network Link Predictions
2026-04-14 07:01:04,209 [INFO]   [FAIL] Could not download: Decoupled signed link prediction method based on graph neural network
2026-04-14 07:01:05,133 [INFO]   [FAIL] Could not download: User Scored Evaluation of Non-Unique Explanations for Relational Graph
2026-04-14 07:01:06,557 [INFO]   [FAIL] Could not download: GDPR-Compliant Social Network Link Prediction in a Graph DBMS: The Cas
2026-04-14 07:01:07,998 [INFO]   [FAIL] Could not download: Knowledge Graph Representation Learning Based on Automatic Network Sea
2026-04-14 07:01:09,422 [INFO]   [FAIL] Could not download: GCN-ALP: Addressing Matching Collisions in Anchor Link Prediction
2026-04-14 07:01:10,862 [INFO]   [FAIL] Could not download: A Model-Agnostic Method to Interpret Link Prediction Evaluation of Kno
2026-04-14 07:01:11,749 [INFO]   [FAIL] Could not download: Neighborhood Intervention Consistency: Measuring Confidence for Knowle
2026-04-14 07:01:13,182 [INFO]   [FAIL] Could not download: Multi-view Knowledge Graph Embedding for Link Prediction by PLSA Metho
2026-04-14 07:01:14,588 [INFO]   [FAIL] Could not download: Comprehensive Analysis of Knowledge Graph Embedding Techniques Benchma
2026-04-14 07:01:16,051 [INFO]   [FAIL] Could not download: Heterogeneous Medical Knowledge Graph Completion using GNN for inducti
2026-04-14 07:01:16,975 [INFO]   [FAIL] Could not download: Managing Graph Modeling Alternatives for Link Prediction
2026-04-14 07:01:18,394 [INFO]   [FAIL] Could not download: Revisiting the Evaluation Protocol of Knowledge Graph Completion Metho
2026-04-14 07:01:19,832 [INFO]   [FAIL] Could not download: Intra-Graph-Based Few-Shot Link Prediction in Knowledge Graph
2026-04-14 07:01:21,237 [INFO]   [FAIL] Could not download: Bidirectional Attention-Enhanced Knowledge Graph Embeddings for Link P
2026-04-14 07:01:22,671 [INFO]   [FAIL] Could not download: Knowledge graph embedding with inverse function representation for lin
2026-04-14 07:01:23,558 [INFO]   [FAIL] Could not download: Geography-Enhanced Link Prediction Framework for Knowledge Graph Compl
2026-04-14 07:01:25,015 [INFO]   [FAIL] Could not download: Node Co-occurrence based Graph Neural Networks for Knowledge Graph Lin
2026-04-14 07:01:26,442 [INFO]   [FAIL] Could not download: Enhancing drug repurposing through graph neural networks and link pred
2026-04-14 07:01:27,313 [INFO]   [FAIL] Could not download: KGLM: Integrating Knowledge Graph Structure in Language Models for Lin
2026-04-14 07:01:28,750 [INFO]   [FAIL] Could not download: Path-Based Knowledge Graph Link Prediction Method With Graph Context
2026-04-14 07:01:30,174 [INFO]   [FAIL] Could not download: Graph Neural Networks: Link Prediction
2026-04-14 07:01:31,062 [INFO]   [FAIL] Could not download: Hierarchical-aware relation rotational knowledge graph embedding for l
2026-04-14 07:01:32,486 [INFO]   [FAIL] Could not download: Link Prediction with Supervised Learning on an Industry 4.0 related Kn
2026-04-14 07:01:33,925 [INFO]   [FAIL] Could not download: Research on Prediction of Link Embedding in Maritime Knowledge Graph
2026-04-14 07:01:35,360 [INFO]   [FAIL] Could not download: A Knowledge Graph Link Prediction Model with Combined 1D and 2D Convol
2026-04-14 07:01:36,787 [INFO]   [FAIL] Could not download: Evaluating Knowledge Graph Complexity via Semantic, Spectral, and Stru
2026-04-14 07:01:38,223 [INFO]   [FAIL] Could not download: On Edge Reweighting for Link Prediction with Graph Auto-Encoders
2026-04-14 07:01:39,700 [INFO]   [FAIL] Could not download: Figure 4: Link prediction performance of graph embedding computed by u
2026-04-14 07:01:40,591 [INFO]   [FAIL] Could not download: Mechanical Fault Prediction Based on Event Knowledge Graph
2026-04-14 07:01:42,022 [INFO]   [FAIL] Could not download: A Simplified Benchmark for Ambiguous Explanations of Knowledge Graph L
2026-04-14 07:01:42,957 [INFO]   [FAIL] Could not download: Dynamic link prediction: Using language models and graph structures fo
2026-04-14 07:01:44,392 [INFO]   [FAIL] Could not download: A link prediction method for Chinese financial event knowledge graph b
2026-04-14 07:01:45,261 [INFO]   [FAIL] Could not download: MM-Transformer: a Transformer-based Knowledge Graph Link Prediction Mo
2026-04-14 07:01:46,708 [INFO]   [FAIL] Could not download: Explaining Link Prediction Systems based on Knowledge Graph Embeddings
2026-04-14 07:01:47,574 [INFO]   [FAIL] Could not download: Towards Enhancing Relational Rules for Knowledge Graph Link Prediction
2026-04-14 07:01:48,981 [INFO]   [FAIL] Could not download: Review on Learning and Extracting Graph Features for Link Prediction
2026-04-14 07:01:50,446 [INFO]   [FAIL] Could not download: Context Pooling: Query-specific Graph Pooling for Generic Inductive Li
2026-04-14 07:01:51,874 [INFO]   [FAIL] Could not download: Knowledge graph embedding by projection and rotation on hyperplanes fo
2026-04-14 07:01:53,331 [INFO]   [FAIL] Could not download: Path-based Link Prediction on Hyper-relational Knowledge Graph
2026-04-14 07:01:54,763 [INFO]   [FAIL] Could not download: Constructing Industrial Knowledge Graph Through Ontology and Link Pred
2026-04-14 07:01:56,201 [INFO]   [FAIL] Could not download: Scaling knowledge graph embedding models for link prediction
2026-04-14 07:01:57,075 [INFO]   [FAIL] Could not download: Link Prediction Evaluation Using Palette Weisfeiler-Lehman Graph Label
2026-04-14 07:01:57,947 [INFO]   [FAIL] Could not download: Research on Data Link Fault Warning Based on Knowledge Graph
2026-04-14 07:01:59,386 [INFO]   [FAIL] Could not download: Evaluating the Calibration of Knowledge Graph Embeddings for Trustwort
2026-04-14 07:02:01,023 [INFO]   [FAIL] Could not download: FusionE:A multiscale fusion network applied to equipment knowledge gra
2026-04-14 07:02:02,478 [INFO]   [FAIL] Could not download: Intelligent Agents with Graph Mining for Link Prediction over Neo4j
2026-04-14 07:02:03,904 [INFO]   [FAIL] Could not download: Review of Bidirected Graph Neural Networks and Multidirected Graph Neu
2026-04-14 07:02:05,339 [INFO]   [FAIL] Could not download: Graph Neural Networks: Graph Generation
2026-04-14 07:02:06,759 [INFO]   [FAIL] Could not download: Graph Neural Networks: Graph Classification
2026-04-14 07:02:07,812 [INFO]   [FAIL] Could not download: Review of Blockchain Application With Graph Neural Networks, Graph Con
2026-04-14 07:02:08,701 [INFO]   [FAIL] Could not download: Graph Neural Networks: Graph Structure Learning
2026-04-14 07:02:10,137 [INFO]   [FAIL] Could not download: Graph Neural Networks: Graph Transformation
2026-04-14 07:02:11,596 [INFO]   [FAIL] Could not download: Heterogeneous Graph Neural Networks
2026-04-14 07:02:13,025 [INFO]   [FAIL] Could not download: Graph Neural Networks: Adversarial Robustness
2026-04-14 07:02:14,467 [INFO]   [FAIL] Could not download: Dynamic Graph Neural Networks
2026-04-14 07:02:15,890 [INFO]   [FAIL] Could not download: Graph Neural Networks (GNNs) Applications
2026-04-14 07:02:17,328 [INFO]   [FAIL] Could not download: Graph Neural Networks: Graph Matching
2026-04-14 07:02:18,747 [INFO]   [FAIL] Could not download: Graph Neural Networks in Program Analysis
2026-04-14 07:02:19,610 [INFO]   [FAIL] Could not download: Graph Neural Networks in Software Mining
2026-04-14 07:02:20,507 [INFO]   [FAIL] Could not download: Learning latent graph structures for graph neural networks
2026-04-14 07:02:21,938 [INFO]   [FAIL] Could not download: Multi-view graph pooling with coarsened graph disentanglement
2026-04-14 07:02:22,862 [INFO]   [FAIL] Could not download: Graph Neural Networks: Scalability
2026-04-14 07:02:24,468 [INFO]   [FAIL] Could not download: Graph Neural Networks for Node Classification
2026-04-14 07:02:26,160 [INFO]   [FAIL] Could not download: Graph Neural Networks in Natural Language Processing
2026-04-14 07:02:27,043 [INFO]   [FAIL] Could not download: Exceptional groups of Lie type
2026-04-14 07:02:27,931 [INFO]   [FAIL] Could not download: Tri-Symmetric Spaces with Exceptional Compact Groups
2026-04-14 07:02:29,349 [INFO]   [FAIL] Could not download: Maximal subgroups of exceptional type algebraic groups
2026-04-14 07:02:30,796 [INFO]   [FAIL] Could not download: The exceptional group G 2
2026-04-14 07:02:31,745 [INFO]   [FAIL] Could not download: Correction to: Exceptional Lie groups
2026-04-14 07:02:33,191 [INFO]   [FAIL] Could not download: 13 Exceptional Lie algebras
2026-04-14 07:02:34,634 [INFO]   [FAIL] Could not download: Exceptional Principal Involutive Automorphism of Types f and e
2026-04-14 07:02:35,520 [INFO]   [FAIL] Could not download: Exceptional Lie Group $$E_7$$
2026-04-14 07:02:36,955 [INFO]   [FAIL] Could not download: Exceptional Lie Group $$G_2$$
2026-04-14 07:02:38,367 [INFO]   [FAIL] Could not download: Exceptional Lie Group $$F_4$$
2026-04-14 07:02:39,259 [INFO]   [FAIL] Could not download: Alternating subgroups of exceptional groups of Lie type
2026-04-14 07:02:40,721 [INFO]   [FAIL] Could not download: Exceptional Lie Group $$E_8$$
2026-04-14 07:02:42,142 [INFO]   [FAIL] Could not download: Exceptional Lie Group $$E_6$$
2026-04-14 07:02:43,575 [INFO]   [FAIL] Could not download: The Smoothness of Orbital Measures on Exceptional Lie Groups and Algeb
2026-04-14 07:02:44,555 [INFO]   [FAIL] Could not download: 9. Exceptional Lie algebras
2026-04-14 07:02:46,368 [INFO]   [FAIL] Could not download: Exceptional Lie algebras of type D4.
2026-04-14 07:02:47,532 [INFO]   [FAIL] Could not download: Counting conjugacy classes of elements of finite order in exceptional 
2026-04-14 07:02:49,144 [INFO]   [FAIL] Could not download: On characterization by Gruenberg--Kegel graph of finite simple excepti
2026-04-14 07:02:50,580 [INFO]   [FAIL] Could not download: The module category weight of compact exceptional Lie groups
2026-04-14 07:02:52,215 [INFO]   [FAIL] Could not download: On Medium-Rank Lie Primitive and Maximal Subgroups of Exceptional Grou
2026-04-14 07:02:53,908 [INFO]   [FAIL] Could not download: Schubert calculus and the Hopf algebra structures of exceptional Lie g
2026-04-14 07:02:55,565 [INFO]   [FAIL] Could not download: Weight multiplicities of the exceptional Lie groups
2026-04-14 07:02:57,179 [INFO]   [FAIL] Could not download: On Surfaces of Exceptional Lorentzian Lie Groups with a Four-Dimension
2026-04-14 07:02:58,627 [INFO]   [FAIL] Could not download: Exceptional Jordan algebras.
2026-04-14 07:03:00,231 [INFO]   [FAIL] Could not download: CHARACTER FORMULAE IN CATEGORY O $$ \mathcal{O} $$ FOR EXCEPTIONAL LIE
2026-04-14 07:03:01,862 [INFO]   [FAIL] Could not download: Division algebras, exceptional Lie groups, and calibrations
2026-04-14 07:03:03,298 [INFO]   [FAIL] Could not download: Hodge Operators and Exceptional Isomorphisms between Unitary Groups
2026-04-14 07:03:04,728 [INFO]   [FAIL] Could not download: Generation of Lie Incidence Geometries: A Survey
2026-04-14 07:03:06,163 [INFO]   [FAIL] Could not download: Lie Algebras and lie Groups
2026-04-14 07:03:07,606 [INFO]   [FAIL] Could not download: Huppert's conjecture for finite simple exceptional groups of Lie type
2026-04-14 07:03:09,055 [INFO]   [FAIL] Could not download: Maximal PSL₂ Subgroups of Exceptional Groups of Lie Type
2026-04-14 07:03:10,468 [INFO]   [FAIL] Could not download: 2-minimal subgroups in finite exceptional groups of Lie type
2026-04-14 07:03:11,868 [INFO]   [FAIL] Could not download: Lie Groups
2026-04-14 07:03:13,298 [INFO]   [FAIL] Could not download: Exceptional groups: Statement of results for unipotent elements
2026-04-14 07:03:14,709 [INFO]   [FAIL] Could not download: Flag-Transitive Point-Primitive Quasi-Symmetric $2$-Designs and Except
2026-04-14 07:03:16,153 [INFO]   [FAIL] Could not download: Exceptional groups: Statement of results for nilpotent elements
2026-04-14 07:03:17,616 [INFO]   [FAIL] Could not download: Witt-Type Theorems for Subspaces of Lie Geometries: A Survey
2026-04-14 07:03:19,071 [INFO]   [FAIL] Could not download: Lie algebras of type E7.
2026-04-14 07:03:20,032 [INFO]   [FAIL] Could not download: LIE GROUPS AND LIE ALGEBRAS
2026-04-14 07:03:21,559 [INFO]   [FAIL] Could not download: Lie algebras of type E6.
2026-04-14 07:03:22,986 [INFO]   [FAIL] Could not download: Exceptional Lie Algebras
2026-04-14 07:03:24,409 [INFO]   [FAIL] Could not download: Flag-transitive non-symmetric 2-designs with $ \lambda $ prime and exc
2026-04-14 07:03:25,931 [INFO]   [FAIL] Could not download: Black box exceptional groups of Lie type II
2026-04-14 07:03:27,371 [INFO]   [FAIL] Could not download: Tables of nilpotent and unipotent classes in the exceptional groups
2026-04-14 07:03:28,836 [INFO]   [FAIL] Could not download: Trinification from E6 symmetry breaking
2026-04-14 07:03:30,315 [INFO]   [FAIL] Could not download: E6 inspired SUSY models with custodial symmetry
2026-04-14 07:03:31,757 [INFO]   [FAIL] Could not download: A six-dimensional gauge-Higgs unification model based on E6 gauge symm
2026-04-14 07:03:32,629 [INFO]   [FAIL] Could not download: Mannose controls mesoderm specification and symmetry breaking in mouse
2026-04-14 07:03:33,518 [INFO]   [FAIL] Could not download: A Calabi-Yau Algebra with E6 Symmetry and the Clebsch-Gordan Series of
2026-04-14 07:03:34,992 [INFO]   [FAIL] Could not download: Masses and Mixing of Neutral Leptons in a Grand Unified E6 Model with 
2026-04-14 07:03:35,878 [INFO]   [FAIL] Could not download: Acknowledgment of Authors
2026-04-14 07:03:36,771 [INFO]   [FAIL] Could not download: Purpose and procedure
2026-04-14 07:03:38,194 [INFO]   [FAIL] Could not download: Mitochondria-Derived H2O2 Promotes Symmetry Breaking of the C. elegans
2026-04-14 07:03:39,622 [INFO]   [FAIL] Could not download: Erratum
2026-04-14 07:03:41,028 [INFO]   [FAIL] Could not download: Leveraging ddRADseq for Uncovering New Genome-Wide and Polymorphic SSR
2026-04-14 07:03:42,491 [INFO]   [FAIL] Could not download: DEFECT
2026-04-14 07:03:43,894 [INFO]   [FAIL] Could not download: <i>ERJ</i>Podcast June 2011
2026-04-14 07:03:45,340 [INFO]   [FAIL] Could not download: Announcements
2026-04-14 07:03:46,829 [INFO]   [FAIL] Could not download: Chlorin E6
2026-04-14 07:03:47,722 [INFO]   [FAIL] Could not download: When Diagnoses Overshadow Diseases
2026-04-14 07:03:48,601 [INFO]   [FAIL] Could not download: Threshold effects on prediction for proton decay in non-supersymmetric
2026-04-14 07:03:50,104 [INFO]   [FAIL] Could not download: In Memoriam
2026-04-14 07:03:51,661 [INFO]   [FAIL] Could not download: Improving Patient Safety Through Video Monitoring
2026-04-14 07:03:53,092 [INFO]   [FAIL] Could not download: Angiotensin-Converting Enzyme Inhibitor Angioedema
2026-04-14 07:03:54,514 [INFO]   [FAIL] Could not download: Fragebogen
2026-04-14 07:03:55,940 [INFO]   [FAIL] Could not download: Reha-Info 6/2011
2026-04-14 07:03:57,381 [INFO]   [FAIL] Could not download: Pain Care Essentials
2026-04-14 07:03:58,835 [INFO]   [FAIL] Could not download: Toms replies
2026-04-14 07:04:00,279 [INFO]   [FAIL] Could not download: Liebe Leserin, lieber Leser,
2026-04-14 07:04:01,719 [INFO]   [FAIL] Could not download: Fostering Resilience in Nursing Through R.E.S.T.
2026-04-14 07:04:02,618 [INFO]   [FAIL] Could not download: Why IFFS is global
2026-04-14 07:04:04,044 [INFO]   [FAIL] Could not download: Stability in Cardiac Attributions Before and After Cardiac Rehabilitat
2026-04-14 07:04:05,662 [INFO]   [FAIL] Could not download: Review of “On Wars”
2026-04-14 07:04:07,071 [INFO]   [FAIL] Could not download: Hexachlorocyclohexa-2,5-dien-1-one
2026-04-14 07:04:08,515 [INFO]   [FAIL] Could not download: Phenotypic Spectrum of Mutations in Cardiolaminopathies
2026-04-14 07:04:09,971 [INFO]   [FAIL] Could not download: Teaching Family Caregivers to Assist Safely with Mobility
2026-04-14 07:04:11,415 [INFO]   [FAIL] Could not download: Review of “Grassroots Environmentalism”
2026-04-14 07:04:12,860 [INFO]   [FAIL] Could not download: INSTRUCTIONS: Lip Laceration and Vermilion Border Repair
2026-04-14 07:04:14,278 [INFO]   [FAIL] Could not download: Monitoring Mechanical Ventilation Using Ventilator Waveforms
2026-04-14 07:04:15,708 [INFO]   [FAIL] Could not download: Radiographic Comparison of Forearm Symmetry in Healthy Individuals and
2026-04-14 07:04:16,603 [INFO]   [FAIL] Could not download: Examining a Fatigue Management Model for Older Individuals
2026-04-14 07:04:17,510 [INFO]   [FAIL] Could not download: Quintessence
2026-04-14 07:04:18,893 [INFO]   [FAIL] Could not download: 20pm1-E6 Realization of the ICT Platform Using MEMS Devices
2026-04-14 07:04:19,778 [INFO]   [FAIL] Could not download: Epistaxis Management in an Emergency Department
2026-04-14 07:04:21,232 [INFO]   [FAIL] Could not download: Figure S1: Alignment analysis of the original E6 from BPV-1, -2,-13 (H
2026-04-14 07:04:22,104 [INFO]   [FAIL] Could not download: Reducing Fall Risks Among Visually Impaired Older Adults
2026-04-14 07:04:22,950 [INFO]   [FAIL] Could not download: Boas Práticas Clínicas da ICH E6(R3)
2026-04-14 07:04:24,354 [INFO]   [FAIL] Could not download: The Physician Communicator in the COVID-19 Era
2026-04-14 07:04:25,786 [INFO]   [FAIL] Could not download: Review of “Automation is a Myth”
2026-04-14 07:04:27,334 [INFO]   [FAIL] Could not download: Social Sequence Analysis: Methods and Applications
2026-04-14 07:04:28,734 [INFO]   [FAIL] Could not download: Colon and Rectal Surgery Regional Society Meetings
2026-04-14 07:04:30,196 [INFO]   [FAIL] Could not download: Les bonnes pratiques cliniques de l'ICH E6(R3)
2026-04-14 07:04:31,616 [INFO]   [FAIL] Could not download: 20am2-E6 Fabrication of 3D structures by optical fiber microstereolith
2026-04-14 07:04:33,037 [INFO]   [FAIL] Could not download: Table 2: Number of HPV16E1, E4, E6, E6*I, E7, and FOXO3a mRNA expressi
2026-04-14 07:04:34,491 [INFO]   [FAIL] Could not download: Preventing and Treating Blindness From Dermal Fillers
2026-04-14 07:04:35,388 [INFO]   [FAIL] Could not download: The Hieber Anion [Fe(CO)3(NO)]-
2026-04-14 07:04:36,896 [INFO]   [FAIL] Could not download: On representations of the Weyl group.
2026-04-14 07:04:38,364 [INFO]   [FAIL] Could not download: Weyl group actions
2026-04-14 07:04:39,794 [INFO]   [FAIL] Could not download: The Peter-Weyl Theorem
2026-04-14 07:04:40,704 [INFO]   [FAIL] Could not download: Patterns and the Weyl Group Action
2026-04-14 07:04:42,105 [INFO]   [FAIL] Could not download: Springer’s Weyl group representations
2026-04-14 07:04:42,985 [INFO]   [FAIL] Could not download: Springer’s work on unipotent classes and Weyl group representations
2026-04-14 07:04:44,395 [INFO]   [FAIL] Could not download: Type A Weyl Group Multiple Dirichlet Series
2026-04-14 07:04:45,252 [INFO]   [FAIL] Could not download: Weyl Group Twists and Representations of Quantum Affine Borel Algebras
2026-04-14 07:04:46,673 [INFO]   [FAIL] Could not download: Representations of the Lorentz Group Weyl Equation and Dirac Equation
2026-04-14 07:04:47,553 [INFO]   [FAIL] Could not download: Combinatorics of Weyl groups
2026-04-14 07:04:48,993 [INFO]   [FAIL] Could not download: Differential-operator representations of Weyl group and singular vecto
2026-04-14 07:04:50,407 [INFO]   [FAIL] Could not download: Algebras of symbols associated with the Weyl calculus for Lie group re
2026-04-14 07:04:51,826 [INFO]   [FAIL] Could not download: Classical Lie algebras and Weyl groups
2026-04-14 07:04:52,705 [INFO]   [FAIL] Could not download: Holonomic Systems on a Flag Variety Associated to Harish–Chandra Modul
2026-04-14 07:04:54,146 [INFO]   [FAIL] Could not download: Metaplectic representations of Hecke algebras, Weyl group actions, and
2026-04-14 07:04:55,554 [INFO]   [FAIL] Could not download: The Classical Groups
2026-04-14 07:04:57,171 [INFO]   [FAIL] Could not download: Precuspidal families and indexing of Weyl group representations
2026-04-14 07:04:58,599 [INFO]   [FAIL] Could not download: Adjacency for special representations of a Weyl group
2026-04-14 07:05:00,001 [INFO]   [FAIL] Could not download: Falsificationism
2026-04-14 07:05:01,448 [INFO]   [FAIL] Could not download: Is Generativism a Manifestation of Falsificationism or Constructivism?
2026-04-14 07:05:02,952 [INFO]   [FAIL] Could not download: Falsificationism: science without induction?
2026-04-14 07:05:03,823 [INFO]   [FAIL] Could not download: Falsificationism (Karl Popper)
2026-04-14 07:05:04,696 [INFO]   [FAIL] Could not download: EPISTEMOLOGICAL FRONTIERS: EXAMINING KUHN’S PARADIGMS AND POPPER’S FAL
2026-04-14 07:05:06,178 [INFO]   [FAIL] Could not download: Logical positivism and Popper’s falsificationism
2026-04-14 07:05:07,607 [INFO]   [FAIL] Could not download: Hypothesis-Driven Science: Falsificationism
2026-04-14 07:05:08,491 [INFO]   [FAIL] Could not download: Confirmation and Falsificationism in Economics Confirmationism and the
2026-04-14 07:05:09,955 [INFO]   [FAIL] Could not download: Logical Positivism and Falsificationism: Ayer, Popper
2026-04-14 07:05:11,396 [INFO]   [FAIL] Could not download: The Rise and Fall of Falsificationism in the Light of Neurath’s Critic
2026-04-14 07:05:12,805 [INFO]   [FAIL] Could not download: Empiricism and Falsificationism
2026-04-14 07:05:14,219 [INFO]   [FAIL] Could not download: Confirmation versus Falsificationism
2026-04-14 07:05:15,080 [INFO]   [FAIL] Could not download: Falsificationism Unfalsified: a Reply to Callahan’s 'Why Popper is Wro
2026-04-14 07:05:16,522 [INFO]   [FAIL] Could not download: Falsificationism and the Pragmatic Problem of Induction
2026-04-14 07:05:17,944 [INFO]   [FAIL] Could not download: Falsificationism Redux Indeed: a Rebuttal of the Callahan Rejoinder
2026-04-14 07:05:19,387 [INFO]   [FAIL] Could not download: Karl Popper and Imre Lakatos
2026-04-14 07:05:20,810 [INFO]   [FAIL] Could not download: Re-criticism of Tourism Authenticity Based on Popper's Falsificationis
2026-04-14 07:05:21,727 [INFO]   [FAIL] Could not download: Verificationism and Falsificationism from an African Indigenous Knowle
2026-04-14 07:05:23,157 [INFO]   [FAIL] Could not download: Closed Theories, Falsificationism and Non-Cumulative Progress
2026-04-14 07:05:24,607 [INFO]   [FAIL] Could not download: Falsificationism redux: in search of explanatory rationality in histor
2026-04-14 07:05:25,487 [INFO]   [FAIL] Could not download: Falsificationism: In Defence of the Scientific Status of Marxism
2026-04-14 07:05:26,351 [INFO]   [FAIL] Could not download: Why phylogeneticists should care less about <scp>P</scp>opper's falsif
2026-04-14 07:05:27,754 [INFO]   [FAIL] Could not download: Against the Applicability of Popperian Falsificationism
2026-04-14 07:05:29,174 [INFO]   [FAIL] Could not download: The Replication Crisis is Less of a “Crisis” in the Lakatosian Approac
2026-04-14 07:05:30,613 [INFO]   [FAIL] Could not download: Stage Five: Pure Falsificationism and Dual Intuitionistic Logic
2026-04-14 07:05:32,065 [INFO]   [FAIL] Could not download: Retiring Popper: Critical realism, falsificationism, and the crisis of
2026-04-14 07:05:33,495 [INFO]   [FAIL] Could not download: KARL POPPER’S FALSIFICATIONISM AND ITS RELEVANCE TO ISLAMIC SCHOLARLY 
2026-04-14 07:05:34,935 [INFO]   [FAIL] Could not download: What do the Marxist “Dialectics of Cognition” and Lakatos’s “Sophistic
2026-04-14 07:05:36,359 [INFO]   [FAIL] Could not download: A Study of Popper’s Falsificationism Ideas
2026-04-14 07:05:37,758 [INFO]   [FAIL] Could not download: Popperian Falsificationism in IS: Major Confusions and Harmful Influen
2026-04-14 07:05:38,659 [INFO]   [FAIL] Could not download: Falsificationism and the Methodological Levels on Prediction
2026-04-14 07:05:40,083 [INFO]   [FAIL] Could not download: Stage Four: Expanded Falsificationism and the Logic $$N_{3f}$$
2026-04-14 07:05:41,514 [INFO]   [FAIL] Could not download: Falsificationism is not just ‘potential’ falsifiability, but requires 
2026-04-14 07:05:42,912 [INFO]   [FAIL] Could not download: The Constantly Revolutionary Mode of Scientific Development: An Interp
2026-04-14 07:05:44,338 [INFO]   [FAIL] Could not download: Improving the Argumentation Abilities of High School Students in China
2026-04-14 07:05:45,220 [INFO]   [FAIL] Could not download: Considering the Role of Philosophy of Science for the Progress of Know
2026-04-14 07:05:46,086 [INFO]   [FAIL] Could not download: Paul Feyerabend on Meaning and Method: From the Limited Validity of Fa
2026-04-14 07:05:47,518 [INFO]   [FAIL] Could not download: A Comparison of Popper’s Falsificationism and Kuhn’s Historicism from 
2026-04-14 07:05:48,959 [INFO]   [FAIL] Could not download: Structural Realism/Offensive and Defensive Realism
2026-04-14 07:05:50,371 [INFO]   [FAIL] Could not download: Offensive structural realism
2026-04-14 07:05:51,782 [INFO]   [FAIL] Could not download: Defensive structural realism
2026-04-14 07:05:53,242 [INFO]   [FAIL] Could not download: Structural Realism and Category Mistakes
2026-04-14 07:05:54,714 [INFO]   [FAIL] Could not download: Structural realism
2026-04-14 07:05:56,179 [INFO]   [FAIL] Could not download: 3. Structural Realism
2026-04-14 07:05:57,587 [INFO]   [FAIL] Could not download: 5. Structural Realism
2026-04-14 07:05:59,009 [INFO]   [FAIL] Could not download: Structural Realism and its Variants
2026-04-14 07:06:00,417 [INFO]   [FAIL] Could not download: Miracles and Structural Realism
2026-04-14 07:06:01,335 [INFO]   [FAIL] Could not download: Preferring Ontic Structural Realism over Epistemic Structural Realism 
2026-04-14 07:06:02,222 [INFO]   [FAIL] Could not download: Cassirer's Structural Realism
2026-04-14 07:06:03,094 [INFO]   [FAIL] Could not download: Methodological Structural Realism
2026-04-14 07:06:04,013 [INFO]   [FAIL] Could not download: Structural Realism and the Toolbox of Metaphysics
2026-04-14 07:06:05,510 [INFO]   [FAIL] Could not download: Ontic Structural Realism and Modality
2026-04-14 07:06:07,098 [INFO]   [FAIL] Could not download: Structural Realism: The Only Defensible Realist Game in Town?
2026-04-14 07:06:08,549 [INFO]   [FAIL] Could not download: Underdetermination as a Path to Structural Realism
2026-04-14 07:06:10,109 [INFO]   [FAIL] Could not download: Ontological Priority: The Conceptual Basis of Non-eliminative, Ontic S
2026-04-14 07:06:11,602 [INFO]   [FAIL] Could not download: When Martians Go to Venus: Structural Realism in Europe
2026-04-14 07:06:13,101 [INFO]   [FAIL] Could not download: Front Matter
2026-04-14 07:06:14,514 [INFO]   [FAIL] Could not download: Feedback Realism: A Structural Epistemology for Belief Persistence
2026-04-14 07:06:15,956 [INFO]   [FAIL] Could not download: Conclusion Considering the Way Forward for Contemporary Realism
2026-04-14 07:06:17,389 [INFO]   [FAIL] Could not download: Offensive ideas: structural realism, classical realism and Putin's war
2026-04-14 07:06:18,270 [INFO]   [FAIL] Could not download: A Rudimentary Version of Cognitive Structural Realism
2026-04-14 07:06:19,688 [INFO]   [FAIL] Could not download: From Standard Scientific Realism and Structural Realism to Best Curren
2026-04-14 07:06:20,580 [INFO]   [FAIL] Could not download: An Advanced Version of Cognitive Structural Realism
2026-04-14 07:06:22,002 [INFO]   [FAIL] Could not download: Nietzsche’s Ontic Structural Realism?
2026-04-14 07:06:23,428 [INFO]   [FAIL] Could not download: ЭФФЕКТИВНЫЙ ОНТИЧЕСКИЙ СТРУКТУРНЫЙ РЕАЛИЗМ И КОНТЕКСТУАЛЬНЫЙ РЕАЛИЗМ
2026-04-14 07:06:24,314 [INFO]   [FAIL] Could not download: Table of Contents
2026-04-14 07:06:25,736 [INFO]   [FAIL] Could not download: Nationalism and the Nation-State in Structural Realism: John Mearsheim
2026-04-14 07:06:26,632 [INFO]   [FAIL] Could not download: Introduction
2026-04-14 07:06:27,529 [INFO]   [FAIL] Could not download: Preface
2026-04-14 07:06:28,951 [INFO]   [FAIL] Could not download: Index
2026-04-14 07:06:30,393 [INFO]   [FAIL] Could not download: Recollecting a lost dialogue: Structural Realism meets neoclassical re
2026-04-14 07:06:31,807 [INFO]   [FAIL] Could not download: Starry Nights
2026-04-14 07:06:32,712 [INFO]   [FAIL] Could not download: 4 Structural Realism redux: Kenneth N. Waltz
2026-04-14 07:06:34,133 [INFO]   [FAIL] Could not download: The Case of the Consumption Function
2026-04-14 07:06:35,560 [INFO]   [FAIL] Could not download: Chapter III Realism and the Reality of Post-Cold War International Rel
2026-04-14 07:06:36,989 [INFO]   [FAIL] Could not download: Cognitive Structural Realism, the Nature of Cognitive Models, and some
2026-04-14 07:06:38,413 [INFO]   [FAIL] Could not download: A defence of informational structural realism
2026-04-14 07:06:39,283 [INFO]   [FAIL] Could not download: Chapter II Realism and the End of the Cold War – Explanation, Experien
2026-04-14 07:06:40,703 [INFO]   [FAIL] Could not download: Emergence in Ontic Structural Realism
2026-04-14 07:06:42,128 [INFO]   [FAIL] Could not download: Political Invisibility: Structural Realism and The Kahnawà:ke Mohawk N
2026-04-14 07:06:42,983 [INFO]   [FAIL] Could not download: Post-Structural Informational Realism
2026-04-14 07:06:44,428 [INFO]   [FAIL] Could not download: Understanding Realism in Contemporary International Relations
2026-04-14 07:06:45,961 [INFO]   [FAIL] Could not download: Structural power: the limits of neorealist power analysis
2026-04-14 07:06:47,378 [INFO]   [FAIL] Could not download: How realist is informational structural realism?
2026-04-14 07:06:48,801 [INFO]   [FAIL] Could not download: The Ultimate Argument Against Convergent Realism and Structural Realis
2026-04-14 07:06:49,667 [INFO]   [FAIL] Could not download: OFFENSIVE STRUCTURAL REALISM AND RUSSIAN EXPANSION IN THE ARCTIC
2026-04-14 07:06:51,134 [INFO]   [FAIL] Could not download: Dispositionalism and Ontic Structural Realism
2026-04-14 07:06:52,582 [INFO]   [FAIL] Could not download: Frontmatter
2026-04-14 07:06:53,488 [INFO]   [FAIL] Could not download: Literary Anthropology and the Case against Science
2026-04-14 07:06:54,886 [INFO]   [FAIL] Could not download: Contents
2026-04-14 07:06:56,282 [INFO]   [FAIL] Could not download: What Is Theory?
2026-04-14 07:06:57,689 [INFO]   [FAIL] Could not download: OSR and ‘Group Structural Realism’
2026-04-14 07:06:59,164 [INFO]   [FAIL] Could not download: Why Ontic Structural Realism Does Not Fit Economics
2026-04-14 07:07:00,580 [INFO]   [FAIL] Could not download: DISPOSITIONAL ONTOLOGY AS A BASIS FOR STRUCTURAL REALISM
2026-04-14 07:07:01,483 [INFO]   [FAIL] Could not download: The assessment of scientific underdetermination in string theory
2026-04-14 07:07:02,911 [INFO]   [FAIL] Could not download: Realism and Anti-Realism, Underdetermination
2026-04-14 07:07:04,359 [INFO]   [FAIL] Could not download: The Underdetermination of Theory Choice by Evidence
2026-04-14 07:07:05,774 [INFO]   [FAIL] Could not download: Scientific underdetermination in physics and beyond
2026-04-14 07:07:07,442 [INFO]   [FAIL] Could not download: Underdetermination and Models in Biology
2026-04-14 07:07:08,344 [INFO]   [FAIL] Could not download: Moral Epistemology and the Empirical Underdetermination of Ethical The
2026-04-14 07:07:09,757 [INFO]   [FAIL] Could not download: Underdetermination in Science
2026-04-14 07:07:10,654 [INFO]   [FAIL] Could not download: Meaning Underdetermination, Logic, and Vagueness
2026-04-14 07:07:12,079 [INFO]   [FAIL] Could not download: Realism, underdetermination and string theory dualities
2026-04-14 07:07:12,955 [INFO]   [FAIL] Could not download: Scientific Underdetermination and the Analogy to Ethics
2026-04-14 07:07:14,403 [INFO]   [FAIL] Could not download: MULTIPLE REASONABLE BEHAVIORS CASES: THE PROBLEM OF CAUSAL UNDERDETERM
2026-04-14 07:07:15,821 [INFO]   [FAIL] Could not download: Radical Skepticism and Underdetermination
2026-04-14 07:07:17,226 [INFO]   [FAIL] Could not download: Underdetermination by Reasons
2026-04-14 07:07:18,132 [INFO]   [FAIL] Could not download: Underdetermination in Normative Ethics
2026-04-14 07:07:19,009 [INFO]   [FAIL] Could not download: Underdetermination of Theory and Its Consequences for Metaphysics
2026-04-14 07:07:20,439 [INFO]   [FAIL] Could not download: Creativity and Practical Underdetermination: How Experimental Science 
2026-04-14 07:07:21,901 [INFO]   [FAIL] Could not download: Commentary: Social Theory and Underdetermination: A Philosophical Hist
2026-04-14 07:07:23,303 [INFO]   [FAIL] Could not download: Underdetermination of Theory by Data
2026-04-14 07:07:24,177 [INFO]   [FAIL] Could not download: Scientific realism and underdetermination in quantum theory
2026-04-14 07:07:25,078 [INFO]   [FAIL] Could not download: Quantification, conceptual reduction and theoretical underdeterminatio
2026-04-14 07:07:26,523 [INFO]   [FAIL] Could not download: Logical theory revision through data underdetermination: an anti-excep
2026-04-14 07:07:27,953 [INFO]   [FAIL] Could not download: Qudit surface codes and hypermap codes
2026-04-14 07:07:29,386 [INFO]   [FAIL] Could not download: Topological Quantum Computing in Multiple Surface Codes
2026-04-14 07:07:30,265 [INFO]   [FAIL] Could not download: A Game of Surface Codes: Large-Scale Quantum Computing with Lattice Su
2026-04-14 07:07:31,678 [INFO]   [FAIL] Could not download: Tradeoffs for reliable quantum information storage in surface codes an
2026-04-14 07:07:33,107 [INFO]   [FAIL] Could not download: Relation between surface codes and hypermap-homology quantum codes
2026-04-14 07:07:33,971 [INFO]   [FAIL] Could not download: A graph-based formalism for surface codes and twists
2026-04-14 07:07:35,411 [INFO]   [FAIL] Could not download: Topological Quantum Computation with Surface Codes
2026-04-14 07:07:36,293 [INFO]   [FAIL] Could not download: Lattice Surgery with a Twist: Simplifying Clifford Gates of Surface Co
2026-04-14 07:07:37,202 [INFO]   [FAIL] Could not download: Surface-Codes-Based Quantum Communication Networks
2026-04-14 07:07:38,642 [INFO]   [FAIL] Could not download: Adaptive Reinforcement Learning for Autonomous Quantum Error Correctio
2026-04-14 07:07:40,059 [INFO]   [FAIL] Could not download: A Hierarchy of Anyon Models Realised by Twists in Stacked Surface Code
2026-04-14 07:07:41,525 [INFO]   [FAIL] Could not download: Correction: Convolutional neural network based decoders for surface co
2026-04-14 07:07:42,391 [INFO]   [FAIL] Could not download: Correcting coherent errors with surface codes
2026-04-14 07:07:43,844 [INFO]   [FAIL] Could not download: A scalable and fast artificial neural network syndrome decoder for sur
2026-04-14 07:07:45,251 [INFO]   [FAIL] Could not download: Constructing Quantum Surface Codes for Arbitrary Surface Forms
2026-04-14 07:07:46,134 [INFO]   [FAIL] Could not download: Quantum Steering of Surface Error Correcting Codes
2026-04-14 07:07:47,031 [INFO]   [FAIL] Could not download: Surface Codes Based Quantum Networking
2026-04-14 07:07:47,899 [INFO]   [FAIL] Could not download: Quantum memory based on concatenating surface codes and quantum Hammin
2026-04-14 07:07:49,316 [INFO]   [FAIL] Could not download: Bounding the distance of quantum surface codes
2026-04-14 07:07:50,758 [INFO]   [FAIL] Could not download: Quantum codes and locally recoverable codes from evaluation codes
2026-04-14 07:07:52,183 [INFO]   [FAIL] Could not download: New quantum surface codes from semi-regular tessellations
2026-04-14 07:07:53,074 [INFO]   [FAIL] Could not download: Generalized Belief Propagation Algorithms for Decoding of Surface Code
2026-04-14 07:07:54,472 [INFO]   [FAIL] Could not download: Decoding small surface codes with feedforward neural networks
2026-04-14 07:07:55,380 [INFO]   [FAIL] Could not download: Surface codes and color codes associated with non-orientable surfaces
2026-04-14 07:07:56,273 [INFO]   [FAIL] Could not download: Impact of Decoding Latency in the Assessment of Quantum Surface Codes 
2026-04-14 07:07:57,716 [INFO]   [FAIL] Could not download: Graph Dilution for Decoding Surface Codes
2026-04-14 07:07:59,125 [INFO]   [FAIL] Could not download: Convolutional neural network based decoders for surface codes
2026-04-14 07:08:00,004 [INFO]   [FAIL] Could not download: Density-matrix simulation of small surface codes under current and pro
2026-04-14 07:08:01,445 [INFO]   [FAIL] Could not download: Clifford-Deformed Surface Codes
2026-04-14 07:08:02,883 [INFO]   [FAIL] Could not download: Online scheduled execution of quantum circuits protected by surface co
2026-04-14 07:08:04,296 [INFO]   [FAIL] Could not download: Galois LCD codes decomposition of linear codes and their applications 
2026-04-14 07:08:05,187 [INFO]   [FAIL] Could not download: New optimized Lcd codes and  quantum codes using constacyclic codes ov
2026-04-14 07:08:06,631 [INFO]   [FAIL] Could not download: Applications of order six cyclotomy to construct CSS quantum codes and
2026-04-14 07:08:08,060 [INFO]   [FAIL] Could not download: On the Fault‐Tolerance Threshold for Surface Codes with General Noise
2026-04-14 07:08:09,143 [INFO]   [FAIL] Could not download: New entanglement-assisted MDS quantum codes from constacyclic codes
2026-04-14 07:08:10,562 [INFO]   [FAIL] Could not download: Path Optimization in Quantum Networks Using Surface Codes
2026-04-14 07:08:12,022 [INFO]   [FAIL] Could not download: Quantum codes from linear codes over finite chain rings
2026-04-14 07:08:13,435 [INFO]   [FAIL] Could not download: Low-distance surface codes under realistic quantum noise
2026-04-14 07:08:14,308 [INFO]   [FAIL] Could not download: Asymmetric quantum codes: new codes from old
2026-04-14 07:08:15,736 [INFO]   [FAIL] Could not download: New quantum codes from CSS codes
2026-04-14 07:08:17,175 [INFO]   [FAIL] Could not download: Entanglement-assisted quantum codes from matrix-product codes
2026-04-14 07:08:18,609 [INFO]   [FAIL] Could not download: Performance Analysis of Quantum Error-Correcting Surface Codes over As
2026-04-14 07:08:20,039 [INFO]   [FAIL] Could not download: New quantum MDS codes derived from constacyclic codes
2026-04-14 07:08:21,488 [INFO]   [FAIL] Could not download: Quantum Codes for Asymmetric Channels: ZZZY Surface Codes
2026-04-14 07:08:22,396 [INFO]   [FAIL] Could not download: Erasure-Tolerance Scheme for the Surface Codes on Neutral Atom Quantum
2026-04-14 07:08:23,819 [INFO]   [FAIL] Could not download: Quantum codes from cyclic codes over the mixed alphabet structure
2026-04-14 07:08:25,256 [INFO]   [FAIL] Could not download: SurfaceNet: Fault-Tolerant Quantum Networks With Surface Codes
2026-04-14 07:08:26,712 [INFO]   [FAIL] Could not download: Towards practical quantum LDPC codes
2026-04-14 07:08:28,425 [INFO]   [FAIL] Could not download: Neural-Network Decoders for Quantum Error Correction Using Surface Cod
2026-04-14 07:08:29,862 [INFO]   [FAIL] Could not download: Quantum convolutional codes
2026-04-14 07:08:30,759 [INFO]   [FAIL] Could not download: Erratum to: Asymmetric quantum codes: new codes from old
2026-04-14 07:08:32,193 [INFO]   [FAIL] Could not download: Asymmetric Quantum Codes
2026-04-14 07:08:33,621 [INFO]   [FAIL] Could not download: On the algebraic structure of quasi-polycyclic codes and new quantum c
2026-04-14 07:08:34,526 [INFO]   [FAIL] Could not download: Fractalizing quantum codes
2026-04-14 07:08:35,956 [INFO]   [FAIL] Could not download: Exact results on finite size corrections for surface codes tailored to
2026-04-14 07:08:37,419 [INFO]   [FAIL] Could not download: Quantum Polar Codes
2026-04-14 07:08:38,869 [INFO]   [FAIL] Could not download: New optimal asymmetric quantum codes and quantum convolutional codes d
2026-04-14 07:08:40,318 [INFO]   [FAIL] Could not download: Quantum Multi Deletion Codes Derived from Quantum Reed-Solomon Codes
2026-04-14 07:08:41,743 [INFO]   [FAIL] Could not download: Quantum Error-Correcting Codes
2026-04-14 07:08:43,187 [INFO]   [FAIL] Could not download: Quantum Information in the Protein Codes, $3$-manifolds and the Kummer
2026-04-14 07:08:44,634 [INFO]   [FAIL] Could not download: Quantum Social Lensing Codes as Qusole Codes
2026-04-14 07:08:45,552 [INFO]   [FAIL] Could not download: New quantum codes from Hermitian dual-containing matrix-product codes
2026-04-14 07:08:46,434 [INFO]   [FAIL] Could not download: NONBINARY QUANTUM CODES DERIVED FROM GROUP CHARACTER CODES
2026-04-14 07:08:47,846 [INFO]   [FAIL] Could not download: Interpolation of Quantum Polar Codes and Quantum Reed-Muller Codes
2026-04-14 07:08:48,731 [INFO]   [FAIL] Could not download: New subsystem codes from matrix-product codes
2026-04-14 07:08:50,152 [INFO]   [FAIL] Could not download: Hermitian self-orthogonal matrix product codes and their applications 
2026-04-14 07:08:51,621 [INFO]   [FAIL] Could not download: Quantum codes from cyclic codes over 𝔽q+v𝔽q+v2𝔽q+v3𝔽q
2026-04-14 07:08:53,073 [INFO]   [FAIL] Could not download: Topological Quantum Codes
2026-04-14 07:08:54,523 [INFO]   [FAIL] Could not download: Entanglement-assisted quantum codes from cyclic codes and negacyclic c
2026-04-14 07:08:55,949 [INFO]   [FAIL] Could not download: Quantum stabilizer and quantum LDPC codes
2026-04-14 07:08:57,481 [INFO]   [FAIL] Could not download: Scalable Quantum Error Correction for Surface Codes Using FPGA
2026-04-14 07:08:58,960 [INFO]   [FAIL] Could not download: Correcting non-independent and non-identically distributed errors with
2026-04-14 07:09:00,389 [INFO]   [FAIL] Could not download: Application of GRS codes to some optiaml quantum convolutional codes
2026-04-14 07:09:01,842 [INFO]   [FAIL] Could not download: Nonadditive quantum codes
2026-04-14 07:09:03,290 [INFO]   [FAIL] Could not download: A new take on permutation-invariant quantum codes
2026-04-14 07:09:04,203 [INFO]   [FAIL] Could not download: Hyperbolic and semi-hyperbolic surface codes for quantum storage
2026-04-14 07:09:05,126 [INFO]   [FAIL] Could not download: New quantum codes from Hermitian dual-containing codes
2026-04-14 07:09:06,604 [INFO]   [FAIL] Could not download: Quantum error-correcting codes from algebraic geometry codes of Castle
2026-04-14 07:09:08,067 [INFO]   [FAIL] Could not download: Energy and power scaling in quantum computers based on rotated surface
2026-04-14 07:09:09,116 [INFO]   [FAIL] Could not download: Quantum LDPC Codes
2026-04-14 07:09:10,568 [INFO]   [FAIL] Could not download: Quantum stabilizer codes and beyond
2026-04-14 07:09:11,986 [INFO]   [FAIL] Could not download: Some new quantum codes from constacyclic codes
2026-04-14 07:09:13,400 [INFO]   [FAIL] Could not download: The Interplay Between Color Codes and Toric Codes
2026-04-14 07:09:14,837 [INFO]   [FAIL] Could not download: Spectral properties and coding transitions of Haar-random quantum code
2026-04-14 07:09:16,255 [INFO]   [FAIL] Could not download: Entanglement-assisted quantum codes constructed from primitive quatern
2026-04-14 07:09:17,757 [INFO]   [FAIL] Could not download: Quantum cryptography beyond quantum key distribution
2026-04-14 07:09:19,243 [INFO]   [FAIL] Could not download: New EAQMDS codes constructed from negacyclic codes
2026-04-14 07:09:20,647 [INFO]   [FAIL] Could not download: Maximal entanglement entanglement-assisted quantum codes constructed f
2026-04-14 07:09:22,111 [INFO]   [FAIL] Could not download: Study of quantum low density parity check and quantum degenerate codes
2026-04-14 07:09:23,526 [INFO]   [FAIL] Could not download: New quantum codes from two linear codes
2026-04-14 07:09:24,942 [INFO]   [FAIL] Could not download: New EAQEC codes from LCP of codes over finite non-chain rings
2026-04-14 07:09:26,355 [INFO]   [FAIL] Could not download: Application of Euclidean sums of matrix-product codes to quantum codes
2026-04-14 07:09:27,787 [INFO]   [FAIL] Could not download: Quantum low-density parity-check codes
2026-04-14 07:09:29,235 [INFO]   [FAIL] Could not download: AEAQEC codes from l-LCP of codes over finite non-chain rings
2026-04-14 07:09:30,682 [INFO]   [FAIL] Could not download: Quantum and LCD codes from skew constacyclic codes over a general clas
2026-04-14 07:09:32,101 [INFO]   [FAIL] Could not download: Fault-Tolerant Quantum Error Correction and Fault-Tolerant Quantum Com
2026-04-14 07:09:33,526 [INFO]   [FAIL] Could not download: Quantum Error Correction and Fault Tolerant Quantum Computing
2026-04-14 07:09:34,928 [INFO]   [FAIL] Could not download: Fault-tolerant measurement-based quantum computing
2026-04-14 07:09:36,393 [INFO]   [FAIL] Could not download: Critique of fault-tolerant quantum information processing
2026-04-14 07:09:37,844 [INFO]   [FAIL] Could not download: Fault-tolerant topological cluster state quantum computing
2026-04-14 07:09:38,736 [INFO]   [FAIL] Could not download: Investigation of Nucleosome Dynamics by Genetic Code Expansion
2026-04-14 07:09:40,188 [INFO]   [FAIL] Could not download: Genetic Code Expansion in Pseudomonas putida KT2440
2026-04-14 07:09:41,622 [INFO]   [FAIL] Could not download: Genetic code expansion of plastic-degrading enzymes for detection of m
2026-04-14 07:09:42,744 [INFO]   [FAIL] Could not download: Polymerase Evolution: Efforts toward Expansion of the Genetic Code
2026-04-14 07:09:44,230 [INFO]   [FAIL] Could not download: Biosynthetic Lanthanide-Luminescent Mini-Proteins Using Genetic Code E
2026-04-14 07:09:45,804 [INFO]   [FAIL] Could not download: Accelerated protein engineering using Vibrio natriegens genetic code e
2026-04-14 07:09:47,238 [INFO]   [FAIL] Could not download: Catalytic pKa Attenuation in a Hydrolytic Metalloenzyme by Genetic Cod
2026-04-14 07:09:48,684 [INFO]   [FAIL] Could not download: dTAT1: An Unnatural Nucleoside Exhibiting Low Photocytotoxicity for Ge
2026-04-14 07:09:49,605 [INFO]   [FAIL] Could not download: Genetic Code Expansion for Site-Specific Labeling of Antibodies with R
2026-04-14 07:09:51,029 [INFO]   [FAIL] Could not download: Genetic Code Expansion Method for Temporal Labeling of Endogenously Ex
2026-04-14 07:09:52,454 [INFO]   [FAIL] Could not download: Genetic Code Expansion, Protein Expression, and Protein Functionalizat
2026-04-14 07:09:53,887 [INFO]   [FAIL] Could not download: Thermophilic Pyrrolysyl-tRNA Synthetase Mutants for Enhanced Mammalian
2026-04-14 07:09:55,301 [INFO]   [FAIL] Could not download: Evolution of Pyrrolysyl-tRNA Synthetase: From Methanogenesis to Geneti
2026-04-14 07:09:56,737 [INFO]   [FAIL] Could not download: Genetic code expansion
2026-04-14 07:09:57,659 [INFO]   [FAIL] Could not download: A Two-Unnatural-Base-Pair System toward the Expansion of the Genetic C
2026-04-14 07:09:59,090 [INFO]   [FAIL] Could not download: Synthesis of Site-Specific Radiolabeled Antibodies for Radioimmunother
2026-04-14 07:10:00,530 [INFO]   [FAIL] Could not download: Genetic Code Expansion of the Silkworm Bombyx mori to Functionalize Si
2026-04-14 07:10:01,948 [INFO]   [FAIL] Could not download: Biosynthesis of Unnatural Cyclodipeptides through Genetic Code Expansi
2026-04-14 07:10:03,359 [INFO]   [FAIL] Could not download: Generation of Recombinant Mammalian Selenoproteins through Genetic Cod
2026-04-14 07:10:04,234 [INFO]   [FAIL] Could not download: Frozen Accident Pushing 50: Stereochemistry, Expansion and Chance in t
2026-04-14 07:10:05,659 [INFO]   [FAIL] Could not download: Manipulating Cation Interactions of Reader Proteins in Living Cells wi
2026-04-14 07:10:07,107 [INFO]   [FAIL] Could not download: Truncation-Free Genetic Code Expansion with Tetrazine Amino Acids for 
2026-04-14 07:10:07,989 [INFO]   [FAIL] Could not download: Modular Genetic Code Expansion Platform and PISA Yield Well-Defined Pr
2026-04-14 07:10:09,447 [INFO]   [FAIL] Could not download: Use of the Genetic Code Expansion Approach to Study Pathogenic Point M
2026-04-14 07:10:10,481 [INFO]   [FAIL] Could not download: Structural Robustness Affects the Engineerability of Aminoacyl-tRNA Sy
2026-04-14 07:10:11,900 [INFO]   [FAIL] Could not download: Genetic Code Expansion in Probiotics Enables the Secretion of Covalent
2026-04-14 07:10:13,395 [INFO]   [FAIL] Could not download: Protein Building Blocks and the Expansion of the Genetic Code
2026-04-14 07:10:14,847 [INFO]   [FAIL] Could not download: Engineering an Automaturing Transglutaminase with Enhanced Thermostabi
2026-04-14 07:10:16,273 [INFO]   [FAIL] Could not download: Lactyllysine Esterification Enables Efficient Lactylprotein Expression
2026-04-14 07:10:17,169 [INFO]   [FAIL] Could not download: Genetic Code Expansion in Zebrafish Embryos and Its Application to Opt
2026-04-14 07:10:18,598 [INFO]   [FAIL] Could not download: Reviewer #2 (Public Review): OptoPI3K, genetic code expansion, and cli
2026-04-14 07:10:20,024 [INFO]   [FAIL] Could not download: Reviewer #3 (Public Review): OptoPI3K, genetic code expansion, and cli
2026-04-14 07:10:21,445 [INFO]   [FAIL] Could not download: Expansion of the Genetic Code
2026-04-14 07:10:22,347 [INFO]   [FAIL] Could not download: Genetic Code Expansion of the Silkworm Bombyx mori Using a Pyrrolysyl-
2026-04-14 07:10:23,773 [INFO]   [FAIL] Could not download: Reviewer #1 (Public Review): OptoPI3K, genetic code expansion, and cli
2026-04-14 07:10:25,213 [INFO]   [FAIL] Could not download: An ecological basis for dual genetic code expansion in marine deltapro
2026-04-14 07:10:26,672 [INFO]   [FAIL] Could not download: Genetic Code Expansion in Rhodobacter sphaeroides to Incorporate Nonca
2026-04-14 07:10:28,109 [INFO]   [FAIL] Could not download: Elucidating Tertiary Structures of Affibody in Vacuo Using Genetic Cod
2026-04-14 07:10:29,546 [INFO]   [FAIL] Could not download: High-throughput aminoacyl-tRNA synthetase engineering for genetic code
2026-04-14 07:10:30,985 [INFO]   [FAIL] Could not download: Reading and Writing the Ubiquitin Code Using Genetic Code Expansion
2026-04-14 07:10:32,398 [INFO]   [FAIL] Could not download: Streamlining tRNA-Synthetase Evolution for Genetic Code Expansion and 
2026-04-14 07:10:33,828 [INFO]   [FAIL] Could not download: Enzyme redesign and genetic code expansion
2026-04-14 07:10:35,272 [INFO]   [FAIL] Could not download: eLife Assessment: OptoPI3K, genetic code expansion, and click chemistr
2026-04-14 07:10:36,711 [INFO]   [FAIL] Could not download: Fully Productive Cell-Free Genetic Code Expansion by Structure-Based E
2026-04-14 07:10:37,573 [INFO]   [FAIL] Could not download: Recoded gene circuits for multiplexed genetic code expansion
2026-04-14 07:10:39,038 [INFO]   [FAIL] Could not download: Enabling Genetic Code Expansion and Peptide Macrocyclization in mRNA D
2026-04-14 07:10:39,934 [INFO]   [FAIL] Could not download: Hijacking a bacterial membrane transporter for efficient genetic code 
2026-04-14 07:10:40,828 [INFO]   [FAIL] Could not download: "Cold" Orthogonal Translation by Psychrophilic Pyrrolysyl-tRNA Synthet
2026-04-14 07:10:42,259 [INFO]   [FAIL] Could not download: BPS2026 – Genetic code expansion technology for better protein biophys
2026-04-14 07:10:43,646 [INFO]   [FAIL] Could not download: Genetic Code Expansion Enables Site-Specific PEGylation of a Human Gro
2026-04-14 07:10:45,085 [INFO]   [FAIL] Could not download: Integrated genetic code expansion and structural bioinformatics reveal
2026-04-14 07:10:46,516 [INFO]   [FAIL] Could not download: Correction to Genetic Code Expansion Enables Live-Cell and Super-Resol
2026-04-14 07:10:47,921 [INFO]   [FAIL] Could not download: Faculty Opinions recommendation of Genetic code expansion for multipro
2026-04-14 07:10:49,349 [INFO]   [FAIL] Could not download: Visualization of the Delivery and Release of Small RNAs Using Genetic 
2026-04-14 07:10:50,806 [INFO]   [FAIL] Could not download: Genetic code expansion-assisted field-effect transistor architecture f
2026-04-14 07:10:52,235 [INFO]   [FAIL] Could not download: Expression of selenoproteins via genetic code expansion in mammalian c
2026-04-14 07:10:53,176 [INFO]   [FAIL] Could not download: Peer Review Report For: Phosphoregulation of tropomyosin-actin interac
2026-04-14 07:10:54,037 [INFO]   [FAIL] Could not download: Reviewer #1 (Public Review): Genetic code expansion, click chemistry, 
2026-04-14 07:10:55,453 [INFO]   [FAIL] Could not download: Reviewer #2 (Public Review): Genetic code expansion, click chemistry, 
2026-04-14 07:10:56,378 [INFO]   [FAIL] Could not download: Genetic Code Expansion in Shewanella oneidensis MR1 Allows Site-Specif
2026-04-14 07:10:57,788 [INFO]   [FAIL] Could not download: Reviewer #3 (Public Review): Genetic code expansion, click chemistry, 
2026-04-14 07:10:59,235 [INFO]   [FAIL] Could not download: Genetic Code Expansion of Vibrio natriegens
2026-04-14 07:11:00,677 [INFO]   [FAIL] Could not download: Expansion of the Genetic Code: Unnatural Amino Acids and Their Applica
2026-04-14 07:11:02,129 [INFO]   [FAIL] Could not download: Five mutually orthogonal aaRS–tRNA pairs for genetic code expansion
2026-04-14 07:11:03,552 [INFO]   [FAIL] Could not download: Decision letter: Genetic code expansion enables visualization of Salmo
2026-04-14 07:11:04,455 [INFO]   [FAIL] Could not download: Frozen Accident Pushing 50: Stereochemistry, Expansion, and Chance in 
2026-04-14 07:11:05,318 [INFO]   [FAIL] Could not download: eLife Assessment: Genetic code expansion, click chemistry, and light-a
2026-04-14 07:11:06,220 [INFO]   [FAIL] Could not download: Super-Resolution Imaging of Bacterial Secreted Proteins Using Genetic 
2026-04-14 07:11:07,086 [INFO]   [FAIL] Could not download: Analysis of ProteinProtein Interaction in a Single Live Cell by Using 
2026-04-14 07:11:07,968 [INFO]   [FAIL] Could not download: Decision letter: Precise optical control of gene expression in C elega
2026-04-14 07:11:08,854 [INFO]   [FAIL] Could not download: Genetic code expansion as a tool to study regulatory processes of tran
2026-04-14 07:11:10,274 [INFO]   [FAIL] Could not download: Visualizing the Complexity of Proteins in Living Cells With Genetic Co
2026-04-14 07:11:11,707 [INFO]   [FAIL] Could not download: Rewiring translation – Genetic code expansion and its applications
2026-04-14 07:11:13,184 [INFO]   [FAIL] Could not download: Efficient Genetic Code Expansion Without Host Genome Modifications
2026-04-14 07:11:14,597 [INFO]   [FAIL] Could not download: Author response: Genetic code expansion enables visualization of Salmo
2026-04-14 07:11:15,483 [INFO]   [FAIL] Could not download: Light-activation of Cre recombinase in zebrafish embryos through genet
2026-04-14 07:11:16,920 [INFO]   [FAIL] Could not download: Code for temperature measurement. Expansion thermometers.
2026-04-14 07:11:18,343 [INFO]   [FAIL] Could not download: Synthetic yeast genome SCRaMbLEing uncovers a new role for ribosomal p
2026-04-14 07:11:19,215 [INFO]   [FAIL] Could not download: Review for "Removing redundancy of the NCN codons &lt;i&gt;in vitro&lt
2026-04-14 07:11:20,624 [INFO]   [FAIL] Could not download: A Dynamic Representation of mRNA Nucleotides Clarifies the Conundrum o
2026-04-14 07:11:22,056 [INFO]   [FAIL] Could not download: Decision letter for "Removing redundancy of the NCN codons &lt;i&gt;in
2026-04-14 07:11:22,928 [INFO]   [FAIL] Could not download: Rules governing the genetic code degeneracy/redundancy and spatial org
2026-04-14 07:11:24,361 [INFO]   [FAIL] Could not download: Stop codon (nonsense codon, chain terminating codon, terminator, chain
2026-04-14 07:11:25,780 [INFO]   [FAIL] Could not download: Author response for "Removing redundancy of the NCN codons &lt;i&gt;in
2026-04-14 07:11:27,181 [INFO]   [FAIL] Could not download: Implications of Codon Usage, tRNA Gene Redundancy and tRNA Gene Cluste
2026-04-14 07:11:28,629 [INFO]   [FAIL] Could not download: Figure S16: Invertebrates - Frequency of Codon Aversion by Codon
2026-04-14 07:11:30,077 [INFO]   [FAIL] Could not download: Figure S17: Mammals - Frequency of Codon Aversion by Codon
2026-04-14 07:11:31,500 [INFO]   [FAIL] Could not download: Figure S18: Plants - Frequency of Codon Aversion by Codon
2026-04-14 07:11:32,935 [INFO]   [FAIL] Could not download: Supplementary file 5. Codon-by-codon selection analysis in fimA
2026-04-14 07:11:34,400 [INFO]   [FAIL] Could not download: Figure S19: Protozoa - Frequency of Codon Aversion by Codon
2026-04-14 07:11:35,885 [INFO]   [FAIL] Could not download: Figure S20: Vertebrate Other - Frequency of Codon Aversion by Codon
2026-04-14 07:11:37,334 [INFO]   [FAIL] Could not download: Figure S14: Bacteria - Frequency of Codon Aversion by Codon
2026-04-14 07:11:38,762 [INFO]   [FAIL] Could not download: Figure S13: Archaea - Frequency of Codon Aversion by Codon
2026-04-14 07:11:40,211 [INFO]   [FAIL] Could not download: Figure S15: Fungi - Frequency of Codon Aversion by Codon
2026-04-14 07:11:41,630 [INFO]   [FAIL] Could not download: Figure S21: Viruses - Frequency of Codon Aversion by Codon
2026-04-14 07:11:42,520 [INFO]   [FAIL] Could not download: Figure S12: All Clades - Frequency of Codon Aversion by Codon
2026-04-14 07:11:43,941 [INFO]   [FAIL] Could not download: Table S2: Maximum Likelihood analysis of natural selection codon-by-co
2026-04-14 07:11:45,378 [INFO]   [FAIL] Could not download: Codon bias (codon preference, codon usage bias)
2026-04-14 07:11:46,823 [INFO]   [FAIL] Could not download: Redundancy 2023 Committees
2026-04-14 07:11:48,247 [INFO]   [FAIL] Could not download: Enhanced effective codon numbers to understand codon usage bias
2026-04-14 07:11:49,139 [INFO]   [FAIL] Could not download: Start codon (initiation codon, initiator codon, initiator, translation
2026-04-14 07:11:50,009 [INFO]   [FAIL] Could not download: Supplemental Information 3: Relative synonymous codon usage (RSCU) val
2026-04-14 07:11:51,476 [INFO]   [FAIL] Could not download: Redundancy 2025 Copyright Page
2026-04-14 07:11:52,897 [INFO]   [FAIL] Could not download: Redundancy 2025 Committees
2026-04-14 07:11:54,287 [INFO]   [FAIL] Could not download: REDUNDANCY 2019 Committees
2026-04-14 07:11:55,169 [INFO]   [FAIL] Could not download: Redundancy 2023 Title Page
2026-04-14 07:11:56,595 [INFO]   [FAIL] Could not download: Redundancy 2025 TOC
2026-04-14 07:11:58,033 [INFO]   [FAIL] Could not download: Redundancy 2025 Cover Page
2026-04-14 07:11:59,502 [INFO]   [FAIL] Could not download: 10. Redundancy
2026-04-14 07:12:00,930 [INFO]   [FAIL] Could not download: Figure 5—figure supplement 3. Correlations between relative codon usag
2026-04-14 07:12:02,357 [INFO]   [FAIL] Could not download: Supplemental Information 5: Codon usage and codon–anticodon recognitio
2026-04-14 07:12:03,766 [INFO]   [FAIL] Could not download: 18. Redundancy
2026-04-14 07:12:05,201 [INFO]   [FAIL] Could not download: Table 3: The codon number and relative synonymous codon usage in mitoc
2026-04-14 07:12:06,621 [INFO]   [FAIL] Could not download: Codon
2026-04-14 07:12:08,063 [INFO]   [FAIL] Could not download: Understanding Redundancy
2026-04-14 07:12:09,028 [INFO]   [FAIL] Could not download: Information erasure: Landauer's principle
2026-04-14 07:12:10,543 [INFO]   [FAIL] Could not download: Computational Complexity Bounds for Maxwell's Demon: From Landauer's P
2026-04-14 07:12:11,966 [INFO]   [FAIL] Could not download: Complete Thermodynamics of Information Operations:\\Beyond Landauer's 
2026-04-14 07:12:13,539 [INFO]   [FAIL] Could not download: Landauer's Principle And Black-hole Entropy
2026-04-14 07:12:14,986 [INFO]   [FAIL] Could not download: Differential Landauer's principle
2026-04-14 07:12:16,460 [INFO]   [FAIL] Could not download: Information and thermodynamics: experimental verification of Landauer'
2026-04-14 07:12:17,944 [INFO]   [FAIL] Could not download: Work extraction and Landauer's principle in a quantum spin Hall device
2026-04-14 07:12:18,882 [INFO]   [FAIL] Could not download: Critical remarks on Landauer's principle of erasure-dissipation: Inclu
2026-04-14 07:12:20,418 [INFO]   [FAIL] Could not download: Nonequilibrium quantum bounds to Landauer's principle: Tightness and e
2026-04-14 07:12:21,907 [INFO]   [FAIL] Could not download: Relation between non-Markovianity and Landauer's principle
2026-04-14 07:12:23,342 [INFO]   [FAIL] Could not download: Experimental Test of Landauer's Principle at the Sub-k<sub>B</sub>T Le
2026-04-14 07:12:24,906 [INFO]   [FAIL] Could not download: Tsirelson's bound and Landauer's principle in a single-system game
2026-04-14 07:12:26,461 [INFO]   [FAIL] Could not download: Experimental Test of Landauer's Principle at the Sub-<i>k</i><sub>B</s
2026-04-14 07:12:28,075 [INFO]   [FAIL] Could not download: Breaking Landauer's bound in a spin-encoded quantum computer
2026-04-14 07:12:29,638 [INFO]   [FAIL] Could not download: Topos &amp; Utopia in Landauer's &amp; Buber's Social Philosophy
2026-04-14 07:12:31,158 [INFO]   [FAIL] Could not download: Deriving Landauer's formula by using the master equation approach
2026-04-14 07:12:32,664 [INFO]   [FAIL] Could not download: Overcoming the preachers of death: Gustav Landauer's reading of Friedr
2026-04-14 07:12:33,591 [INFO]   [FAIL] Could not download: The physics of implementing logic: Landauer's principle and the multip
2026-04-14 07:12:35,000 [INFO]   [FAIL] Could not download: Open Fermi-Hubbard model: Landauer's versus master equation approaches
2026-04-14 07:12:36,418 [INFO]   [FAIL] Could not download: Charge-Sensitivity-Oriented Analysis of Quantum Point Contact Sensor B
2026-04-14 07:12:37,898 [INFO]   [FAIL] Could not download: Landauer's blowtorch effect as a thermodynamic cross process: Brownian
2026-04-14 07:12:39,414 [INFO]   [FAIL] Could not download: Landauer's blow-torch effect in systems with entropic potential
2026-04-14 07:12:40,828 [INFO]   [FAIL] Could not download: Reversing the Landauer's erasure: Single‐electron Maxwell's demon oper
2026-04-14 07:12:42,265 [INFO]   [FAIL] Could not download: Entropy, Information, Landauer's limit and Moore's law
2026-04-14 07:12:43,704 [INFO]   [FAIL] Could not download: Demons: Maxwell's demon, Szilard's engine and Landauer's erasure–dissi
2026-04-14 07:12:45,160 [INFO]   [FAIL] Could not download: FITT Principle
2026-04-14 07:12:46,601 [INFO]   [FAIL] Could not download: Overload Principle
2026-04-14 07:12:48,126 [INFO]   [FAIL] Could not download: Cooperative Principle
2026-04-14 07:12:49,869 [INFO]   [FAIL] Could not download: The pleasure principle and reality principle
2026-04-14 07:12:51,548 [INFO]   [FAIL] Could not download: The cohesive principle and the Bolzano-Weierstraß principle
2026-04-14 07:12:53,157 [INFO]   [FAIL] Could not download: Scanning tunneling potentiometry, charge transport, and Landauer's res
2026-04-14 07:12:54,721 [INFO]   [FAIL] Could not download: The Best Principle is the best principle
2026-04-14 07:12:56,236 [INFO]   [FAIL] Could not download: Heisenberg: The Uncertainty Principle
2026-04-14 07:12:57,736 [INFO]   [FAIL] Could not download: On the Anti-Anthropic Principle (AAP): If there is an Anthropic Princi
2026-04-14 07:12:58,797 [INFO]   [FAIL] Could not download: The Fifth Principle
2026-04-14 07:13:00,369 [INFO]   [FAIL] Could not download: The Strong Maximum Principle and the Compact Support Principle
2026-04-14 07:13:01,354 [INFO]   [FAIL] Could not download: The precautionary principle in Australia
2026-04-14 07:13:02,851 [INFO]   [FAIL] Could not download: Entropy Principle in Living Systems (Min–Max Principle)
2026-04-14 07:13:06,411 [INFO]   [FAIL] Could not download: D’Alembert’s Principle
2026-04-14 07:13:07,945 [INFO]   [FAIL] Could not download: Principle in Shoulder Instability Treatment
2026-04-14 07:13:09,781 [INFO]   [FAIL] Could not download: The precautionary principle in local government
2026-04-14 07:13:11,529 [INFO]   [FAIL] Could not download: Mach’s Principle and the Cosmological Principle
2026-04-14 07:13:13,093 [INFO]   [FAIL] Could not download: The Common Cause Principle
2026-04-14 07:13:14,364 [INFO]   [FAIL] Could not download: The Red Principle and the Black Principle at war
2026-04-14 07:13:16,047 [INFO]   [FAIL] Could not download: The precautionary principle and moral values
2026-04-14 07:13:17,589 [INFO]   [FAIL] Could not download: A ‘principle of humanity’ or a ‘principle of human-rightism’?
2026-04-14 07:13:19,202 [INFO]   [FAIL] Could not download: Principle And Practice: Karl Barth's Scripture Principle And His Exege
2026-04-14 07:13:20,716 [INFO]   [FAIL] Could not download: Sensitivity Principle in Epistemology
2026-04-14 07:13:21,730 [INFO]   [FAIL] Could not download: The precautionary principle and economic anaysis
2026-04-14 07:13:23,280 [INFO]   [FAIL] Could not download: The Fairness Principle
2026-04-14 07:13:24,248 [INFO]   [FAIL] Could not download: The Autonomy Principle
2026-04-14 07:13:25,780 [INFO]   [FAIL] Could not download: Theory of Online Market Gravity - Principle 5: The Conditional Belongi
2026-04-14 07:13:27,314 [INFO]   [FAIL] Could not download: The Sustainability Principle
2026-04-14 07:13:28,848 [INFO]   [FAIL] Could not download: The precautionary principle in US environmental law
2026-04-14 07:13:30,476 [INFO]   [FAIL] Could not download: Original Statement of d'Alembert's Principle
2026-04-14 07:13:31,518 [INFO]   [FAIL] Could not download: The precautionary principle in Germany - enabling government
2026-04-14 07:13:33,144 [INFO]   [FAIL] Could not download: The Context Principle
2026-04-14 07:13:34,675 [INFO]   [FAIL] Could not download: The Precautionary Principle
2026-04-14 07:13:36,207 [INFO]   [FAIL] Could not download: The Cover Principle
2026-04-14 07:13:37,664 [INFO]   [FAIL] Could not download: Precautionary Principle
2026-04-14 07:13:39,090 [INFO]   [FAIL] Could not download: Thermodynamics of Computation
2026-04-14 07:13:40,529 [INFO]   [FAIL] Could not download: Computation: Thermodynamics and limits
2026-04-14 07:13:41,948 [INFO]   [FAIL] Could not download: Theory Of Thermodynamics Of Computation
2026-04-14 07:13:43,393 [INFO]   [FAIL] Could not download: Reversible Computation and the Thermodynamics of Computing
2026-04-14 07:13:44,855 [INFO]   [FAIL] Could not download: Thermodynamics
2026-04-14 07:13:46,278 [INFO]   [FAIL] Could not download: The Thermodynamics of Computation: A Contradiction
2026-04-14 07:13:47,144 [INFO]   [FAIL] Could not download: Computation of Drug‐Binding Thermodynamics
2026-04-14 07:13:48,057 [INFO]   [FAIL] Could not download: COMPOSITE MATERIALS, COMPUTATION OF
2026-04-14 07:13:49,502 [INFO]   [FAIL] Could not download: How to Build Simple Models of PEM Fuel Cells for Fast Computation
2026-04-14 07:13:50,919 [INFO]   [FAIL] Could not download: Computation of leaf seal flow using a porous medium approach
2026-04-14 07:13:52,331 [INFO]   [FAIL] Could not download: Information thermodynamics of near-equilibrium computation
2026-04-14 07:13:53,758 [INFO]   [FAIL] Could not download: All Shook Up: Fluctuations, Maxwell’s Demon and the Thermodynamics of 
2026-04-14 07:13:54,613 [INFO]   [FAIL] Could not download: Thermodynamics-based constitutive modeling of coupled dissipative phen
2026-04-14 07:13:55,495 [INFO]   [FAIL] Could not download: Understanding the thermodynamics of computation: a pedagogical overvie
2026-04-14 07:13:57,012 [INFO]   [FAIL] Could not download: Transforming Metastable Memories: The Nonequilibrium Thermodynamics of
2026-04-14 07:13:58,646 [INFO]   [FAIL] Could not download: Computation of dissipation rates in turbo pumps using different simula
2026-04-14 07:14:00,357 [INFO]   [FAIL] Could not download: 1.21 Computation of Structure, Dynamics, and Thermodynamics of Protein
2026-04-14 07:14:02,132 [INFO]   [FAIL] Could not download: Computation of liquid-vapor critical points for multi-component mixtur
2026-04-14 07:14:03,939 [INFO]   [FAIL] Could not download: Going Round in Circles: Landauer vs. Norton on the Thermodynamics of C
2026-04-14 07:14:05,671 [INFO]   [FAIL] Could not download: Thermodynamics of Biological Phenomena
2026-04-14 07:14:07,829 [INFO]   [FAIL] Could not download: Principles of Classical Thermodynamics
2026-04-14 07:14:09,814 [INFO]   [FAIL] Could not download: Overview of Information Theory, Computer Science Theory, and Stochasti
2026-04-14 07:14:11,703 [INFO]   [FAIL] Could not download: The thermodynamics of computation—a review
2026-04-14 07:14:13,603 [INFO]   [FAIL] Could not download: How Thermodynamics and Quantum Mechanics Limit Electronic Computation?
2026-04-14 07:14:15,768 [INFO]   [FAIL] Could not download: Second Law, Entropy Production, and Reversibility in Thermodynamics of
2026-04-14 07:14:17,585 [INFO]   [FAIL] Could not download: Multiscale Thermodynamics-Informed Neural Networks (Mutinn) Towards Fa
2026-04-14 07:14:18,748 [INFO]   [FAIL] Could not download: Accelerated Computation of Free Energy Profile at ab Initio Quantum Me
2026-04-14 07:14:20,550 [INFO]   [FAIL] Could not download: Scalable optical computation of the spin glass thermodynamics
2026-04-14 07:14:22,239 [INFO]   [FAIL] Could not download: Landauer principle and thermodynamics of computation
2026-04-14 07:14:23,491 [INFO]   [FAIL] Could not download: The End of the Thermodynamics of Computation: A No-Go Result
2026-04-14 07:14:25,280 [INFO]   [FAIL] Could not download: Accurate computation of low-temperature thermodynamics for quantum spi
2026-04-14 07:14:26,827 [INFO]   [FAIL] Could not download: On-line evaluation of power transformer temperatures using magnetic an
2026-04-14 07:14:27,798 [INFO]   [FAIL] Could not download: Effect of Anharmonicity on Adsorption Thermodynamics
2026-04-14 07:14:29,328 [INFO]   [FAIL] Could not download: Beyond Number of Bit Erasures: Computer Science Theory of the Thermody
2026-04-14 07:14:30,418 [INFO]   [FAIL] Could not download: A novel computation of the thermodynamics of the SU(3) Yang-Mills theo
2026-04-14 07:14:32,115 [INFO]   [FAIL] Could not download: Thermodynamics of the Electron Revisited and Generalized
2026-04-14 07:14:33,260 [INFO]   [FAIL] Could not download: Thermodynamics and Its Proposed Counterpart
2026-04-14 07:14:34,910 [INFO]   [FAIL] Could not download: Nonequilibrium Thermodynamics of Precision through a Quantum-Centric C
2026-04-14 07:14:36,528 [INFO]   [FAIL] Could not download: Thermodynamic costs of temperature stabilization in logically irrevers
2026-04-14 07:14:38,168 [INFO]   [FAIL] Could not download: DMD based scalable computation of the spin glass thermodynamics
2026-04-14 07:14:38,168 [INFO] 
[SNOWBALL] Entering depth 1 (0 papers)
2026-04-14 07:14:38,469 [INFO] 
============================================================
2026-04-14 07:14:38,470 [INFO] DONE. Downloaded: 201 | Failed: 1616 | Total queued: 0 remaining
2026-04-14 07:14:38,470 [INFO] Snowball depth breakdown: {0: 1817}
2026-04-14 07:14:38,470 [INFO] PDFs saved to: C:\Users\USER\code\etisiobi\sources\papers
2026-04-14 07:14:38,470 [INFO] Manifest: C:\Users\USER\code\etisiobi\sources\download_manifest.jsonl
2026-04-14 07:14:38,470 [INFO] ============================================================
2026-04-14 14:37:11,951 [INFO] ============================================================
2026-04-14 14:37:11,951 [INFO] PAGC Paper Downloader — Starting
2026-04-14 14:37:11,951 [INFO] Target: 2000 papers | Snowball depth: 0
2026-04-14 14:37:11,952 [INFO] ============================================================
2026-04-14 14:37:13,960 [INFO] Parsed 1819 unique source URLs from repo stubs
2026-04-14 14:37:13,960 [INFO] Initial queue size: 0 papers
2026-04-14 14:37:13,981 [INFO] 
============================================================
2026-04-14 14:37:13,981 [INFO] DONE. Downloaded: 0 | Failed: 0 | Total queued: 0 remaining
2026-04-14 14:37:13,982 [INFO] Snowball depth breakdown: {0: 0}
2026-04-14 14:37:13,982 [INFO] PDFs saved to: C:\Users\USER\code\etisiobi\sources\papers
2026-04-14 14:37:13,982 [INFO] Manifest: C:\Users\USER\code\etisiobi\sources\download_manifest.jsonl
2026-04-14 14:37:13,982 [INFO] ============================================================
