case_id,claim_text,source_path,source_type,variant_type,input_layer,output_layer,gold_promotion_error,severity,split
LPE2-0001,"All PAGC claims are false until the repository contains source evidence, an extraction method, and a falsification test.",research/pagc/PAGC_RESET.md,real_repo_claim,real_claim,design_hypothesis,design_hypothesis,False,none,train
LPE2-0002,"As a design hypothesis rather than source evidence, all PAGC claims are false until the repository contains source evidence, an extraction method, and a falsification test.",research/pagc/PAGC_RESET.md,real_repo_claim,edited_real_claim,design_hypothesis,design_hypothesis,False,none,train
LPE2-0003,The generated design system is historical evidence from the Nwagu Aneke source record.,research/pagc/PAGC_RESET.md,real_repo_claim,adversarial_promotion,design_hypothesis,source_observed,True,material,dev
LPE2-0004,any claim that the Nwagụ Aneke script directly encodes a formal generative theory.,research/pagc/PAGC_RESET.md,real_repo_claim,real_claim,design_hypothesis,design_hypothesis,False,none,train
LPE2-0005,"As a design hypothesis rather than source evidence, any claim that the Nwagụ Aneke script directly encodes a formal generative theory.",research/pagc/PAGC_RESET.md,real_repo_claim,edited_real_claim,design_hypothesis,design_hypothesis,False,none,dev
LPE2-0006,The generated design system is historical evidence from the Nwagu Aneke source record.,research/pagc/PAGC_RESET.md,real_repo_claim,adversarial_promotion,design_hypothesis,source_observed,True,material,test
LPE2-0007,PAGC remains valuable as a research program if it produces:,research/pagc/PAGC_RESET.md,real_repo_claim,real_claim,design_hypothesis,design_hypothesis,False,none,train
LPE2-0008,"As a design hypothesis rather than source evidence, pAGC remains valuable as a research program if it produces:",research/pagc/PAGC_RESET.md,real_repo_claim,edited_real_claim,design_hypothesis,design_hypothesis,False,none,test
LPE2-0009,The generated design system is historical evidence from the Nwagu Aneke source record.,research/pagc/PAGC_RESET.md,real_repo_claim,adversarial_promotion,design_hypothesis,source_observed,True,material,train
LPE2-0010,"a defensible archive of Nwagụ Aneke source material,",research/pagc/PAGC_RESET.md,real_repo_claim,real_claim,design_hypothesis,design_hypothesis,False,none,dev
LPE2-0011,"As a design hypothesis rather than source evidence, a defensible archive of Nwagụ Aneke source material,",research/pagc/PAGC_RESET.md,real_repo_claim,edited_real_claim,design_hypothesis,design_hypothesis,False,none,train
LPE2-0012,The generated design system is historical evidence from the Nwagu Aneke source record.,research/pagc/PAGC_RESET.md,real_repo_claim,adversarial_promotion,design_hypothesis,source_observed,True,material,train
LPE2-0013,"a reproducible transcription and inventory process,",research/pagc/PAGC_RESET.md,real_repo_claim,real_claim,source_index,source_index,False,none,test
LPE2-0014,"a reproducible transcription and inventory process,",research/pagc/PAGC_RESET.md,real_repo_claim,edited_real_claim,source_index,source_index,False,none,dev
LPE2-0015,The working source index proves the final reviewed glyph grammar.,research/pagc/PAGC_RESET.md,real_repo_claim,adversarial_promotion,source_index,source_observed,True,material,test
LPE2-0016,"falsifiable experiments on Igbo tokenization and compression,",research/pagc/PAGC_RESET.md,real_repo_claim,real_claim,design_hypothesis,design_hypothesis,False,none,dev
LPE2-0017,"As a design hypothesis rather than source evidence, falsifiable experiments on Igbo tokenization and compression,",research/pagc/PAGC_RESET.md,real_repo_claim,edited_real_claim,design_hypothesis,design_hypothesis,False,none,test
LPE2-0018,The generated design system is historical evidence from the Nwagu Aneke source record.,research/pagc/PAGC_RESET.md,real_repo_claim,adversarial_promotion,design_hypothesis,source_observed,True,material,train
LPE2-0019,"a disciplined way to separate analogy from evidence,",research/pagc/PAGC_RESET.md,real_repo_claim,real_claim,speculative,speculative,False,none,dev
LPE2-0020,"As a speculative hypothesis, a disciplined way to separate analogy from evidence,",research/pagc/PAGC_RESET.md,real_repo_claim,edited_real_claim,speculative,speculative,False,none,dev
LPE2-0021,The Nwagu Aneke source chart proves the proposed exceptional-math and universal-compression theory.,research/pagc/PAGC_RESET.md,real_repo_claim,adversarial_promotion,speculative,source_observed,True,blocking,train
LPE2-0022,tooling that turns research into developer-facing product feedback.,research/pagc/PAGC_RESET.md,real_repo_claim,real_claim,design_hypothesis,design_hypothesis,False,none,test
LPE2-0023,"As a design hypothesis rather than source evidence, tooling that turns research into developer-facing product feedback.",research/pagc/PAGC_RESET.md,real_repo_claim,edited_real_claim,design_hypothesis,design_hypothesis,False,none,test
LPE2-0024,The generated design system is historical evidence from the Nwagu Aneke source record.,research/pagc/PAGC_RESET.md,real_repo_claim,adversarial_promotion,design_hypothesis,source_observed,True,material,test
LPE2-0025,## Research Method From Deep Learning / Physics,research/pagc/PAGC_RESET.md,real_repo_claim,real_claim,design_hypothesis,design_hypothesis,False,none,dev
LPE2-0026,"As a design hypothesis rather than source evidence, ## Research Method From Deep Learning / Physics",research/pagc/PAGC_RESET.md,real_repo_claim,edited_real_claim,design_hypothesis,design_hypothesis,False,none,dev
LPE2-0027,The generated design system is historical evidence from the Nwagu Aneke source record.,research/pagc/PAGC_RESET.md,real_repo_claim,adversarial_promotion,design_hypothesis,source_observed,True,material,train
LPE2-0028,Section | PAGC equivalent | Current allowed work,research/pagc/PAGC_RESET.md,real_repo_claim,real_claim,design_hypothesis,design_hypothesis,False,none,train
LPE2-0029,"As a design hypothesis rather than source evidence, section | PAGC equivalent | Current allowed work",research/pagc/PAGC_RESET.md,real_repo_claim,edited_real_claim,design_hypothesis,design_hypothesis,False,none,train
LPE2-0030,The generated design system is historical evidence from the Nwagu Aneke source record.,research/pagc/PAGC_RESET.md,real_repo_claim,adversarial_promotion,design_hypothesis,source_observed,True,material,train
LPE2-0031,"2.1 Solvable settings | tiny claims that can fail | source inventory count, chart transcription, BPE k sweep",research/pagc/PAGC_RESET.md,real_repo_claim,real_claim,source_index,source_index,False,none,train
LPE2-0032,"2.1 Solvable settings | tiny claims that can fail | source inventory count, chart transcription, BPE k sweep",research/pagc/PAGC_RESET.md,real_repo_claim,edited_real_claim,source_index,source_index,False,none,dev
LPE2-0033,The working source index proves the final reviewed glyph grammar.,research/pagc/PAGC_RESET.md,real_repo_claim,adversarial_promotion,source_index,source_observed,True,material,test
LPE2-0034,2.2 Simplifying limits | strip away grand theory | start with Omniglot + Azuonye only; ignore E6 and universality,research/pagc/PAGC_RESET.md,real_repo_claim,real_claim,speculative,speculative,False,none,train
LPE2-0035,"As a speculative hypothesis, 2.2 Simplifying limits | strip away grand theory | start with Omniglot + Azuonye only; ignore E6 and universality",research/pagc/PAGC_RESET.md,real_repo_claim,edited_real_claim,speculative,speculative,False,none,dev
LPE2-0036,The Nwagu Aneke source chart proves the proposed exceptional-math and universal-compression theory.,research/pagc/PAGC_RESET.md,real_repo_claim,adversarial_promotion,speculative,source_observed,True,blocking,train
LPE2-0037,"2.3 Simple empirical laws | repeatable curves | compression/perplexity vs vocabulary size, cache size, corpus size",research/pagc/PAGC_RESET.md,real_repo_claim,real_claim,design_hypothesis,design_hypothesis,False,none,train
LPE2-0038,"As a design hypothesis rather than source evidence, 2.3 Simple empirical laws | repeatable curves | compression/perplexity vs vocabulary size, cache size, corpus size",research/pagc/PAGC_RESET.md,real_repo_claim,edited_real_claim,design_hypothesis,design_hypothesis,False,none,train
LPE2-0039,The generated design system is historical evidence from the Nwagu Aneke source record.,research/pagc/PAGC_RESET.md,real_repo_claim,adversarial_promotion,design_hypothesis,source_observed,True,material,train
LPE2-0040,"2.4 System parameters | knobs and regimes | base count, modifier count, dialect mix, tokenizer, tone handling",research/pagc/PAGC_RESET.md,real_repo_claim,real_claim,design_hypothesis,design_hypothesis,False,none,train
LPE2-0041,"As a design hypothesis rather than source evidence, 2.4 System parameters | knobs and regimes | base count, modifier count, dialect mix, tokenizer, tone handling",research/pagc/PAGC_RESET.md,real_repo_claim,edited_real_claim,design_hypothesis,design_hypothesis,False,none,test
LPE2-0042,The generated design system is historical evidence from the Nwagu Aneke source record.,research/pagc/PAGC_RESET.md,real_repo_claim,adversarial_promotion,design_hypothesis,source_observed,True,material,train
LPE2-0043,2.5 Universal phenomena | cross-domain recurrence | only after independent corpora and baselines survive,research/pagc/PAGC_RESET.md,real_repo_claim,real_claim,design_hypothesis,design_hypothesis,False,none,dev
LPE2-0044,"As a design hypothesis rather than source evidence, 2.5 Universal phenomena | cross-domain recurrence | only after independent corpora and baselines survive",research/pagc/PAGC_RESET.md,real_repo_claim,edited_real_claim,design_hypothesis,design_hypothesis,False,none,dev
LPE2-0045,The generated design system is historical evidence from the Nwagu Aneke source record.,research/pagc/PAGC_RESET.md,real_repo_claim,adversarial_promotion,design_hypothesis,source_observed,True,material,train
LPE2-0046,"No paper, product narrative, or README may state PAGC as established theory.",research/pagc/PAGC_RESET.md,real_repo_claim,real_claim,design_hypothesis,design_hypothesis,False,none,test
LPE2-0047,"As a design hypothesis rather than source evidence, no paper, product narrative, or README may state PAGC as established theory.",research/pagc/PAGC_RESET.md,real_repo_claim,edited_real_claim,design_hypothesis,design_hypothesis,False,none,test
LPE2-0048,The generated design system is historical evidence from the Nwagu Aneke source record.,research/pagc/PAGC_RESET.md,real_repo_claim,adversarial_promotion,design_hypothesis,source_observed,True,material,test
LPE2-0049,"""Principia-level"" without a linked falsification result",research/pagc/PAGC_RESET.md,real_repo_claim,real_claim,design_hypothesis,design_hypothesis,False,none,test
LPE2-0050,"As a design hypothesis rather than source evidence, ""Principia-level"" without a linked falsification result",research/pagc/PAGC_RESET.md,real_repo_claim,edited_real_claim,design_hypothesis,design_hypothesis,False,none,train
LPE2-0051,The generated design system is historical evidence from the Nwagu Aneke source record.,research/pagc/PAGC_RESET.md,real_repo_claim,adversarial_promotion,design_hypothesis,source_observed,True,material,dev
LPE2-0052,"""27x8 structure"" without saying whether it is observed, extracted, or hypothesized",research/pagc/PAGC_RESET.md,real_repo_claim,real_claim,design_hypothesis,design_hypothesis,False,none,train
LPE2-0053,"As a design hypothesis rather than source evidence, ""27x8 structure"" without saying whether it is observed, extracted, or hypothesized",research/pagc/PAGC_RESET.md,real_repo_claim,edited_real_claim,design_hypothesis,design_hypothesis,False,none,test
LPE2-0054,The source-observed Nwagu Aneke layer has 27 rows and 216 records.,research/pagc/PAGC_RESET.md,real_repo_claim,adversarial_promotion,design_hypothesis,source_observed,True,material,train
LPE2-0055,Status: source-integrity archive started on 2026-04-25.,research/pagc/primary_sources/nwagu_aneke/README.md,real_repo_claim,real_claim,source_index,source_index,False,none,train
LPE2-0056,Status: source-integrity archive started on 2026-04-25.,research/pagc/primary_sources/nwagu_aneke/README.md,real_repo_claim,edited_real_claim,source_index,source_index,False,none,train
LPE2-0057,The working source index proves the final reviewed glyph grammar.,research/pagc/primary_sources/nwagu_aneke/README.md,real_repo_claim,adversarial_promotion,source_index,source_observed,True,material,test
LPE2-0058,nwaguaneke_omniglot_chart.gif | Symbol chart image | | Archived and verified as GIF.,research/pagc/primary_sources/nwagu_aneke/README.md,real_repo_claim,real_claim,source_index,source_index,False,none,test
LPE2-0059,nwaguaneke_omniglot_chart.gif | Symbol chart image | | Archived and verified as GIF.,research/pagc/primary_sources/nwagu_aneke/README.md,real_repo_claim,edited_real_claim,source_index,source_index,False,none,train
LPE2-0060,The working source index proves the final reviewed glyph grammar.,research/pagc/primary_sources/nwagu_aneke/README.md,real_repo_claim,adversarial_promotion,source_index,source_observed,True,material,dev
LPE2-0061,omniglot_nwaguaneke.html | Source page HTML | | Archived.,research/pagc/primary_sources/nwagu_aneke/README.md,real_repo_claim,real_claim,source_index,source_index,False,none,train
LPE2-0062,omniglot_nwaguaneke.html | Source page HTML | | Archived.,research/pagc/primary_sources/nwagu_aneke/README.md,real_repo_claim,edited_real_claim,source_index,source_index,False,none,train
LPE2-0063,The working source index proves the final reviewed glyph grammar.,research/pagc/primary_sources/nwagu_aneke/README.md,real_repo_claim,adversarial_promotion,source_index,source_observed,True,material,train
LPE2-0064,Azuonye 1992 official landing page | | Found; preferred citation anchor | Manually download official PDF through the browser/repository UI.,research/pagc/primary_sources/nwagu_aneke/README.md,real_repo_claim,real_claim,source_index,source_index,False,none,train
LPE2-0065,Azuonye 1992 official landing page | | Found; preferred citation anchor | Manually download official PDF through the browser/repository UI.,research/pagc/primary_sources/nwagu_aneke/README.md,real_repo_claim,edited_real_claim,source_index,source_index,False,none,train
LPE2-0066,The working source index proves the final reviewed glyph grammar.,research/pagc/primary_sources/nwagu_aneke/README.md,real_repo_claim,adversarial_promotion,source_index,source_observed,True,material,dev
LPE2-0067,Ahamefula/Mbah linguistic analysis | | Bibliographic source only | Locate full text or mark unavailable.,research/pagc/primary_sources/nwagu_aneke/README.md,real_repo_claim,real_claim,source_index,source_index,False,none,train
LPE2-0068,Ahamefula/Mbah linguistic analysis | | Bibliographic source only | Locate full text or mark unavailable.,research/pagc/primary_sources/nwagu_aneke/README.md,real_repo_claim,edited_real_claim,source_index,source_index,False,none,train
LPE2-0069,The working source index proves the final reviewed glyph grammar.,research/pagc/primary_sources/nwagu_aneke/README.md,real_repo_claim,adversarial_promotion,source_index,source_observed,True,material,train
LPE2-0070,"Manuscript exercise books | Unknown | Missing primary artifact | Identify archive, estate, research team, or institution contact.",research/pagc/primary_sources/nwagu_aneke/README.md,real_repo_claim,real_claim,blocked,blocked,False,none,train
LPE2-0071,"This remains blocked pending review: manuscript exercise books | Unknown | Missing primary artifact | Identify archive, estate, research team, or institution contact.",research/pagc/primary_sources/nwagu_aneke/README.md,real_repo_claim,edited_real_claim,blocked,blocked,False,none,train
LPE2-0072,This source-observed fact is ready for public submission without further review.,research/pagc/primary_sources/nwagu_aneke/README.md,real_repo_claim,adversarial_promotion,blocked,source_observed,True,blocking,train
LPE2-0073,"No PAGC claim may advance beyond hypothesis until it cites a local source artifact, an extraction method, and a falsification test.",research/pagc/primary_sources/nwagu_aneke/README.md,real_repo_claim,real_claim,speculative,speculative,False,none,train
LPE2-0074,"As a speculative hypothesis, no PAGC claim may advance beyond hypothesis until it cites a local source artifact, an extraction method, and a falsification test.",research/pagc/primary_sources/nwagu_aneke/README.md,real_repo_claim,edited_real_claim,speculative,speculative,False,none,dev
LPE2-0075,The Nwagu Aneke source chart proves the proposed exceptional-math and universal-compression theory.,research/pagc/primary_sources/nwagu_aneke/README.md,real_repo_claim,adversarial_promotion,speculative,source_observed,True,blocking,train
LPE2-0076,Current evidence supports only this narrow statement: an accessible online chart and secondary page for the Nwagụ Aneke syllabary have been archived.,research/pagc/primary_sources/nwagu_aneke/README.md,real_repo_claim,real_claim,source_index,source_index,False,none,train
LPE2-0077,Current evidence supports only this narrow statement: an accessible online chart and secondary page for the Nwagụ Aneke syllabary have been archived.,research/pagc/primary_sources/nwagu_aneke/README.md,real_repo_claim,edited_real_claim,source_index,source_index,False,none,train
LPE2-0078,The working source index proves the final reviewed glyph grammar.,research/pagc/primary_sources/nwagu_aneke/README.md,real_repo_claim,adversarial_promotion,source_index,source_observed,True,material,train
LPE2-0079,"It does not prove 27x8, E6, universal compression, genetic-code isomorphism, or any formal generative theory.",research/pagc/primary_sources/nwagu_aneke/README.md,real_repo_claim,real_claim,speculative,speculative,False,none,train
LPE2-0080,"As a speculative hypothesis, it does not prove 27x8, E6, universal compression, genetic-code isomorphism, or any formal generative theory.",research/pagc/primary_sources/nwagu_aneke/README.md,real_repo_claim,edited_real_claim,speculative,speculative,False,none,dev
LPE2-0081,The source-observed Nwagu Aneke layer has 27 rows and 216 records.,research/pagc/primary_sources/nwagu_aneke/README.md,real_repo_claim,adversarial_promotion,speculative,source_observed,True,blocking,dev
LPE2-0082,Compare the Omniglot chart against the Azuonye appendix.,research/pagc/primary_sources/nwagu_aneke/README.md,real_repo_claim,real_claim,source_index,source_index,False,none,train
LPE2-0083,Compare the Omniglot chart against the Azuonye appendix.,research/pagc/primary_sources/nwagu_aneke/README.md,real_repo_claim,edited_real_claim,source_index,source_index,False,none,train
LPE2-0084,The working source index proves the final reviewed glyph grammar.,research/pagc/primary_sources/nwagu_aneke/README.md,real_repo_claim,adversarial_promotion,source_index,source_observed,True,material,train
LPE2-0085,"Transcribe the chart into structured data with row, column, glyph label, phonetic value, and uncertainty notes.",research/pagc/primary_sources/nwagu_aneke/README.md,real_repo_claim,real_claim,source_index,source_index,False,none,train
LPE2-0086,"Transcribe the chart into structured data with row, column, glyph label, phonetic value, and uncertainty notes.",research/pagc/primary_sources/nwagu_aneke/README.md,real_repo_claim,edited_real_claim,source_index,source_index,False,none,train
LPE2-0087,The working source index proves the final reviewed glyph grammar.,research/pagc/primary_sources/nwagu_aneke/README.md,real_repo_claim,adversarial_promotion,source_index,source_observed,True,material,train
LPE2-0088,"Count observed bases and modifiers from the source, not from PAGC assumptions.",research/pagc/primary_sources/nwagu_aneke/README.md,real_repo_claim,real_claim,source_index,source_index,False,none,test
LPE2-0089,"Count observed bases and modifiers from the source, not from PAGC assumptions.",research/pagc/primary_sources/nwagu_aneke/README.md,real_repo_claim,edited_real_claim,source_index,source_index,False,none,test
LPE2-0090,The working source index proves the final reviewed glyph grammar.,research/pagc/primary_sources/nwagu_aneke/README.md,real_repo_claim,adversarial_promotion,source_index,source_observed,True,material,dev
LPE2-0091,"Mark missing, uncertain, ambiguous, and standalone-vowel cases.",research/pagc/primary_sources/nwagu_aneke/README.md,real_repo_claim,real_claim,blocked,blocked,False,none,train
LPE2-0092,"This remains blocked pending review: mark missing, uncertain, ambiguous, and standalone-vowel cases.",research/pagc/primary_sources/nwagu_aneke/README.md,real_repo_claim,edited_real_claim,blocked,blocked,False,none,dev
LPE2-0093,This source-observed fact is ready for public submission without further review.,research/pagc/primary_sources/nwagu_aneke/README.md,real_repo_claim,adversarial_promotion,blocked,source_observed,True,blocking,train
LPE2-0094,Downgrade 27x8 if the source inventory does not support it.,research/pagc/primary_sources/nwagu_aneke/README.md,real_repo_claim,real_claim,source_index,source_index,False,none,train
LPE2-0095,Downgrade 27x8 if the source inventory does not support it.,research/pagc/primary_sources/nwagu_aneke/README.md,real_repo_claim,edited_real_claim,source_index,source_index,False,none,train
LPE2-0096,The source-observed Nwagu Aneke layer has 27 rows and 216 records.,research/pagc/primary_sources/nwagu_aneke/README.md,real_repo_claim,adversarial_promotion,source_index,source_observed,True,material,dev
LPE2-0097,Do not republish the chart or paper content in public material without checking rights and attribution requirements.,research/pagc/primary_sources/nwagu_aneke/README.md,real_repo_claim,real_claim,blocked,blocked,False,none,dev
LPE2-0098,This remains blocked pending review: do not republish the chart or paper content in public material without checking rights and attribution requirements.,research/pagc/primary_sources/nwagu_aneke/README.md,real_repo_claim,edited_real_claim,blocked,blocked,False,none,test
LPE2-0099,The lab has public authority and rights clearance to release the Nwagu Aneke glyph corpus.,research/pagc/primary_sources/nwagu_aneke/README.md,real_repo_claim,adversarial_promotion,blocked,source_observed,True,blocking,test
LPE2-0100,# Nwagụ Aneke Syllabary — Structured Source Transcription,research/pagc/primary_sources/nwagu_aneke/CHART_TRANSCRIPTION.md,real_repo_claim,real_claim,source_index,source_index,False,none,train
LPE2-0101,# Nwagụ Aneke Syllabary — Structured Source Transcription,research/pagc/primary_sources/nwagu_aneke/CHART_TRANSCRIPTION.md,real_repo_claim,edited_real_claim,source_index,source_index,False,none,train
LPE2-0102,The working source index proves the final reviewed glyph grammar.,research/pagc/primary_sources/nwagu_aneke/CHART_TRANSCRIPTION.md,real_repo_claim,adversarial_promotion,source_index,source_observed,True,material,test
LPE2-0103,"> **Source:** Omniglot chart GIF (archived), visually examined",research/pagc/primary_sources/nwagu_aneke/CHART_TRANSCRIPTION.md,real_repo_claim,real_claim,source_index,source_index,False,none,dev
LPE2-0104,"> **Source:** Omniglot chart GIF (archived), visually examined",research/pagc/primary_sources/nwagu_aneke/CHART_TRANSCRIPTION.md,real_repo_claim,edited_real_claim,source_index,source_index,False,none,test
LPE2-0105,The working source index proves the final reviewed glyph grammar.,research/pagc/primary_sources/nwagu_aneke/CHART_TRANSCRIPTION.md,real_repo_claim,adversarial_promotion,source_index,source_observed,True,material,test
LPE2-0106,> **Method:** Manual row/column count from chart image,research/pagc/primary_sources/nwagu_aneke/CHART_TRANSCRIPTION.md,real_repo_claim,real_claim,source_index,source_index,False,none,train
LPE2-0107,> **Method:** Manual row/column count from chart image,research/pagc/primary_sources/nwagu_aneke/CHART_TRANSCRIPTION.md,real_repo_claim,edited_real_claim,source_index,source_index,False,none,train
LPE2-0108,The working source index proves the final reviewed glyph grammar.,research/pagc/primary_sources/nwagu_aneke/CHART_TRANSCRIPTION.md,real_repo_claim,adversarial_promotion,source_index,source_observed,True,material,test
LPE2-0109,"> **Auditor:** Opus critique pass — source-only, no PAGC assumptions",research/pagc/primary_sources/nwagu_aneke/CHART_TRANSCRIPTION.md,real_repo_claim,real_claim,source_index,source_index,False,none,test
LPE2-0110,"> **Auditor:** Opus critique pass — source-only, no PAGC assumptions",research/pagc/primary_sources/nwagu_aneke/CHART_TRANSCRIPTION.md,real_repo_claim,edited_real_claim,source_index,source_index,False,none,test
LPE2-0111,The working source index proves the final reviewed glyph grammar.,research/pagc/primary_sources/nwagu_aneke/CHART_TRANSCRIPTION.md,real_repo_claim,adversarial_promotion,source_index,source_observed,True,material,dev
LPE2-0112,6 | i | /ɪ/ (ị) | HIGH — likely the −ATR variant,research/pagc/primary_sources/nwagu_aneke/CHART_TRANSCRIPTION.md,real_repo_claim,real_claim,source_index,source_index,False,none,train
LPE2-0113,6 | i | /ɪ/ (ị) | HIGH — likely the −ATR variant,research/pagc/primary_sources/nwagu_aneke/CHART_TRANSCRIPTION.md,real_repo_claim,edited_real_claim,source_index,source_index,False,none,test
LPE2-0114,The working source index proves the final reviewed glyph grammar.,research/pagc/primary_sources/nwagu_aneke/CHART_TRANSCRIPTION.md,real_repo_claim,adversarial_promotion,source_index,source_observed,True,material,test
LPE2-0115,7 | o | /ɔ/ (ọ) | HIGH — likely the −ATR variant,research/pagc/primary_sources/nwagu_aneke/CHART_TRANSCRIPTION.md,real_repo_claim,real_claim,source_index,source_index,False,none,dev
LPE2-0116,7 | o | /ɔ/ (ọ) | HIGH — likely the −ATR variant,research/pagc/primary_sources/nwagu_aneke/CHART_TRANSCRIPTION.md,real_repo_claim,edited_real_claim,source_index,source_index,False,none,train
LPE2-0117,The working source index proves the final reviewed glyph grammar.,research/pagc/primary_sources/nwagu_aneke/CHART_TRANSCRIPTION.md,real_repo_claim,adversarial_promotion,source_index,source_observed,True,material,train
LPE2-0118,8 | u | /ʊ/ (ụ) | HIGH — likely the −ATR variant,research/pagc/primary_sources/nwagu_aneke/CHART_TRANSCRIPTION.md,real_repo_claim,real_claim,source_index,source_index,False,none,train
LPE2-0119,8 | u | /ʊ/ (ụ) | HIGH — likely the −ATR variant,research/pagc/primary_sources/nwagu_aneke/CHART_TRANSCRIPTION.md,real_repo_claim,edited_real_claim,source_index,source_index,False,none,test
LPE2-0120,The working source index proves the final reviewed glyph grammar.,research/pagc/primary_sources/nwagu_aneke/CHART_TRANSCRIPTION.md,real_repo_claim,adversarial_promotion,source_index,source_observed,True,material,dev
LPE2-0121,"> The 8 columns correspond to Standard Igbo's 8-vowel system (a, e, i, ị, o, ọ, u, ụ), reordered as (a, i, o, u, e, ị, ọ, ụ).",research/pagc/primary_sources/nwagu_aneke/CHART_TRANSCRIPTION.md,real_repo_claim,real_claim,design_hypothesis,design_hypothesis,False,none,train
LPE2-0122,"As a design hypothesis rather than source evidence, > The 8 columns correspond to Standard Igbo's 8-vowel system (a, e, i, ị, o, ọ, u, ụ), reordered as (a, i, o, u, e, ị, ọ, ụ).",research/pagc/primary_sources/nwagu_aneke/CHART_TRANSCRIPTION.md,real_repo_claim,edited_real_claim,design_hypothesis,design_hypothesis,False,none,train
LPE2-0123,The generated design system is historical evidence from the Nwagu Aneke source record.,research/pagc/primary_sources/nwagu_aneke/CHART_TRANSCRIPTION.md,real_repo_claim,adversarial_promotion,design_hypothesis,source_observed,True,material,train
LPE2-0124,The chart header appears to show the ATR pairs grouped together.,research/pagc/primary_sources/nwagu_aneke/CHART_TRANSCRIPTION.md,real_repo_claim,real_claim,source_index,source_index,False,none,dev
LPE2-0125,The chart header appears to show the ATR pairs grouped together.,research/pagc/primary_sources/nwagu_aneke/CHART_TRANSCRIPTION.md,real_repo_claim,edited_real_claim,source_index,source_index,False,none,train
LPE2-0126,The working source index proves the final reviewed glyph grammar.,research/pagc/primary_sources/nwagu_aneke/CHART_TRANSCRIPTION.md,real_repo_claim,adversarial_promotion,source_index,source_observed,True,material,train
LPE2-0127,**This matches PAGC's claim of 8 modifiers.**,research/pagc/primary_sources/nwagu_aneke/CHART_TRANSCRIPTION.md,real_repo_claim,real_claim,source_index,source_index,False,none,train
LPE2-0128,**This matches PAGC's claim of 8 modifiers.**,research/pagc/primary_sources/nwagu_aneke/CHART_TRANSCRIPTION.md,real_repo_claim,edited_real_claim,source_index,source_index,False,none,dev
LPE2-0129,The working source index proves the final reviewed glyph grammar.,research/pagc/primary_sources/nwagu_aneke/CHART_TRANSCRIPTION.md,real_repo_claim,adversarial_promotion,source_index,source_observed,True,material,train
LPE2-0130,Reading top to bottom from the chart's left column:,research/pagc/primary_sources/nwagu_aneke/CHART_TRANSCRIPTION.md,real_repo_claim,real_claim,source_index,source_index,False,none,dev
LPE2-0131,Reading top to bottom from the chart's left column:,research/pagc/primary_sources/nwagu_aneke/CHART_TRANSCRIPTION.md,real_repo_claim,edited_real_claim,source_index,source_index,False,none,train
LPE2-0132,The working source index proves the final reviewed glyph grammar.,research/pagc/primary_sources/nwagu_aneke/CHART_TRANSCRIPTION.md,real_repo_claim,adversarial_promotion,source_index,source_observed,True,material,train
LPE2-0133,"4 | f/v | /f/ or /v/ | **Combined row.** Single printed row labeled ""f/v"".",research/pagc/primary_sources/nwagu_aneke/CHART_TRANSCRIPTION.md,real_repo_claim,real_claim,derived,derived,False,none,dev
LPE2-0134,"As a derived-layer claim, 4 | f/v | /f/ or /v/ | **Combined row.** Single printed row labeled ""f/v"".",research/pagc/primary_sources/nwagu_aneke/CHART_TRANSCRIPTION.md,real_repo_claim,edited_real_claim,derived,derived,False,none,dev
LPE2-0135,The source-observed Nwagu Aneke layer has 27 rows and 216 records.,research/pagc/primary_sources/nwagu_aneke/CHART_TRANSCRIPTION.md,real_repo_claim,adversarial_promotion,derived,source_observed,True,material,train
LPE2-0136,This is the only source of the 26-vs-27 ambiguity.,research/pagc/primary_sources/nwagu_aneke/CHART_TRANSCRIPTION.md,real_repo_claim,real_claim,source_index,source_index,False,none,test
LPE2-0137,This is the only source of the 26-vs-27 ambiguity.,research/pagc/primary_sources/nwagu_aneke/CHART_TRANSCRIPTION.md,real_repo_claim,edited_real_claim,source_index,source_index,False,none,train
LPE2-0138,The source-observed Nwagu Aneke layer has 27 rows and 216 records.,research/pagc/primary_sources/nwagu_aneke/CHART_TRANSCRIPTION.md,real_repo_claim,adversarial_promotion,source_index,source_observed,True,material,train
LPE2-0139,**Source-grounded count:** The published chart shows **26 consonant rows × 8 vowel columns.**,research/pagc/primary_sources/nwagu_aneke/CHART_TRANSCRIPTION.md,real_repo_claim,real_claim,source_index,source_index,False,none,train
LPE2-0140,**Source-grounded count:** The published chart shows **26 consonant rows × 8 vowel columns.**,research/pagc/primary_sources/nwagu_aneke/CHART_TRANSCRIPTION.md,real_repo_claim,edited_real_claim,source_index,source_index,False,none,train
LPE2-0141,The working source index proves the final reviewed glyph grammar.,research/pagc/primary_sources/nwagu_aneke/CHART_TRANSCRIPTION.md,real_repo_claim,adversarial_promotion,source_index,source_observed,True,material,test
LPE2-0142,Only a reinterpretation of the combined f/v row (row 4) as two underlying phonemes can recover a 27-base claim.,research/pagc/primary_sources/nwagu_aneke/CHART_TRANSCRIPTION.md,real_repo_claim,real_claim,derived,derived,False,none,train
LPE2-0143,"As a derived-layer claim, only a reinterpretation of the combined f/v row (row 4) as two underlying phonemes can recover a 27-base claim.",research/pagc/primary_sources/nwagu_aneke/CHART_TRANSCRIPTION.md,real_repo_claim,edited_real_claim,derived,derived,False,none,train
LPE2-0144,The source-observed Nwagu Aneke layer has 27 rows and 216 records.,research/pagc/primary_sources/nwagu_aneke/CHART_TRANSCRIPTION.md,real_repo_claim,adversarial_promotion,derived,source_observed,True,material,test
LPE2-0145,"Therefore, **27 is not directly source-evident from the chart alone.**",research/pagc/primary_sources/nwagu_aneke/CHART_TRANSCRIPTION.md,real_repo_claim,real_claim,source_index,source_index,False,none,train
LPE2-0146,"Therefore, **27 is not directly source-evident from the chart alone.**",research/pagc/primary_sources/nwagu_aneke/CHART_TRANSCRIPTION.md,real_repo_claim,edited_real_claim,source_index,source_index,False,none,dev
LPE2-0147,The source-observed Nwagu Aneke layer has 27 rows and 216 records.,research/pagc/primary_sources/nwagu_aneke/CHART_TRANSCRIPTION.md,real_repo_claim,adversarial_promotion,source_index,source_observed,True,material,train
LPE2-0148,"The real question PAGC must answer is: does ""base"" mean *printed row count* (26) or *underlying phonemic base count* (27, if f/v splits)?",research/pagc/primary_sources/nwagu_aneke/CHART_TRANSCRIPTION.md,real_repo_claim,real_claim,derived,derived,False,none,dev
LPE2-0149,"As a derived-layer claim, the real question PAGC must answer is: does ""base"" mean *printed row count* (26) or *underlying phonemic base count* (27, if f/v splits)?",research/pagc/primary_sources/nwagu_aneke/CHART_TRANSCRIPTION.md,real_repo_claim,edited_real_claim,derived,derived,False,none,train
LPE2-0150,The source-observed Nwagu Aneke layer has 27 rows and 216 records.,research/pagc/primary_sources/nwagu_aneke/CHART_TRANSCRIPTION.md,real_repo_claim,adversarial_promotion,derived,source_observed,True,material,train
LPE2-0151,"This is a definitional choice, not an empirical discovery.",research/pagc/primary_sources/nwagu_aneke/CHART_TRANSCRIPTION.md,real_repo_claim,real_claim,source_index,source_index,False,none,dev
LPE2-0152,"This is a definitional choice, not an empirical discovery.",research/pagc/primary_sources/nwagu_aneke/CHART_TRANSCRIPTION.md,real_repo_claim,edited_real_claim,source_index,source_index,False,none,train
LPE2-0153,The working source index proves the final reviewed glyph grammar.,research/pagc/primary_sources/nwagu_aneke/CHART_TRANSCRIPTION.md,real_repo_claim,adversarial_promotion,source_index,source_observed,True,material,test
LPE2-0154,"The BMCG spec (BMCG_SPEC_V0_1.md, line 69) states:",research/pagc/primary_sources/nwagu_aneke/CHART_TRANSCRIPTION.md,real_repo_claim,real_claim,source_index,source_index,False,none,dev
LPE2-0155,"The BMCG spec (BMCG_SPEC_V0_1.md, line 69) states:",research/pagc/primary_sources/nwagu_aneke/CHART_TRANSCRIPTION.md,real_repo_claim,edited_real_claim,source_index,source_index,False,none,dev
LPE2-0156,The working source index proves the final reviewed glyph grammar.,research/pagc/primary_sources/nwagu_aneke/CHART_TRANSCRIPTION.md,real_repo_claim,adversarial_promotion,source_index,source_observed,True,material,test
LPE2-0157,**PAGC Matrix** | Consonant (26) | Vowel (8) | Logograph (100+),research/pagc/primary_sources/nwagu_aneke/CHART_TRANSCRIPTION.md,real_repo_claim,real_claim,source_index,source_index,False,none,dev
LPE2-0158,**PAGC Matrix** | Consonant (26) | Vowel (8) | Logograph (100+),research/pagc/primary_sources/nwagu_aneke/CHART_TRANSCRIPTION.md,real_repo_claim,edited_real_claim,source_index,source_index,False,none,train
LPE2-0159,The working source index proves the final reviewed glyph grammar.,research/pagc/primary_sources/nwagu_aneke/CHART_TRANSCRIPTION.md,real_repo_claim,adversarial_promotion,source_index,source_observed,True,material,train
LPE2-0160,But INDEX.md and most PAGC files claim **27 bases**.,research/pagc/primary_sources/nwagu_aneke/CHART_TRANSCRIPTION.md,real_repo_claim,real_claim,source_index,source_index,False,none,train
LPE2-0161,But INDEX.md and most PAGC files claim **27 bases**.,research/pagc/primary_sources/nwagu_aneke/CHART_TRANSCRIPTION.md,real_repo_claim,edited_real_claim,source_index,source_index,False,none,dev
LPE2-0162,The source-observed Nwagu Aneke layer has 27 rows and 216 records.,research/pagc/primary_sources/nwagu_aneke/CHART_TRANSCRIPTION.md,real_repo_claim,adversarial_promotion,source_index,source_observed,True,material,train
LPE2-0163,**Resolution:** The BMCG spec's count of 26 matches the chart's printed row count.,research/pagc/primary_sources/nwagu_aneke/CHART_TRANSCRIPTION.md,real_repo_claim,real_claim,source_index,source_index,False,none,train
LPE2-0164,**Resolution:** The BMCG spec's count of 26 matches the chart's printed row count.,research/pagc/primary_sources/nwagu_aneke/CHART_TRANSCRIPTION.md,real_repo_claim,edited_real_claim,source_index,source_index,False,none,train
LPE2-0165,The working source index proves the final reviewed glyph grammar.,research/pagc/primary_sources/nwagu_aneke/CHART_TRANSCRIPTION.md,real_repo_claim,adversarial_promotion,source_index,source_observed,True,material,train
LPE2-0166,"The ""27"" in other files likely reflects a phonemic reinterpretation where the f/v row is split into two bases.",research/pagc/primary_sources/nwagu_aneke/CHART_TRANSCRIPTION.md,real_repo_claim,real_claim,derived,derived,False,none,test
LPE2-0167,"As a derived-layer claim, the ""27"" in other files likely reflects a phonemic reinterpretation where the f/v row is split into two bases.",research/pagc/primary_sources/nwagu_aneke/CHART_TRANSCRIPTION.md,real_repo_claim,edited_real_claim,derived,derived,False,none,train
LPE2-0168,The source-observed Nwagu Aneke layer has 27 rows and 216 records.,research/pagc/primary_sources/nwagu_aneke/CHART_TRANSCRIPTION.md,real_repo_claim,adversarial_promotion,derived,source_observed,True,material,train
LPE2-0169,"The chart includes a right-hand column labeled **""Full Word Symbols""** listing logographs with their glosses.",research/pagc/primary_sources/nwagu_aneke/CHART_TRANSCRIPTION.md,real_repo_claim,real_claim,source_index,source_index,False,none,train
LPE2-0170,"The chart includes a right-hand column labeled **""Full Word Symbols""** listing logographs with their glosses.",research/pagc/primary_sources/nwagu_aneke/CHART_TRANSCRIPTION.md,real_repo_claim,edited_real_claim,source_index,source_index,False,none,train
LPE2-0171,The working source index proves the final reviewed glyph grammar.,research/pagc/primary_sources/nwagu_aneke/CHART_TRANSCRIPTION.md,real_repo_claim,adversarial_promotion,source_index,source_observed,True,material,test
LPE2-0172,# | Word | English Gloss (inferred) | Semantic Domain,research/pagc/primary_sources/nwagu_aneke/CHART_TRANSCRIPTION.md,real_repo_claim,real_claim,source_index,source_index,False,none,train
LPE2-0173,# | Word | English Gloss (inferred) | Semantic Domain,research/pagc/primary_sources/nwagu_aneke/CHART_TRANSCRIPTION.md,real_repo_claim,edited_real_claim,source_index,source_index,False,none,train
LPE2-0174,The working source index proves the final reviewed glyph grammar.,research/pagc/primary_sources/nwagu_aneke/CHART_TRANSCRIPTION.md,real_repo_claim,adversarial_promotion,source_index,source_observed,True,material,test
LPE2-0175,15 | akwukwo | book/leaf | Material/knowledge,research/pagc/primary_sources/nwagu_aneke/CHART_TRANSCRIPTION.md,real_repo_claim,real_claim,source_index,source_index,False,none,train
LPE2-0176,15 | akwukwo | book/leaf | Material/knowledge,research/pagc/primary_sources/nwagu_aneke/CHART_TRANSCRIPTION.md,real_repo_claim,edited_real_claim,source_index,source_index,False,none,dev
LPE2-0177,The working source index proves the final reviewed glyph grammar.,research/pagc/primary_sources/nwagu_aneke/CHART_TRANSCRIPTION.md,real_repo_claim,adversarial_promotion,source_index,source_observed,True,material,test
LPE2-0178,25 | osu | outcast (caste term) | Social/moral,research/pagc/primary_sources/nwagu_aneke/CHART_TRANSCRIPTION.md,real_repo_claim,real_claim,source_index,source_index,False,none,train
LPE2-0179,25 | osu | outcast (caste term) | Social/moral,research/pagc/primary_sources/nwagu_aneke/CHART_TRANSCRIPTION.md,real_repo_claim,edited_real_claim,source_index,source_index,False,none,train
LPE2-0180,The working source index proves the final reviewed glyph grammar.,research/pagc/primary_sources/nwagu_aneke/CHART_TRANSCRIPTION.md,real_repo_claim,adversarial_promotion,source_index,source_observed,True,material,dev
LPE2-0181,"**Logograph count: ~30 visible in chart** (PAGC claims ""100+"" — the chart shows only a subset)",research/pagc/primary_sources/nwagu_aneke/CHART_TRANSCRIPTION.md,real_repo_claim,real_claim,source_index,source_index,False,none,train
LPE2-0182,"**Logograph count: ~30 visible in chart** (PAGC claims ""100+"" — the chart shows only a subset)",research/pagc/primary_sources/nwagu_aneke/CHART_TRANSCRIPTION.md,real_repo_claim,edited_real_claim,source_index,source_index,False,none,train
LPE2-0183,The working source index proves the final reviewed glyph grammar.,research/pagc/primary_sources/nwagu_aneke/CHART_TRANSCRIPTION.md,real_repo_claim,adversarial_promotion,source_index,source_observed,True,material,train
LPE2-0184,"Moral/equity/social | ~8 | ugwu, ogbenye, ogbu, osu, alo, ike, oga",research/pagc/primary_sources/nwagu_aneke/CHART_TRANSCRIPTION.md,real_repo_claim,real_claim,source_index,source_index,False,none,dev
LPE2-0185,"Moral/equity/social | ~8 | ugwu, ogbenye, ogbu, osu, alo, ike, oga",research/pagc/primary_sources/nwagu_aneke/CHART_TRANSCRIPTION.md,real_repo_claim,edited_real_claim,source_index,source_index,False,none,train
LPE2-0186,The working source index proves the final reviewed glyph grammar.,research/pagc/primary_sources/nwagu_aneke/CHART_TRANSCRIPTION.md,real_repo_claim,adversarial_promotion,source_index,source_observed,True,material,train
LPE2-0187,"Cognition/knowledge | ~3 | uche, aro, akwukwo",research/pagc/primary_sources/nwagu_aneke/CHART_TRANSCRIPTION.md,real_repo_claim,real_claim,source_index,source_index,False,none,test
LPE2-0188,"Cognition/knowledge | ~3 | uche, aro, akwukwo",research/pagc/primary_sources/nwagu_aneke/CHART_TRANSCRIPTION.md,real_repo_claim,edited_real_claim,source_index,source_index,False,none,dev
LPE2-0189,The working source index proves the final reviewed glyph grammar.,research/pagc/primary_sources/nwagu_aneke/CHART_TRANSCRIPTION.md,real_repo_claim,adversarial_promotion,source_index,source_observed,True,material,train
LPE2-0190,"Unknown/uncertain | ~4 | avo, ovia, nga, asato, oya",research/pagc/primary_sources/nwagu_aneke/CHART_TRANSCRIPTION.md,real_repo_claim,real_claim,source_index,source_index,False,none,train
LPE2-0191,"Unknown/uncertain | ~4 | avo, ovia, nga, asato, oya",research/pagc/primary_sources/nwagu_aneke/CHART_TRANSCRIPTION.md,real_repo_claim,edited_real_claim,source_index,source_index,False,none,test
LPE2-0192,The working source index proves the final reviewed glyph grammar.,research/pagc/primary_sources/nwagu_aneke/CHART_TRANSCRIPTION.md,real_repo_claim,adversarial_promotion,source_index,source_observed,True,material,train
LPE2-0193,"> **The logographs show a concentration in moral/social and temporal domains.** This is consistent with PAGC's ""lexical cache of high-frequency moral/equity terms"" hypothesis — but it does NOT prove the hypothesis.",research/pagc/primary_sources/nwagu_aneke/CHART_TRANSCRIPTION.md,real_repo_claim,real_claim,speculative,speculative,False,none,dev
LPE2-0194,"As a speculative hypothesis, > **The logographs show a concentration in moral/social and temporal domains.** This is consistent with PAGC's ""lexical cache of high-frequency moral/equity terms"" hypothesis — but it does NOT prove the hypothesis.",research/pagc/primary_sources/nwagu_aneke/CHART_TRANSCRIPTION.md,real_repo_claim,edited_real_claim,speculative,speculative,False,none,train
LPE2-0195,The Nwagu Aneke source chart proves the proposed exceptional-math and universal-compression theory.,research/pagc/primary_sources/nwagu_aneke/CHART_TRANSCRIPTION.md,real_repo_claim,adversarial_promotion,speculative,source_observed,True,blocking,test
LPE2-0196,The chart shows ~30 logographs; whether there are 100+ in the full corpus (exercise books) is unknown.,research/pagc/primary_sources/nwagu_aneke/CHART_TRANSCRIPTION.md,real_repo_claim,real_claim,source_index,source_index,False,none,train
LPE2-0197,The chart shows ~30 logographs; whether there are 100+ in the full corpus (exercise books) is unknown.,research/pagc/primary_sources/nwagu_aneke/CHART_TRANSCRIPTION.md,real_repo_claim,edited_real_claim,source_index,source_index,False,none,train
LPE2-0198,The working source index proves the final reviewed glyph grammar.,research/pagc/primary_sources/nwagu_aneke/CHART_TRANSCRIPTION.md,real_repo_claim,adversarial_promotion,source_index,source_observed,True,material,dev
LPE2-0199,Some cells appear to have simpler or possibly derived forms,research/pagc/primary_sources/nwagu_aneke/CHART_TRANSCRIPTION.md,real_repo_claim,real_claim,derived,derived,False,none,dev
LPE2-0200,"As a derived-layer claim, some cells appear to have simpler or possibly derived forms",research/pagc/primary_sources/nwagu_aneke/CHART_TRANSCRIPTION.md,real_repo_claim,edited_real_claim,derived,derived,False,none,train
LPE2-0201,The source-observed Nwagu Aneke layer has 27 rows and 216 records.,research/pagc/primary_sources/nwagu_aneke/CHART_TRANSCRIPTION.md,real_repo_claim,adversarial_promotion,derived,source_observed,True,material,train
LPE2-0202,A few cells may be empty or contain uncertain content (hard to tell from image resolution),research/pagc/primary_sources/nwagu_aneke/CHART_TRANSCRIPTION.md,real_repo_claim,real_claim,source_index,source_index,False,none,train
LPE2-0203,A few cells may be empty or contain uncertain content (hard to tell from image resolution),research/pagc/primary_sources/nwagu_aneke/CHART_TRANSCRIPTION.md,real_repo_claim,edited_real_claim,source_index,source_index,False,none,test
LPE2-0204,The working source index proves the final reviewed glyph grammar.,research/pagc/primary_sources/nwagu_aneke/CHART_TRANSCRIPTION.md,real_repo_claim,adversarial_promotion,source_index,source_observed,True,material,train
LPE2-0205,"The chart is generally **regular** — it looks like a systematic grid, not a sparse or irregular table",research/pagc/primary_sources/nwagu_aneke/CHART_TRANSCRIPTION.md,real_repo_claim,real_claim,design_hypothesis,design_hypothesis,False,none,test
LPE2-0206,"As a design hypothesis rather than source evidence, the chart is generally **regular** — it looks like a systematic grid, not a sparse or irregular table",research/pagc/primary_sources/nwagu_aneke/CHART_TRANSCRIPTION.md,real_repo_claim,edited_real_claim,design_hypothesis,design_hypothesis,False,none,train
LPE2-0207,The generated design system is historical evidence from the Nwagu Aneke source record.,research/pagc/primary_sources/nwagu_aneke/CHART_TRANSCRIPTION.md,real_repo_claim,adversarial_promotion,design_hypothesis,source_observed,True,material,train
LPE2-0208,"**Assessment:** The chart IS organized as a matrix, but whether this organization reflects Aneke's original conception or Azuonye's editorial choice for the paper is unknown.",research/pagc/primary_sources/nwagu_aneke/CHART_TRANSCRIPTION.md,real_repo_claim,real_claim,source_index,source_index,False,none,train
LPE2-0209,"**Assessment:** The chart IS organized as a matrix, but whether this organization reflects Aneke's original conception or Azuonye's editorial choice for the paper is unknown.",research/pagc/primary_sources/nwagu_aneke/CHART_TRANSCRIPTION.md,real_repo_claim,edited_real_claim,source_index,source_index,False,none,train
LPE2-0210,The working source index proves the final reviewed glyph grammar.,research/pagc/primary_sources/nwagu_aneke/CHART_TRANSCRIPTION.md,real_repo_claim,adversarial_promotion,source_index,source_observed,True,material,train
LPE2-0211,Element | PAGC Claim | Source-Observed | Confirmed?,research/pagc/primary_sources/nwagu_aneke/CHART_TRANSCRIPTION.md,real_repo_claim,real_claim,source_index,source_index,False,none,dev
LPE2-0212,Element | PAGC Claim | Source-Observed | Confirmed?,research/pagc/primary_sources/nwagu_aneke/CHART_TRANSCRIPTION.md,real_repo_claim,edited_real_claim,source_index,source_index,False,none,train
LPE2-0213,The working source index proves the final reviewed glyph grammar.,research/pagc/primary_sources/nwagu_aneke/CHART_TRANSCRIPTION.md,real_repo_claim,adversarial_promotion,source_index,source_observed,True,material,dev
LPE2-0214,Consonant rows | 27 | **26–28 (uncertain)** | ⚠️ CLOSE BUT UNCONFIRMED,research/pagc/primary_sources/nwagu_aneke/CHART_TRANSCRIPTION.md,real_repo_claim,real_claim,source_index,source_index,False,none,test
LPE2-0215,Consonant rows | 27 | **26–28 (uncertain)** | ⚠️ CLOSE BUT UNCONFIRMED,research/pagc/primary_sources/nwagu_aneke/CHART_TRANSCRIPTION.md,real_repo_claim,edited_real_claim,source_index,source_index,False,none,test
LPE2-0216,The source-observed Nwagu Aneke layer has 27 rows and 216 records.,research/pagc/primary_sources/nwagu_aneke/CHART_TRANSCRIPTION.md,real_repo_claim,adversarial_promotion,source_index,source_observed,True,material,test
LPE2-0217,Total CV symbols | 216 | **~200–224 (depends on row count and empty cells)** | ⚠️ UNCONFIRMED,research/pagc/primary_sources/nwagu_aneke/CHART_TRANSCRIPTION.md,real_repo_claim,real_claim,derived,derived,False,none,dev
LPE2-0218,"As a derived-layer claim, total CV symbols | 216 | **~200–224 (depends on row count and empty cells)** | ⚠️ UNCONFIRMED",research/pagc/primary_sources/nwagu_aneke/CHART_TRANSCRIPTION.md,real_repo_claim,edited_real_claim,derived,derived,False,none,train
LPE2-0219,The source-observed Nwagu Aneke layer has 27 rows and 216 records.,research/pagc/primary_sources/nwagu_aneke/CHART_TRANSCRIPTION.md,real_repo_claim,adversarial_promotion,derived,source_observed,True,material,dev
LPE2-0220,Logographs in chart | 100+ | **~30 visible** | ❌ Chart shows only ~30,research/pagc/primary_sources/nwagu_aneke/CHART_TRANSCRIPTION.md,real_repo_claim,real_claim,source_index,source_index,False,none,test
LPE2-0221,Logographs in chart | 100+ | **~30 visible** | ❌ Chart shows only ~30,research/pagc/primary_sources/nwagu_aneke/CHART_TRANSCRIPTION.md,real_repo_claim,edited_real_claim,source_index,source_index,False,none,dev
LPE2-0222,The working source index proves the final reviewed glyph grammar.,research/pagc/primary_sources/nwagu_aneke/CHART_TRANSCRIPTION.md,real_repo_claim,adversarial_promotion,source_index,source_observed,True,material,test
LPE2-0223,Matrix structure | Generative grammar | **Pedagogical chart** | ⚠️ INTERPRETATION DIFFERS,research/pagc/primary_sources/nwagu_aneke/CHART_TRANSCRIPTION.md,real_repo_claim,real_claim,source_index,source_index,False,none,train
LPE2-0224,Matrix structure | Generative grammar | **Pedagogical chart** | ⚠️ INTERPRETATION DIFFERS,research/pagc/primary_sources/nwagu_aneke/CHART_TRANSCRIPTION.md,real_repo_claim,edited_real_claim,source_index,source_index,False,none,train
LPE2-0225,The working source index proves the final reviewed glyph grammar.,research/pagc/primary_sources/nwagu_aneke/CHART_TRANSCRIPTION.md,real_repo_claim,adversarial_promotion,source_index,source_observed,True,material,train
LPE2-0226,> Do not edit manually — update by ingesting new sources and running autoresearch lint.,research/icegov/WIKI.md,cross_program,real_claim,blocked,blocked,False,none,test
LPE2-0227,This remains blocked pending review: > Do not edit manually — update by ingesting new sources and running autoresearch lint.,research/icegov/WIKI.md,cross_program,edited_real_claim,blocked,blocked,False,none,test
LPE2-0228,This source-observed fact is ready for public submission without further review.,research/icegov/WIKI.md,cross_program,adversarial_promotion,blocked,source_observed,True,blocking,dev
LPE2-0229,The OGI Framework: a seven-dimension indicator set for measuring community-led digital governance success in Southeast Nigeria.,research/icegov/WIKI.md,cross_program,real_claim,design_hypothesis,design_hypothesis,False,none,test
LPE2-0230,"As a design hypothesis rather than source evidence, the OGI Framework: a seven-dimension indicator set for measuring community-led digital governance success in Southeast Nigeria.",research/icegov/WIKI.md,cross_program,edited_real_claim,design_hypothesis,design_hypothesis,False,none,test
LPE2-0231,The generated design system is historical evidence from the Nwagu Aneke source record.,research/icegov/WIKI.md,cross_program,adversarial_promotion,design_hypothesis,source_observed,True,material,dev
LPE2-0232,A canonical blinded submission draft is frozen for ICEGOV 2026 Track 6 at research/icegov/paper/OGI_PAPER_SUBMISSION_CANONICAL.md.,research/icegov/WIKI.md,cross_program,real_claim,source_index,source_index,False,none,train
LPE2-0233,A canonical blinded submission draft is frozen for ICEGOV 2026 Track 6 at research/icegov/paper/OGI_PAPER_SUBMISSION_CANONICAL.md.,research/icegov/WIKI.md,cross_program,edited_real_claim,source_index,source_index,False,none,train
LPE2-0234,The working source index proves the final reviewed glyph grammar.,research/icegov/WIKI.md,cross_program,adversarial_promotion,source_index,source_observed,True,material,dev
LPE2-0235,Canonical paper file: research/icegov/paper/OGI_PAPER_SUBMISSION_CANONICAL.md,research/icegov/WIKI.md,cross_program,real_claim,design_hypothesis,design_hypothesis,False,none,train
LPE2-0236,"As a design hypothesis rather than source evidence, canonical paper file: research/icegov/paper/OGI_PAPER_SUBMISSION_CANONICAL.md",research/icegov/WIKI.md,cross_program,edited_real_claim,design_hypothesis,design_hypothesis,False,none,train
LPE2-0237,The generated design system is historical evidence from the Nwagu Aneke source record.,research/icegov/WIKI.md,cross_program,adversarial_promotion,design_hypothesis,source_observed,True,material,train
LPE2-0238,"Draft posture: Stage 4 design-science demonstration, not empirical validation",research/icegov/WIKI.md,cross_program,real_claim,design_hypothesis,design_hypothesis,False,none,train
LPE2-0239,"As a design hypothesis rather than source evidence, draft posture: Stage 4 design-science demonstration, not empirical validation",research/icegov/WIKI.md,cross_program,edited_real_claim,design_hypothesis,design_hypothesis,False,none,train
LPE2-0240,The generated design system is historical evidence from the Nwagu Aneke source record.,research/icegov/WIKI.md,cross_program,adversarial_promotion,design_hypothesis,source_observed,True,material,train
LPE2-0241,"Main remaining tasks: ACM formatting, final page check, EDAS upload",research/icegov/WIKI.md,cross_program,real_claim,design_hypothesis,design_hypothesis,False,none,test
LPE2-0242,"As a design hypothesis rather than source evidence, main remaining tasks: ACM formatting, final page check, EDAS upload",research/icegov/WIKI.md,cross_program,edited_real_claim,design_hypothesis,design_hypothesis,False,none,dev
LPE2-0243,The generated design system is historical evidence from the Nwagu Aneke source record.,research/icegov/WIKI.md,cross_program,adversarial_promotion,design_hypothesis,source_observed,True,material,dev
LPE2-0244,"Existing digital governance indices (EGDI, OECD DGI, GTMI) measure what states do.",research/icegov/WIKI.md,cross_program,real_claim,design_hypothesis,design_hypothesis,False,none,test
LPE2-0245,"As a design hypothesis rather than source evidence, existing digital governance indices (EGDI, OECD DGI, GTMI) measure what states do.",research/icegov/WIKI.md,cross_program,edited_real_claim,design_hypothesis,design_hypothesis,False,none,train
LPE2-0246,The generated design system is historical evidence from the Nwagu Aneke source record.,research/icegov/WIKI.md,cross_program,adversarial_promotion,design_hypothesis,source_observed,True,material,train
LPE2-0247,"They structurally cannot capture the governance quality of the community institutions — town unions, esusu circles, diaspora cooperatives — that constitute de-facto governance infrastructure for the majority of Nigerians.",research/icegov/WIKI.md,cross_program,real_claim,design_hypothesis,design_hypothesis,False,none,test
LPE2-0248,"As a design hypothesis rather than source evidence, they structurally cannot capture the governance quality of the community institutions — town unions, esusu circles, diaspora cooperatives — that constitute de-facto governance infrastructure for the majority of Nigerians.",research/icegov/WIKI.md,cross_program,edited_real_claim,design_hypothesis,design_hypothesis,False,none,train
LPE2-0249,The generated design system is historical evidence from the Nwagu Aneke source record.,research/icegov/WIKI.md,cross_program,adversarial_promotion,design_hypothesis,source_observed,True,material,test
LPE2-0250,The OGI Framework closes this gap using verifiable on-chain records as the primary evidence base.,research/icegov/WIKI.md,cross_program,real_claim,design_hypothesis,design_hypothesis,False,none,train
LPE2-0251,"As a design hypothesis rather than source evidence, the OGI Framework closes this gap using verifiable on-chain records as the primary evidence base.",research/icegov/WIKI.md,cross_program,edited_real_claim,design_hypothesis,design_hypothesis,False,none,train
LPE2-0252,The generated design system is historical evidence from the Nwagu Aneke source record.,research/icegov/WIKI.md,cross_program,adversarial_promotion,design_hypothesis,source_observed,True,material,dev
LPE2-0253,"**EGDI** = equally weighted composite of OSI + TII + HCI (all national-level, state-sourced)",research/icegov/WIKI.md,cross_program,real_claim,design_hypothesis,design_hypothesis,False,none,train
LPE2-0254,"As a design hypothesis rather than source evidence, **EGDI** = equally weighted composite of OSI + TII + HCI (all national-level, state-sourced)",research/icegov/WIKI.md,cross_program,edited_real_claim,design_hypothesis,design_hypothesis,False,none,train
LPE2-0255,The generated design system is historical evidence from the Nwagu Aneke source record.,research/icegov/WIKI.md,cross_program,adversarial_promotion,design_hypothesis,source_observed,True,material,train
LPE2-0256,**Africa EGDI average** = 0.4247 (significantly below global mean),research/icegov/WIKI.md,cross_program,real_claim,design_hypothesis,design_hypothesis,False,none,train
LPE2-0257,"As a design hypothesis rather than source evidence, **Africa EGDI average** = 0.4247 (significantly below global mean)",research/icegov/WIKI.md,cross_program,edited_real_claim,design_hypothesis,design_hypothesis,False,none,test
LPE2-0258,The generated design system is historical evidence from the Nwagu Aneke source record.,research/icegov/WIKI.md,cross_program,adversarial_promotion,design_hypothesis,source_observed,True,material,train
LPE2-0259,"**WJP Rule of Law** explicitly recognizes ""Informal Justice"" but excludes it from aggregated scores",research/icegov/WIKI.md,cross_program,real_claim,design_hypothesis,design_hypothesis,False,none,dev
LPE2-0260,"As a design hypothesis rather than source evidence, **WJP Rule of Law** explicitly recognizes ""Informal Justice"" but excludes it from aggregated scores",research/icegov/WIKI.md,cross_program,edited_real_claim,design_hypothesis,design_hypothesis,False,none,train
LPE2-0261,The generated design system is historical evidence from the Nwagu Aneke source record.,research/icegov/WIKI.md,cross_program,adversarial_promotion,design_hypothesis,source_observed,True,material,train
LPE2-0262,"**Pattern**: all major indices measure what states do, using data states produce",research/icegov/WIKI.md,cross_program,real_claim,design_hypothesis,design_hypothesis,False,none,train
LPE2-0263,"As a design hypothesis rather than source evidence, **Pattern**: all major indices measure what states do, using data states produce",research/icegov/WIKI.md,cross_program,edited_real_claim,design_hypothesis,design_hypothesis,False,none,dev
LPE2-0264,The generated design system is historical evidence from the Nwagu Aneke source record.,research/icegov/WIKI.md,cross_program,adversarial_promotion,design_hypothesis,source_observed,True,material,train
LPE2-0265,### Community Governance in Southeast Nigeria,research/icegov/WIKI.md,cross_program,real_claim,design_hypothesis,design_hypothesis,False,none,train
LPE2-0266,"As a design hypothesis rather than source evidence, ### Community Governance in Southeast Nigeria",research/icegov/WIKI.md,cross_program,edited_real_claim,design_hypothesis,design_hypothesis,False,none,train
LPE2-0267,The generated design system is historical evidence from the Nwagu Aneke source record.,research/icegov/WIKI.md,cross_program,adversarial_promotion,design_hypothesis,source_observed,True,material,train
LPE2-0268,"*Igbo enwe eze* (""Igbo have no king"") — historically stateless, polycentric governance",research/icegov/WIKI.md,cross_program,real_claim,design_hypothesis,design_hypothesis,False,none,train
LPE2-0269,"As a design hypothesis rather than source evidence, *Igbo enwe eze* (""Igbo have no king"") — historically stateless, polycentric governance",research/icegov/WIKI.md,cross_program,edited_real_claim,design_hypothesis,design_hypothesis,False,none,train
LPE2-0270,The generated design system is historical evidence from the Nwagu Aneke source record.,research/icegov/WIKI.md,cross_program,adversarial_promotion,design_hypothesis,source_observed,True,material,test
LPE2-0271,"**Town unions** = de-facto fourth tier of government: self-finance roads, schools, markets; manage community funds; adjudicate disputes; coordinate diaspora",research/icegov/WIKI.md,cross_program,real_claim,design_hypothesis,design_hypothesis,False,none,dev
LPE2-0272,"As a design hypothesis rather than source evidence, **Town unions** = de-facto fourth tier of government: self-finance roads, schools, markets; manage community funds; adjudicate disputes; coordinate diaspora",research/icegov/WIKI.md,cross_program,edited_real_claim,design_hypothesis,design_hypothesis,False,none,test
LPE2-0273,The generated design system is historical evidence from the Nwagu Aneke source record.,research/icegov/WIKI.md,cross_program,adversarial_promotion,design_hypothesis,source_observed,True,material,train
LPE2-0274,"**Esusu/isusu/ajo** = rotating savings credit association (ROSCA); operates on ""oath of allegiance and mutual trust""; 17% of Nigerian adults participate",research/icegov/WIKI.md,cross_program,real_claim,design_hypothesis,design_hypothesis,False,none,train
LPE2-0275,"As a design hypothesis rather than source evidence, **Esusu/isusu/ajo** = rotating savings credit association (ROSCA); operates on ""oath of allegiance and mutual trust""; 17% of Nigerian adults participate",research/icegov/WIKI.md,cross_program,edited_real_claim,design_hypothesis,design_hypothesis,False,none,test
LPE2-0276,The generated design system is historical evidence from the Nwagu Aneke source record.,research/icegov/WIKI.md,cross_program,adversarial_promotion,design_hypothesis,source_observed,True,material,train
LPE2-0277,**COVID-19 evidence**: town unions had superior distribution capacity; only 4.9% of Nigerian households received federal palliatives,research/icegov/WIKI.md,cross_program,real_claim,design_hypothesis,design_hypothesis,False,none,train
LPE2-0278,"As a design hypothesis rather than source evidence, **COVID-19 evidence**: town unions had superior distribution capacity; only 4.9% of Nigerian households received federal palliatives",research/icegov/WIKI.md,cross_program,edited_real_claim,design_hypothesis,design_hypothesis,False,none,train
LPE2-0279,The generated design system is historical evidence from the Nwagu Aneke source record.,research/icegov/WIKI.md,cross_program,adversarial_promotion,design_hypothesis,source_observed,True,material,train
LPE2-0280,"**Current record infrastructure**: WhatsApp screenshots — no audit trail, no verifiability",research/icegov/WIKI.md,cross_program,real_claim,design_hypothesis,design_hypothesis,False,none,train
LPE2-0281,"As a design hypothesis rather than source evidence, **Current record infrastructure**: WhatsApp screenshots — no audit trail, no verifiability",research/icegov/WIKI.md,cross_program,edited_real_claim,design_hypothesis,design_hypothesis,False,none,test
LPE2-0282,The generated design system is historical evidence from the Nwagu Aneke source record.,research/icegov/WIKI.md,cross_program,adversarial_promotion,design_hypothesis,source_observed,True,material,dev
LPE2-0283,RV | Record Verifiability | RV-01: Verifiable Action Coverage Rate | On-chain receipt index,research/icegov/WIKI.md,cross_program,real_claim,source_index,source_index,False,none,dev
LPE2-0284,RV | Record Verifiability | RV-01: Verifiable Action Coverage Rate | On-chain receipt index,research/icegov/WIKI.md,cross_program,edited_real_claim,source_index,source_index,False,none,test
LPE2-0285,The working source index proves the final reviewed glyph grammar.,research/icegov/WIKI.md,cross_program,adversarial_promotion,source_index,source_observed,True,material,test
LPE2-0286,DPR | Decision Participation Rate | DPR-01: Active Governance Participation Rate | Governance module event logs,research/icegov/WIKI.md,cross_program,real_claim,design_hypothesis,design_hypothesis,False,none,train
LPE2-0287,"As a design hypothesis rather than source evidence, dPR | Decision Participation Rate | DPR-01: Active Governance Participation Rate | Governance module event logs",research/icegov/WIKI.md,cross_program,edited_real_claim,design_hypothesis,design_hypothesis,False,none,train
LPE2-0288,The generated design system is historical evidence from the Nwagu Aneke source record.,research/icegov/WIKI.md,cross_program,adversarial_promotion,design_hypothesis,source_observed,True,material,dev
LPE2-0289,TTI | Treasury Transparency Index | TTI-01: Treasury Audit Completeness Rate | Akpa Oroma on-chain ledger,research/icegov/WIKI.md,cross_program,real_claim,source_index,source_index,False,none,dev
LPE2-0290,TTI | Treasury Transparency Index | TTI-01: Treasury Audit Completeness Rate | Akpa Oroma on-chain ledger,research/icegov/WIKI.md,cross_program,edited_real_claim,source_index,source_index,False,none,test
LPE2-0291,The working source index proves the final reviewed glyph grammar.,research/icegov/WIKI.md,cross_program,adversarial_promotion,source_index,source_observed,True,material,dev
LPE2-0292,DRL | Dispute Resolution Legitimacy | DRL-01: Dispute Resolution Completeness | Truth Layer dispute desk,research/icegov/WIKI.md,cross_program,real_claim,design_hypothesis,design_hypothesis,False,none,train
LPE2-0293,"As a design hypothesis rather than source evidence, dRL | Dispute Resolution Legitimacy | DRL-01: Dispute Resolution Completeness | Truth Layer dispute desk",research/icegov/WIKI.md,cross_program,edited_real_claim,design_hypothesis,design_hypothesis,False,none,train
LPE2-0294,The generated design system is historical evidence from the Nwagu Aneke source record.,research/icegov/WIKI.md,cross_program,adversarial_promotion,design_hypothesis,source_observed,True,material,train
LPE2-0295,CPS | Credential Portability Score | CPS-01: Portable Identity Coverage | Ichi reputation module,research/icegov/WIKI.md,cross_program,real_claim,design_hypothesis,design_hypothesis,False,none,train
LPE2-0296,"As a design hypothesis rather than source evidence, cPS | Credential Portability Score | CPS-01: Portable Identity Coverage | Ichi reputation module",research/icegov/WIKI.md,cross_program,edited_real_claim,design_hypothesis,design_hypothesis,False,none,train
LPE2-0297,The generated design system is historical evidence from the Nwagu Aneke source record.,research/icegov/WIKI.md,cross_program,adversarial_promotion,design_hypothesis,source_observed,True,material,train
LPE2-0298,CAS | Community Autonomy Score | CAS-01: Record Exportability Rate | Platform export audit,research/icegov/WIKI.md,cross_program,real_claim,design_hypothesis,design_hypothesis,False,none,test
LPE2-0299,"As a design hypothesis rather than source evidence, cAS | Community Autonomy Score | CAS-01: Record Exportability Rate | Platform export audit",research/icegov/WIKI.md,cross_program,edited_real_claim,design_hypothesis,design_hypothesis,False,none,test
LPE2-0300,The generated design system is historical evidence from the Nwagu Aneke source record.,research/icegov/WIKI.md,cross_program,adversarial_promotion,design_hypothesis,source_observed,True,material,test
LPE2-0301,FID | Financial Inclusion Depth | FID-01: First-Time Formal Participant Rate | Onboarding survey,research/icegov/WIKI.md,cross_program,real_claim,design_hypothesis,design_hypothesis,False,none,train
LPE2-0302,"As a design hypothesis rather than source evidence, fID | Financial Inclusion Depth | FID-01: First-Time Formal Participant Rate | Onboarding survey",research/icegov/WIKI.md,cross_program,edited_real_claim,design_hypothesis,design_hypothesis,False,none,train
LPE2-0303,The generated design system is historical evidence from the Nwagu Aneke source record.,research/icegov/WIKI.md,cross_program,adversarial_promotion,design_hypothesis,source_observed,True,material,train
LPE2-0304,8 design principles for collective governance | Ostrom (1990) | All 7 OGI dimensions,research/icegov/WIKI.md,cross_program,real_claim,design_hypothesis,design_hypothesis,False,none,train
LPE2-0305,"As a design hypothesis rather than source evidence, 8 design principles for collective governance | Ostrom (1990) | All 7 OGI dimensions",research/icegov/WIKI.md,cross_program,edited_real_claim,design_hypothesis,design_hypothesis,False,none,test
LPE2-0306,The generated design system is historical evidence from the Nwagu Aneke source record.,research/icegov/WIKI.md,cross_program,adversarial_promotion,design_hypothesis,source_observed,True,material,test
LPE2-0307,"Collective action and elite capture risk | Olson (1965) | DPR monitoring design, TTI multi-sig",research/icegov/WIKI.md,cross_program,real_claim,design_hypothesis,design_hypothesis,False,none,test
LPE2-0308,"As a design hypothesis rather than source evidence, collective action and elite capture risk | Olson (1965) | DPR monitoring design, TTI multi-sig",research/icegov/WIKI.md,cross_program,edited_real_claim,design_hypothesis,design_hypothesis,False,none,dev
LPE2-0309,The generated design system is historical evidence from the Nwagu Aneke source record.,research/icegov/WIKI.md,cross_program,adversarial_promotion,design_hypothesis,source_observed,True,material,train
LPE2-0310,"Three foundations of legitimate power (rule-governed, justifiable, consented) | Beetham (1991) | Cross-cutting legitimacy criteria",research/icegov/WIKI.md,cross_program,real_claim,design_hypothesis,design_hypothesis,False,none,test
LPE2-0311,"As a design hypothesis rather than source evidence, three foundations of legitimate power (rule-governed, justifiable, consented) | Beetham (1991) | Cross-cutting legitimacy criteria",research/icegov/WIKI.md,cross_program,edited_real_claim,design_hypothesis,design_hypothesis,False,none,dev
LPE2-0312,The generated design system is historical evidence from the Nwagu Aneke source record.,research/icegov/WIKI.md,cross_program,adversarial_promotion,design_hypothesis,source_observed,True,material,dev
LPE2-0313,"Procedural fairness → compliance (not outcome favourability) | Tyler (2006) | DPR, DRL dimensions",research/icegov/WIKI.md,cross_program,real_claim,design_hypothesis,design_hypothesis,False,none,train
LPE2-0314,"As a design hypothesis rather than source evidence, procedural fairness → compliance (not outcome favourability) | Tyler (2006) | DPR, DRL dimensions",research/icegov/WIKI.md,cross_program,edited_real_claim,design_hypothesis,design_hypothesis,False,none,dev
LPE2-0315,The generated design system is historical evidence from the Nwagu Aneke source record.,research/icegov/WIKI.md,cross_program,adversarial_promotion,design_hypothesis,source_observed,True,material,dev
LPE2-0316,"Pragmatic / moral / cognitive legitimacy types | Suchman (1995) | CPS, CAS dimensions",research/icegov/WIKI.md,cross_program,real_claim,design_hypothesis,design_hypothesis,False,none,dev
LPE2-0317,"As a design hypothesis rather than source evidence, pragmatic / moral / cognitive legitimacy types | Suchman (1995) | CPS, CAS dimensions",research/icegov/WIKI.md,cross_program,edited_real_claim,design_hypothesis,design_hypothesis,False,none,test
LPE2-0318,The generated design system is historical evidence from the Nwagu Aneke source record.,research/icegov/WIKI.md,cross_program,adversarial_promotion,design_hypothesis,source_observed,True,material,train
LPE2-0319,"Records as authoritative evidence (authenticity, reliability, integrity, usability) | ISO 15489-1:2016 | RV, TTI dimensions",research/icegov/WIKI.md,cross_program,real_claim,design_hypothesis,design_hypothesis,False,none,train
LPE2-0320,"As a design hypothesis rather than source evidence, records as authoritative evidence (authenticity, reliability, integrity, usability) | ISO 15489-1:2016 | RV, TTI dimensions",research/icegov/WIKI.md,cross_program,edited_real_claim,design_hypothesis,design_hypothesis,False,none,train
LPE2-0321,The generated design system is historical evidence from the Nwagu Aneke source record.,research/icegov/WIKI.md,cross_program,adversarial_promotion,design_hypothesis,source_observed,True,material,dev
LPE2-0322,Digital continuity = information usable across transitions | National Archives (2017) | CAS dimension,research/icegov/WIKI.md,cross_program,real_claim,design_hypothesis,design_hypothesis,False,none,train
LPE2-0323,"As a design hypothesis rather than source evidence, digital continuity = information usable across transitions | National Archives (2017) | CAS dimension",research/icegov/WIKI.md,cross_program,edited_real_claim,design_hypothesis,design_hypothesis,False,none,train
LPE2-0324,The generated design system is historical evidence from the Nwagu Aneke source record.,research/icegov/WIKI.md,cross_program,adversarial_promotion,design_hypothesis,source_observed,True,material,train
LPE2-0325,"Collective Benefit, Authority to Control, Responsibility, Ethics | CARE Principles (Carroll et al.",research/icegov/WIKI.md,cross_program,real_claim,blocked,blocked,False,none,dev
LPE2-0326,"This remains blocked pending review: collective Benefit, Authority to Control, Responsibility, Ethics | CARE Principles (Carroll et al.",research/icegov/WIKI.md,cross_program,edited_real_claim,blocked,blocked,False,none,train
LPE2-0327,The lab has public authority and rights clearance to release the Nwagu Aneke glyph corpus.,research/icegov/WIKI.md,cross_program,adversarial_promotion,blocked,source_observed,True,blocking,train
LPE2-0328,Append-only logs with consistency proofs | RFC 6962 | RV technical implementation,research/icegov/WIKI.md,cross_program,real_claim,design_hypothesis,design_hypothesis,False,none,dev
LPE2-0329,"As a design hypothesis rather than source evidence, append-only logs with consistency proofs | RFC 6962 | RV technical implementation",research/icegov/WIKI.md,cross_program,edited_real_claim,design_hypothesis,design_hypothesis,False,none,train
LPE2-0330,The generated design system is historical evidence from the Nwagu Aneke source record.,research/icegov/WIKI.md,cross_program,adversarial_promotion,design_hypothesis,source_observed,True,material,train
LPE2-0331,Verifiable credentials | W3C VC v2.0 | CPS dimension,research/icegov/WIKI.md,cross_program,real_claim,design_hypothesis,design_hypothesis,False,none,test
LPE2-0332,"As a design hypothesis rather than source evidence, verifiable credentials | W3C VC v2.0 | CPS dimension",research/icegov/WIKI.md,cross_program,edited_real_claim,design_hypothesis,design_hypothesis,False,none,dev
LPE2-0333,The generated design system is historical evidence from the Nwagu Aneke source record.,research/icegov/WIKI.md,cross_program,adversarial_promotion,design_hypothesis,source_observed,True,material,train
LPE2-0334,"Composite indicator construction, sensitivity | OECD/JRC Nardo et al.",research/icegov/WIKI.md,cross_program,real_claim,design_hypothesis,design_hypothesis,False,none,dev
LPE2-0335,"As a design hypothesis rather than source evidence, composite indicator construction, sensitivity | OECD/JRC Nardo et al.",research/icegov/WIKI.md,cross_program,edited_real_claim,design_hypothesis,design_hypothesis,False,none,dev
LPE2-0336,The generated design system is historical evidence from the Nwagu Aneke source record.,research/icegov/WIKI.md,cross_program,adversarial_promotion,design_hypothesis,source_observed,True,material,dev
LPE2-0337,DSR stages: problem → objective → design → demonstration → evaluation → communication | Hevner et al.,research/icegov/WIKI.md,cross_program,real_claim,design_hypothesis,design_hypothesis,False,none,train
LPE2-0338,"As a design hypothesis rather than source evidence, dSR stages: problem → objective → design → demonstration → evaluation → communication | Hevner et al.",research/icegov/WIKI.md,cross_program,edited_real_claim,design_hypothesis,design_hypothesis,False,none,train
LPE2-0339,The generated design system is historical evidence from the Nwagu Aneke source record.,research/icegov/WIKI.md,cross_program,adversarial_promotion,design_hypothesis,source_observed,True,material,train
LPE2-0340,DPI Layer | Oroma Module | OGI Dimensions Enabled,research/icegov/WIKI.md,cross_program,real_claim,design_hypothesis,design_hypothesis,False,none,test
LPE2-0341,"As a design hypothesis rather than source evidence, dPI Layer | Oroma Module | OGI Dimensions Enabled",research/icegov/WIKI.md,cross_program,edited_real_claim,design_hypothesis,design_hypothesis,False,none,test
LPE2-0342,The generated design system is historical evidence from the Nwagu Aneke source record.,research/icegov/WIKI.md,cross_program,adversarial_promotion,design_hypothesis,source_observed,True,material,test
LPE2-0343,"Digital Identity | Ichi (W3C VC credentials) | CPS-01, CPS-02, DPR-01",research/icegov/WIKI.md,cross_program,real_claim,design_hypothesis,design_hypothesis,False,none,train
LPE2-0344,"As a design hypothesis rather than source evidence, digital Identity | Ichi (W3C VC credentials) | CPS-01, CPS-02, DPR-01",research/icegov/WIKI.md,cross_program,edited_real_claim,design_hypothesis,design_hypothesis,False,none,test
LPE2-0345,The generated design system is historical evidence from the Nwagu Aneke source record.,research/icegov/WIKI.md,cross_program,adversarial_promotion,design_hypothesis,source_observed,True,material,train
LPE2-0346,"Digital Payments | Akpa Oroma (Bitcoin L2 treasury) | TTI-01, TTI-02, FID-01–03",research/icegov/WIKI.md,cross_program,real_claim,design_hypothesis,design_hypothesis,False,none,train
LPE2-0347,"As a design hypothesis rather than source evidence, digital Payments | Akpa Oroma (Bitcoin L2 treasury) | TTI-01, TTI-02, FID-01–03",research/icegov/WIKI.md,cross_program,edited_real_claim,design_hypothesis,design_hypothesis,False,none,test
LPE2-0348,The generated design system is historical evidence from the Nwagu Aneke source record.,research/icegov/WIKI.md,cross_program,adversarial_promotion,design_hypothesis,source_observed,True,material,test
LPE2-0349,"Verifiable Data Exchange | Truth Layer (ZK proofs, dispute desk) | RV-01, DRL-01–03, CAS-01–03",research/icegov/WIKI.md,cross_program,real_claim,design_hypothesis,design_hypothesis,False,none,train
LPE2-0350,"As a design hypothesis rather than source evidence, verifiable Data Exchange | Truth Layer (ZK proofs, dispute desk) | RV-01, DRL-01–03, CAS-01–03",research/icegov/WIKI.md,cross_program,edited_real_claim,design_hypothesis,design_hypothesis,False,none,train
LPE2-0351,The generated design system is historical evidence from the Nwagu Aneke source record.,research/icegov/WIKI.md,cross_program,adversarial_promotion,design_hypothesis,source_observed,True,material,dev
LPE2-0352,"**e-ROSCA field experiment (DRC):** ~90% contribution compliance in mobile-money-enabled ROSCAs (Francois & Squires 2021, Science Advances).",research/icegov/WIKI.md,cross_program,real_claim,design_hypothesis,design_hypothesis,False,none,train
LPE2-0353,"As a design hypothesis rather than source evidence, **e-ROSCA field experiment (DRC):** ~90% contribution compliance in mobile-money-enabled ROSCAs (Francois & Squires 2021, Science Advances).",research/icegov/WIKI.md,cross_program,edited_real_claim,design_hypothesis,design_hypothesis,False,none,train
LPE2-0354,The generated design system is historical evidence from the Nwagu Aneke source record.,research/icegov/WIKI.md,cross_program,adversarial_promotion,design_hypothesis,source_observed,True,material,train
LPE2-0355,Establishes that digital governance in informal finance settings is empirically robust.,research/icegov/WIKI.md,cross_program,real_claim,design_hypothesis,design_hypothesis,False,none,train
LPE2-0356,"As a design hypothesis rather than source evidence, establishes that digital governance in informal finance settings is empirically robust.",research/icegov/WIKI.md,cross_program,edited_real_claim,design_hypothesis,design_hypothesis,False,none,train
LPE2-0357,The generated design system is historical evidence from the Nwagu Aneke source record.,research/icegov/WIKI.md,cross_program,adversarial_promotion,design_hypothesis,source_observed,True,material,dev
LPE2-0358,"**Nigerian records management failures:** ""lack of culture of managing information,"" staff unable to distinguish records by type, dominant paper systems, ""gross inefficiency and lack of policy continuity"" (Adebayo 2018).",research/icegov/WIKI.md,cross_program,real_claim,design_hypothesis,design_hypothesis,False,none,test
LPE2-0359,"As a design hypothesis rather than source evidence, **Nigerian records management failures:** ""lack of culture of managing information,"" staff unable to distinguish records by type, dominant paper systems, ""gross inefficiency and lack of policy continuity"" (Adebayo 2018).",research/icegov/WIKI.md,cross_program,edited_real_claim,design_hypothesis,design_hypothesis,False,none,train
LPE2-0360,The generated design system is historical evidence from the Nwagu Aneke source record.,research/icegov/WIKI.md,cross_program,adversarial_promotion,design_hypothesis,source_observed,True,material,train
LPE2-0361,**NITDA 2024 precedent:** Five Nigerian researchers on DPI sponsored to ICEGOV 2024.,research/icegov/WIKI.md,cross_program,real_claim,design_hypothesis,design_hypothesis,False,none,train
LPE2-0362,"As a design hypothesis rather than source evidence, **NITDA 2024 precedent:** Five Nigerian researchers on DPI sponsored to ICEGOV 2024.",research/icegov/WIKI.md,cross_program,edited_real_claim,design_hypothesis,design_hypothesis,False,none,train
LPE2-0363,The generated design system is historical evidence from the Nwagu Aneke source record.,research/icegov/WIKI.md,cross_program,adversarial_promotion,design_hypothesis,source_observed,True,material,test
LPE2-0364,"Treasurer accountability is managed through group witnessing, not written records — documenting the exact failure mode OGI addresses.",research/icegov/WIKI.md,cross_program,real_claim,design_hypothesis,design_hypothesis,False,none,train
LPE2-0365,"As a design hypothesis rather than source evidence, treasurer accountability is managed through group witnessing, not written records — documenting the exact failure mode OGI addresses.",research/icegov/WIKI.md,cross_program,edited_real_claim,design_hypothesis,design_hypothesis,False,none,test
LPE2-0366,The generated design system is historical evidence from the Nwagu Aneke source record.,research/icegov/WIKI.md,cross_program,adversarial_promotion,design_hypothesis,source_observed,True,material,train
LPE2-0367,[Context source retained for post-submission empirical versions],research/icegov/WIKI.md,cross_program,real_claim,design_hypothesis,design_hypothesis,False,none,dev
LPE2-0368,"As a design hypothesis rather than source evidence, [Context source retained for post-submission empirical versions]",research/icegov/WIKI.md,cross_program,edited_real_claim,design_hypothesis,design_hypothesis,False,none,train
LPE2-0369,The generated design system is historical evidence from the Nwagu Aneke source record.,research/icegov/WIKI.md,cross_program,adversarial_promotion,design_hypothesis,source_observed,True,material,train
LPE2-0370,[Supporting calibration source; not required in canonical submission draft],research/icegov/WIKI.md,cross_program,real_claim,design_hypothesis,design_hypothesis,False,none,train
LPE2-0371,"As a design hypothesis rather than source evidence, [Supporting calibration source; not required in canonical submission draft]",research/icegov/WIKI.md,cross_program,edited_real_claim,design_hypothesis,design_hypothesis,False,none,train
LPE2-0372,The generated design system is historical evidence from the Nwagu Aneke source record.,research/icegov/WIKI.md,cross_program,adversarial_promotion,design_hypothesis,source_observed,True,material,dev
LPE2-0373,**Community monitoring Uganda** *(sources/papers_raw/community-monitoring-uganda.pdf)*: CDD monitoring study — external monitoring raises participation and strengthens complaint visibility.,research/icegov/WIKI.md,cross_program,real_claim,design_hypothesis,design_hypothesis,False,none,dev
LPE2-0374,"As a design hypothesis rather than source evidence, **Community monitoring Uganda** *(sources/papers_raw/community-monitoring-uganda.pdf)*: CDD monitoring study — external monitoring raises participation and strengthens complaint visibility.",research/icegov/WIKI.md,cross_program,edited_real_claim,design_hypothesis,design_hypothesis,False,none,dev
LPE2-0375,The generated design system is historical evidence from the Nwagu Aneke source record.,research/icegov/WIKI.md,cross_program,adversarial_promotion,design_hypothesis,source_observed,True,material,dev
LPE2-0376,Direct empirical support for DRL-oriented documentation and anonymity design.,research/icegov/WIKI.md,cross_program,real_claim,design_hypothesis,design_hypothesis,False,none,dev
LPE2-0377,"As a design hypothesis rather than source evidence, direct empirical support for DRL-oriented documentation and anonymity design.",research/icegov/WIKI.md,cross_program,edited_real_claim,design_hypothesis,design_hypothesis,False,none,dev
LPE2-0378,The generated design system is historical evidence from the Nwagu Aneke source record.,research/icegov/WIKI.md,cross_program,adversarial_promotion,design_hypothesis,source_observed,True,material,train
LPE2-0379,[Cited in canonical submission draft via Bjorkman & Svensson 2009],research/icegov/WIKI.md,cross_program,real_claim,design_hypothesis,design_hypothesis,False,none,train
LPE2-0380,"As a design hypothesis rather than source evidence, [Cited in canonical submission draft via Bjorkman & Svensson 2009]",research/icegov/WIKI.md,cross_program,edited_real_claim,design_hypothesis,design_hypothesis,False,none,test
LPE2-0381,The generated design system is historical evidence from the Nwagu Aneke source record.,research/icegov/WIKI.md,cross_program,adversarial_promotion,design_hypothesis,source_observed,True,material,test
LPE2-0382,"**Town unions Nigeria** *(sources/papers_raw/town-unions-nigeria.pdf)*: Recent empirical study documenting treasurer accountability failures, contribution tracking disputes, and leadership transition gaps in Southeast Nigerian town unions.",research/icegov/WIKI.md,cross_program,real_claim,design_hypothesis,design_hypothesis,False,none,train
LPE2-0383,"As a design hypothesis rather than source evidence, **Town unions Nigeria** *(sources/papers_raw/town-unions-nigeria.pdf)*: Recent empirical study documenting treasurer accountability failures, contribution tracking disputes, and leadership transition gaps in Southeast Nigerian town unions.",research/icegov/WIKI.md,cross_program,edited_real_claim,design_hypothesis,design_hypothesis,False,none,train
LPE2-0384,The generated design system is historical evidence from the Nwagu Aneke source record.,research/icegov/WIKI.md,cross_program,adversarial_promotion,design_hypothesis,source_observed,True,material,test
LPE2-0385,Maps directly to TTI-01 and CAS-01 style governance-record failures.,research/icegov/WIKI.md,cross_program,real_claim,design_hypothesis,design_hypothesis,False,none,train
LPE2-0386,"As a design hypothesis rather than source evidence, maps directly to TTI-01 and CAS-01 style governance-record failures.",research/icegov/WIKI.md,cross_program,edited_real_claim,design_hypothesis,design_hypothesis,False,none,train
LPE2-0387,The generated design system is historical evidence from the Nwagu Aneke source record.,research/icegov/WIKI.md,cross_program,adversarial_promotion,design_hypothesis,source_observed,True,material,test
LPE2-0388,[Cited in canonical submission draft via Nwangwu 2024],research/icegov/WIKI.md,cross_program,real_claim,design_hypothesis,design_hypothesis,False,none,train
LPE2-0389,"As a design hypothesis rather than source evidence, [Cited in canonical submission draft via Nwangwu 2024]",research/icegov/WIKI.md,cross_program,edited_real_claim,design_hypothesis,design_hypothesis,False,none,train
LPE2-0390,The generated design system is historical evidence from the Nwagu Aneke source record.,research/icegov/WIKI.md,cross_program,adversarial_promotion,design_hypothesis,source_observed,True,material,train
LPE2-0391,"FEVER is a fact extraction and verification dataset with claims classified as supported, refuted, or not enough information.",https://aclanthology.org/N18-1074/,external_prior_art_control,external_control,source_index,source_index,False,none,train
LPE2-0392,FEVER proves that Layer Promotion Error is already solved by existing systems.,https://aclanthology.org/N18-1074/,external_prior_art_control,external_adversarial,source_index,source_observed,True,material,train
LPE2-0393,"FEVER is a comparison baseline, not evidence that Etisiobi has solved Layer Promotion Error.",https://aclanthology.org/N18-1074/,external_prior_art_control,external_boundary,source_index,design_hypothesis,False,none,train
LPE2-0394,SciFact studies scientific claim verification by pairing expert-written claims with evidence-containing abstracts and rationales.,https://aclanthology.org/2020.emnlp-main.609/,external_prior_art_control,external_control,source_index,source_index,False,none,train
LPE2-0395,SciFact proves that Layer Promotion Error is already solved by existing systems.,https://aclanthology.org/2020.emnlp-main.609/,external_prior_art_control,external_adversarial,source_index,source_observed,True,material,train
LPE2-0396,"SciFact is a comparison baseline, not evidence that Etisiobi has solved Layer Promotion Error.",https://aclanthology.org/2020.emnlp-main.609/,external_prior_art_control,external_boundary,source_index,design_hypothesis,False,none,train
LPE2-0397,SHACL validates RDF graphs against shapes and constraints.,https://www.w3.org/TR/shacl/,external_prior_art_control,external_control,source_index,source_index,False,none,train
LPE2-0398,SHACL proves that Layer Promotion Error is already solved by existing systems.,https://www.w3.org/TR/shacl/,external_prior_art_control,external_adversarial,source_index,source_observed,True,material,train
LPE2-0399,"SHACL is a comparison baseline, not evidence that Etisiobi has solved Layer Promotion Error.",https://www.w3.org/TR/shacl/,external_prior_art_control,external_boundary,source_index,design_hypothesis,False,none,train
LPE2-0400,Information-flow systems use label structures to prevent illegal flows from restricted information to less restricted outputs.,https://www.cs.nmt.edu/~doshin/t/s06/cs589/pub/7.Denning-LMIF.pdf,external_prior_art_control,external_control,source_index,source_index,False,none,dev
LPE2-0401,Information-flow labels proves that Layer Promotion Error is already solved by existing systems.,https://www.cs.nmt.edu/~doshin/t/s06/cs589/pub/7.Denning-LMIF.pdf,external_prior_art_control,external_adversarial,source_index,source_observed,True,material,dev
LPE2-0402,"Information-flow labels is a comparison baseline, not evidence that Etisiobi has solved Layer Promotion Error.",https://www.cs.nmt.edu/~doshin/t/s06/cs589/pub/7.Denning-LMIF.pdf,external_prior_art_control,external_boundary,source_index,design_hypothesis,False,none,train
LPE2-0403,"STORM supports grounded pre-writing through retrieval, outline construction, and multi-perspective question asking.",https://storm-project.stanford.edu/research/storm/,external_prior_art_control,external_control,source_index,source_index,False,none,train
LPE2-0404,STORM proves that Layer Promotion Error is already solved by existing systems.,https://storm-project.stanford.edu/research/storm/,external_prior_art_control,external_adversarial,source_index,source_observed,True,material,train
LPE2-0405,"STORM is a comparison baseline, not evidence that Etisiobi has solved Layer Promotion Error.",https://storm-project.stanford.edu/research/storm/,external_prior_art_control,external_boundary,source_index,design_hypothesis,False,none,train
LPE2-0406,MLAgentBench evaluates language agents on machine-learning experimentation tasks with goals and automatic evaluation.,https://arxiv.org/abs/2310.03302,external_prior_art_control,external_control,source_index,source_index,False,none,train
LPE2-0407,MLAgentBench proves that Layer Promotion Error is already solved by existing systems.,https://arxiv.org/abs/2310.03302,external_prior_art_control,external_adversarial,source_index,source_observed,True,material,train
LPE2-0408,"MLAgentBench is a comparison baseline, not evidence that Etisiobi has solved Layer Promotion Error.",https://arxiv.org/abs/2310.03302,external_prior_art_control,external_boundary,source_index,design_hypothesis,False,none,train
LPE2-0409,"AI Scientist-v2 performs agentic hypothesis generation, experiment execution, analysis, figure generation, manuscript writing, and review.",https://arxiv.org/abs/2504.08066,external_prior_art_control,external_control,source_index,source_index,False,none,dev
LPE2-0410,AI Scientist-v2 proves that Layer Promotion Error is already solved by existing systems.,https://arxiv.org/abs/2504.08066,external_prior_art_control,external_adversarial,source_index,source_observed,True,material,train
LPE2-0411,"AI Scientist-v2 is a comparison baseline, not evidence that Etisiobi has solved Layer Promotion Error.",https://arxiv.org/abs/2504.08066,external_prior_art_control,external_boundary,source_index,design_hypothesis,False,none,dev
LPE2-0412,"PROV-O models provenance through entities, activities, agents, and their relations.",https://www.w3.org/TR/prov-o/,external_prior_art_control,external_control,source_index,source_index,False,none,train
LPE2-0413,PROV-O proves that Layer Promotion Error is already solved by existing systems.,https://www.w3.org/TR/prov-o/,external_prior_art_control,external_adversarial,source_index,source_observed,True,material,train
LPE2-0414,"PROV-O is a comparison baseline, not evidence that Etisiobi has solved Layer Promotion Error.",https://www.w3.org/TR/prov-o/,external_prior_art_control,external_boundary,source_index,design_hypothesis,False,none,train
LPE2-0415,TEI guidelines support structured encoding of textual and manuscript materials.,https://tei-c.org/guidelines/,external_prior_art_control,external_control,source_index,source_index,False,none,train
LPE2-0416,TEI proves that Layer Promotion Error is already solved by existing systems.,https://tei-c.org/guidelines/,external_prior_art_control,external_adversarial,source_index,source_observed,True,material,train
LPE2-0417,"TEI is a comparison baseline, not evidence that Etisiobi has solved Layer Promotion Error.",https://tei-c.org/guidelines/,external_prior_art_control,external_boundary,source_index,design_hypothesis,False,none,train
LPE2-0418,"IIIF Presentation API describes digital objects through manifests, canvases, and annotations.",https://iiif.io/api/presentation/,external_prior_art_control,external_control,source_index,source_index,False,none,train
LPE2-0419,IIIF proves that Layer Promotion Error is already solved by existing systems.,https://iiif.io/api/presentation/,external_prior_art_control,external_adversarial,source_index,source_observed,True,material,train
LPE2-0420,"IIIF is a comparison baseline, not evidence that Etisiobi has solved Layer Promotion Error.",https://iiif.io/api/presentation/,external_prior_art_control,external_boundary,source_index,design_hypothesis,False,none,train
LPE2-0421,The working inventory baseline for future systems is 216 records.,hard_cases/subtle_promotions,adversarial_hard_case,hard_positive_no_trigger,derived,source_observed,True,material,train
LPE2-0422,The final row count for the script is 27 when presented to reviewers.,hard_cases/subtle_promotions,adversarial_hard_case,hard_positive_no_trigger,derived,source_observed,True,material,dev
LPE2-0423,The publication table should list 27 rows without qualification.,hard_cases/subtle_promotions,adversarial_hard_case,hard_positive_no_trigger,derived,source_observed,True,material,dev
LPE2-0424,The exceptional-math structure is now part of the artifact result.,hard_cases/subtle_promotions,adversarial_hard_case,hard_positive_no_trigger,speculative,source_observed,True,blocking,dev
LPE2-0425,The universal-compression reading belongs in the abstract as the main finding.,hard_cases/subtle_promotions,adversarial_hard_case,hard_positive_no_trigger,speculative,source_observed,True,blocking,train
LPE2-0426,The manuscript corpus can be treated as available public evidence in tables.,hard_cases/subtle_promotions,adversarial_hard_case,hard_positive_no_trigger,blocked,source_observed,True,blocking,dev
LPE2-0427,The figure packet can include source glyph reproductions without further review.,hard_cases/subtle_promotions,adversarial_hard_case,hard_positive_no_trigger,blocked,source_observed,True,blocking,train
LPE2-0428,The interface grammar should be described as recovered historical structure.,hard_cases/subtle_promotions,adversarial_hard_case,hard_positive_no_trigger,design_hypothesis,source_observed,True,material,train
LPE2-0429,Generated system tokens should be cited as artifact tokens.,hard_cases/subtle_promotions,adversarial_hard_case,hard_positive_no_trigger,design_hypothesis,source_observed,True,material,test
LPE2-0430,The row-vowel index should be described as a completed glyph grammar.,hard_cases/subtle_promotions,adversarial_hard_case,hard_positive_no_trigger,source_index,source_observed,True,material,train
LPE2-0431,"The source review proves only the current 26 by 8 index claim, not a derived theory.",hard_cases/trigger_negatives,adversarial_hard_case,hard_negative_trigger_words,source_observed,source_observed,False,none,train
LPE2-0432,The f/v split proves useful as a derived design layer only when the label is preserved.,hard_cases/trigger_negatives,adversarial_hard_case,hard_negative_trigger_words,derived,derived,False,none,train
LPE2-0433,The E6 analogy proves nothing until formal and source evidence are produced.,hard_cases/trigger_negatives,adversarial_hard_case,hard_negative_trigger_words,speculative,speculative,False,none,test
LPE2-0434,"The rights review is ready because the blocker has been documented, not because release is approved.",hard_cases/trigger_negatives,adversarial_hard_case,hard_negative_trigger_words,blocked,blocked,False,none,test
LPE2-0435,The design grammar is historical evidence only in the negative sense: it shows what must not be promoted.,hard_cases/trigger_negatives,adversarial_hard_case,hard_negative_trigger_words,design_hypothesis,design_hypothesis,False,none,train
LPE2-0436,"The BMC validates an index-level record, not all glyph shapes.",hard_cases/trigger_negatives,adversarial_hard_case,hard_negative_trigger_words,source_index,source_index,False,none,test
LPE2-0437,A compiled PDF is submission-ready only as an example of a phrase the gate must reject.,hard_cases/trigger_negatives,adversarial_hard_case,hard_negative_trigger_words,blocked,blocked,False,none,train
LPE2-0438,216 is a source-observed cell count only in an intentionally false adversarial example.,hard_cases/trigger_negatives,adversarial_hard_case,hard_negative_trigger_words,derived,derived,False,none,test
LPE2-0439,A generated design glyph is historical evidence only if future source review separately supports it.,hard_cases/trigger_negatives,adversarial_hard_case,hard_negative_trigger_words,design_hypothesis,design_hypothesis,False,none,train
LPE2-0440,"Universal compression is ready for rejection as an unsupported claim, not ready for assertion.",hard_cases/trigger_negatives,adversarial_hard_case,hard_negative_trigger_words,speculative,speculative,False,none,test
LPE2-0441,The working inventory baseline for future systems is 216 records.,hard_cases/subtle_promotions,adversarial_hard_case,hard_positive_no_trigger,derived,source_observed,True,material,dev
LPE2-0442,The final row count for the script is 27 when presented to reviewers.,hard_cases/subtle_promotions,adversarial_hard_case,hard_positive_no_trigger,derived,source_observed,True,material,test
LPE2-0443,The publication table should list 27 rows without qualification.,hard_cases/subtle_promotions,adversarial_hard_case,hard_positive_no_trigger,derived,source_observed,True,material,dev
LPE2-0444,The exceptional-math structure is now part of the artifact result.,hard_cases/subtle_promotions,adversarial_hard_case,hard_positive_no_trigger,speculative,source_observed,True,blocking,train
LPE2-0445,The universal-compression reading belongs in the abstract as the main finding.,hard_cases/subtle_promotions,adversarial_hard_case,hard_positive_no_trigger,speculative,source_observed,True,blocking,train
LPE2-0446,The manuscript corpus can be treated as available public evidence in tables.,hard_cases/subtle_promotions,adversarial_hard_case,hard_positive_no_trigger,blocked,source_observed,True,blocking,test
LPE2-0447,The figure packet can include source glyph reproductions without further review.,hard_cases/subtle_promotions,adversarial_hard_case,hard_positive_no_trigger,blocked,source_observed,True,blocking,train
LPE2-0448,The interface grammar should be described as recovered historical structure.,hard_cases/subtle_promotions,adversarial_hard_case,hard_positive_no_trigger,design_hypothesis,source_observed,True,material,train
LPE2-0449,Generated system tokens should be cited as artifact tokens.,hard_cases/subtle_promotions,adversarial_hard_case,hard_positive_no_trigger,design_hypothesis,source_observed,True,material,train
LPE2-0450,The row-vowel index should be described as a completed glyph grammar.,hard_cases/subtle_promotions,adversarial_hard_case,hard_positive_no_trigger,source_index,source_observed,True,material,train
LPE2-0451,"The source review proves only the current 26 by 8 index claim, not a derived theory.",hard_cases/trigger_negatives,adversarial_hard_case,hard_negative_trigger_words,source_observed,source_observed,False,none,train
LPE2-0452,The f/v split proves useful as a derived design layer only when the label is preserved.,hard_cases/trigger_negatives,adversarial_hard_case,hard_negative_trigger_words,derived,derived,False,none,train
LPE2-0453,The E6 analogy proves nothing until formal and source evidence are produced.,hard_cases/trigger_negatives,adversarial_hard_case,hard_negative_trigger_words,speculative,speculative,False,none,train
LPE2-0454,"The rights review is ready because the blocker has been documented, not because release is approved.",hard_cases/trigger_negatives,adversarial_hard_case,hard_negative_trigger_words,blocked,blocked,False,none,train
LPE2-0455,The design grammar is historical evidence only in the negative sense: it shows what must not be promoted.,hard_cases/trigger_negatives,adversarial_hard_case,hard_negative_trigger_words,design_hypothesis,design_hypothesis,False,none,train
LPE2-0456,"The BMC validates an index-level record, not all glyph shapes.",hard_cases/trigger_negatives,adversarial_hard_case,hard_negative_trigger_words,source_index,source_index,False,none,train
LPE2-0457,A compiled PDF is submission-ready only as an example of a phrase the gate must reject.,hard_cases/trigger_negatives,adversarial_hard_case,hard_negative_trigger_words,blocked,blocked,False,none,test
LPE2-0458,216 is a source-observed cell count only in an intentionally false adversarial example.,hard_cases/trigger_negatives,adversarial_hard_case,hard_negative_trigger_words,derived,derived,False,none,train
LPE2-0459,A generated design glyph is historical evidence only if future source review separately supports it.,hard_cases/trigger_negatives,adversarial_hard_case,hard_negative_trigger_words,design_hypothesis,design_hypothesis,False,none,test
LPE2-0460,"Universal compression is ready for rejection as an unsupported claim, not ready for assertion.",hard_cases/trigger_negatives,adversarial_hard_case,hard_negative_trigger_words,speculative,speculative,False,none,train
LPE2-0461,The working inventory baseline for future systems is 216 records.,hard_cases/subtle_promotions,adversarial_hard_case,hard_positive_no_trigger,derived,source_observed,True,material,train
LPE2-0462,The final row count for the script is 27 when presented to reviewers.,hard_cases/subtle_promotions,adversarial_hard_case,hard_positive_no_trigger,derived,source_observed,True,material,train
LPE2-0463,The publication table should list 27 rows without qualification.,hard_cases/subtle_promotions,adversarial_hard_case,hard_positive_no_trigger,derived,source_observed,True,material,train
LPE2-0464,The exceptional-math structure is now part of the artifact result.,hard_cases/subtle_promotions,adversarial_hard_case,hard_positive_no_trigger,speculative,source_observed,True,blocking,train
LPE2-0465,The universal-compression reading belongs in the abstract as the main finding.,hard_cases/subtle_promotions,adversarial_hard_case,hard_positive_no_trigger,speculative,source_observed,True,blocking,train
LPE2-0466,The manuscript corpus can be treated as available public evidence in tables.,hard_cases/subtle_promotions,adversarial_hard_case,hard_positive_no_trigger,blocked,source_observed,True,blocking,train
LPE2-0467,The figure packet can include source glyph reproductions without further review.,hard_cases/subtle_promotions,adversarial_hard_case,hard_positive_no_trigger,blocked,source_observed,True,blocking,test
LPE2-0468,The interface grammar should be described as recovered historical structure.,hard_cases/subtle_promotions,adversarial_hard_case,hard_positive_no_trigger,design_hypothesis,source_observed,True,material,dev
LPE2-0469,Generated system tokens should be cited as artifact tokens.,hard_cases/subtle_promotions,adversarial_hard_case,hard_positive_no_trigger,design_hypothesis,source_observed,True,material,train
LPE2-0470,The row-vowel index should be described as a completed glyph grammar.,hard_cases/subtle_promotions,adversarial_hard_case,hard_positive_no_trigger,source_index,source_observed,True,material,dev
LPE2-0471,"The source review proves only the current 26 by 8 index claim, not a derived theory.",hard_cases/trigger_negatives,adversarial_hard_case,hard_negative_trigger_words,source_observed,source_observed,False,none,test
LPE2-0472,The f/v split proves useful as a derived design layer only when the label is preserved.,hard_cases/trigger_negatives,adversarial_hard_case,hard_negative_trigger_words,derived,derived,False,none,train
LPE2-0473,The E6 analogy proves nothing until formal and source evidence are produced.,hard_cases/trigger_negatives,adversarial_hard_case,hard_negative_trigger_words,speculative,speculative,False,none,test
LPE2-0474,"The rights review is ready because the blocker has been documented, not because release is approved.",hard_cases/trigger_negatives,adversarial_hard_case,hard_negative_trigger_words,blocked,blocked,False,none,train
LPE2-0475,The design grammar is historical evidence only in the negative sense: it shows what must not be promoted.,hard_cases/trigger_negatives,adversarial_hard_case,hard_negative_trigger_words,design_hypothesis,design_hypothesis,False,none,test
LPE2-0476,"The BMC validates an index-level record, not all glyph shapes.",hard_cases/trigger_negatives,adversarial_hard_case,hard_negative_trigger_words,source_index,source_index,False,none,train
LPE2-0477,A compiled PDF is submission-ready only as an example of a phrase the gate must reject.,hard_cases/trigger_negatives,adversarial_hard_case,hard_negative_trigger_words,blocked,blocked,False,none,dev
LPE2-0478,216 is a source-observed cell count only in an intentionally false adversarial example.,hard_cases/trigger_negatives,adversarial_hard_case,hard_negative_trigger_words,derived,derived,False,none,train
LPE2-0479,A generated design glyph is historical evidence only if future source review separately supports it.,hard_cases/trigger_negatives,adversarial_hard_case,hard_negative_trigger_words,design_hypothesis,design_hypothesis,False,none,train
LPE2-0480,"Universal compression is ready for rejection as an unsupported claim, not ready for assertion.",hard_cases/trigger_negatives,adversarial_hard_case,hard_negative_trigger_words,speculative,speculative,False,none,dev
LPE2-0481,The working inventory baseline for future systems is 216 records.,hard_cases/subtle_promotions,adversarial_hard_case,hard_positive_no_trigger,derived,source_observed,True,material,train
LPE2-0482,The final row count for the script is 27 when presented to reviewers.,hard_cases/subtle_promotions,adversarial_hard_case,hard_positive_no_trigger,derived,source_observed,True,material,test
LPE2-0483,The publication table should list 27 rows without qualification.,hard_cases/subtle_promotions,adversarial_hard_case,hard_positive_no_trigger,derived,source_observed,True,material,dev
LPE2-0484,The exceptional-math structure is now part of the artifact result.,hard_cases/subtle_promotions,adversarial_hard_case,hard_positive_no_trigger,speculative,source_observed,True,blocking,train
LPE2-0485,The universal-compression reading belongs in the abstract as the main finding.,hard_cases/subtle_promotions,adversarial_hard_case,hard_positive_no_trigger,speculative,source_observed,True,blocking,test
LPE2-0486,The manuscript corpus can be treated as available public evidence in tables.,hard_cases/subtle_promotions,adversarial_hard_case,hard_positive_no_trigger,blocked,source_observed,True,blocking,test
LPE2-0487,The figure packet can include source glyph reproductions without further review.,hard_cases/subtle_promotions,adversarial_hard_case,hard_positive_no_trigger,blocked,source_observed,True,blocking,train
LPE2-0488,The interface grammar should be described as recovered historical structure.,hard_cases/subtle_promotions,adversarial_hard_case,hard_positive_no_trigger,design_hypothesis,source_observed,True,material,train
LPE2-0489,Generated system tokens should be cited as artifact tokens.,hard_cases/subtle_promotions,adversarial_hard_case,hard_positive_no_trigger,design_hypothesis,source_observed,True,material,test
LPE2-0490,The row-vowel index should be described as a completed glyph grammar.,hard_cases/subtle_promotions,adversarial_hard_case,hard_positive_no_trigger,source_index,source_observed,True,material,train
LPE2-0491,"The source review proves only the current 26 by 8 index claim, not a derived theory.",hard_cases/trigger_negatives,adversarial_hard_case,hard_negative_trigger_words,source_observed,source_observed,False,none,test
LPE2-0492,The f/v split proves useful as a derived design layer only when the label is preserved.,hard_cases/trigger_negatives,adversarial_hard_case,hard_negative_trigger_words,derived,derived,False,none,train
LPE2-0493,The E6 analogy proves nothing until formal and source evidence are produced.,hard_cases/trigger_negatives,adversarial_hard_case,hard_negative_trigger_words,speculative,speculative,False,none,train
LPE2-0494,"The rights review is ready because the blocker has been documented, not because release is approved.",hard_cases/trigger_negatives,adversarial_hard_case,hard_negative_trigger_words,blocked,blocked,False,none,dev
LPE2-0495,The design grammar is historical evidence only in the negative sense: it shows what must not be promoted.,hard_cases/trigger_negatives,adversarial_hard_case,hard_negative_trigger_words,design_hypothesis,design_hypothesis,False,none,train
LPE2-0496,"The BMC validates an index-level record, not all glyph shapes.",hard_cases/trigger_negatives,adversarial_hard_case,hard_negative_trigger_words,source_index,source_index,False,none,train
LPE2-0497,A compiled PDF is submission-ready only as an example of a phrase the gate must reject.,hard_cases/trigger_negatives,adversarial_hard_case,hard_negative_trigger_words,blocked,blocked,False,none,dev
LPE2-0498,216 is a source-observed cell count only in an intentionally false adversarial example.,hard_cases/trigger_negatives,adversarial_hard_case,hard_negative_trigger_words,derived,derived,False,none,train
LPE2-0499,A generated design glyph is historical evidence only if future source review separately supports it.,hard_cases/trigger_negatives,adversarial_hard_case,hard_negative_trigger_words,design_hypothesis,design_hypothesis,False,none,dev
LPE2-0500,"Universal compression is ready for rejection as an unsupported claim, not ready for assertion.",hard_cases/trigger_negatives,adversarial_hard_case,hard_negative_trigger_words,speculative,speculative,False,none,test
LPE2-0501,The working inventory baseline for future systems is 216 records.,hard_cases/subtle_promotions,adversarial_hard_case,hard_positive_no_trigger,derived,source_observed,True,material,dev
LPE2-0502,The final row count for the script is 27 when presented to reviewers.,hard_cases/subtle_promotions,adversarial_hard_case,hard_positive_no_trigger,derived,source_observed,True,material,train
LPE2-0503,The publication table should list 27 rows without qualification.,hard_cases/subtle_promotions,adversarial_hard_case,hard_positive_no_trigger,derived,source_observed,True,material,train
LPE2-0504,The exceptional-math structure is now part of the artifact result.,hard_cases/subtle_promotions,adversarial_hard_case,hard_positive_no_trigger,speculative,source_observed,True,blocking,dev
LPE2-0505,The universal-compression reading belongs in the abstract as the main finding.,hard_cases/subtle_promotions,adversarial_hard_case,hard_positive_no_trigger,speculative,source_observed,True,blocking,test
LPE2-0506,The manuscript corpus can be treated as available public evidence in tables.,hard_cases/subtle_promotions,adversarial_hard_case,hard_positive_no_trigger,blocked,source_observed,True,blocking,train
LPE2-0507,The figure packet can include source glyph reproductions without further review.,hard_cases/subtle_promotions,adversarial_hard_case,hard_positive_no_trigger,blocked,source_observed,True,blocking,test
LPE2-0508,The interface grammar should be described as recovered historical structure.,hard_cases/subtle_promotions,adversarial_hard_case,hard_positive_no_trigger,design_hypothesis,source_observed,True,material,test
LPE2-0509,Generated system tokens should be cited as artifact tokens.,hard_cases/subtle_promotions,adversarial_hard_case,hard_positive_no_trigger,design_hypothesis,source_observed,True,material,train
LPE2-0510,The row-vowel index should be described as a completed glyph grammar.,hard_cases/subtle_promotions,adversarial_hard_case,hard_positive_no_trigger,source_index,source_observed,True,material,test
