case_id,reviewer,input_layer,output_layer,promotion_error,severity,rationale
LPE3-0001,methods_reviewer,blocked,blocked,no,none,Synthetic pilot label based on visible layer cues; not a human annotation.
LPE3-0001,domain_postdoc,blocked,blocked,no,none,Synthetic pilot label based on visible layer cues; not a human annotation.
LPE3-0001,rights_authority_reviewer,blocked,blocked,no,none,Synthetic pilot label based on visible layer cues; not a human annotation.
LPE3-0002,methods_reviewer,design_hypothesis,design_hypothesis,no,none,Synthetic pilot label based on visible layer cues; not a human annotation.
LPE3-0002,domain_postdoc,design_hypothesis,design_hypothesis,no,none,Synthetic pilot label based on visible layer cues; not a human annotation.
LPE3-0002,rights_authority_reviewer,design_hypothesis,design_hypothesis,no,none,Synthetic pilot label based on visible layer cues; not a human annotation.
LPE3-0003,methods_reviewer,source_index,source_observed,yes,material,Synthetic pilot label based on visible layer cues; not a human annotation.
LPE3-0003,domain_postdoc,source_index,source_observed,yes,material,Synthetic pilot label based on visible layer cues; not a human annotation.
LPE3-0003,rights_authority_reviewer,source_index,source_observed,yes,material,Synthetic pilot label based on visible layer cues; not a human annotation.
LPE3-0004,methods_reviewer,source_index,source_index,no,none,Synthetic pilot label based on visible layer cues; not a human annotation.
LPE3-0004,domain_postdoc,source_index,source_index,no,none,Synthetic pilot label based on visible layer cues; not a human annotation.
LPE3-0004,rights_authority_reviewer,source_index,source_index,no,none,Synthetic pilot label based on visible layer cues; not a human annotation.
LPE3-0005,methods_reviewer,blocked,blocked,no,none,Synthetic pilot label based on visible layer cues; not a human annotation.
LPE3-0005,domain_postdoc,blocked,blocked,no,none,Synthetic pilot label based on visible layer cues; not a human annotation.
LPE3-0005,rights_authority_reviewer,blocked,blocked,no,none,Synthetic pilot label based on visible layer cues; not a human annotation.
LPE3-0006,methods_reviewer,design_hypothesis,derived,yes,material,Synthetic pilot label based on visible layer cues; not a human annotation.
LPE3-0006,domain_postdoc,design_hypothesis,derived,yes,material,Synthetic pilot label based on visible layer cues; not a human annotation.
LPE3-0006,rights_authority_reviewer,design_hypothesis,derived,yes,material,Synthetic pilot label based on visible layer cues; not a human annotation.
LPE3-0007,methods_reviewer,design_hypothesis,design_hypothesis,no,none,Synthetic pilot label based on visible layer cues; not a human annotation.
LPE3-0007,domain_postdoc,design_hypothesis,design_hypothesis,no,none,Synthetic pilot label based on visible layer cues; not a human annotation.
LPE3-0007,rights_authority_reviewer,design_hypothesis,design_hypothesis,no,none,Synthetic pilot label based on visible layer cues; not a human annotation.
LPE3-0008,methods_reviewer,speculative,speculative,no,none,Synthetic pilot label based on visible layer cues; not a human annotation.
LPE3-0008,domain_postdoc,speculative,speculative,no,none,Synthetic pilot label based on visible layer cues; not a human annotation.
LPE3-0008,rights_authority_reviewer,speculative,speculative,no,none,Synthetic pilot label based on visible layer cues; not a human annotation.
LPE3-0009,methods_reviewer,design_hypothesis,design_hypothesis,no,none,Synthetic pilot label based on visible layer cues; not a human annotation.
LPE3-0009,domain_postdoc,design_hypothesis,design_hypothesis,no,none,Synthetic pilot label based on visible layer cues; not a human annotation.
LPE3-0009,rights_authority_reviewer,design_hypothesis,design_hypothesis,no,none,Synthetic pilot label based on visible layer cues; not a human annotation.
LPE3-0010,methods_reviewer,blocked,blocked,no,none,Synthetic pilot label based on visible layer cues; not a human annotation.
LPE3-0010,domain_postdoc,blocked,blocked,no,none,Synthetic pilot label based on visible layer cues; not a human annotation.
LPE3-0010,rights_authority_reviewer,blocked,blocked,no,none,Synthetic pilot label based on visible layer cues; not a human annotation.
LPE3-0011,methods_reviewer,speculative,design_hypothesis,yes,material,Synthetic pilot label based on visible layer cues; not a human annotation.
LPE3-0011,domain_postdoc,speculative,design_hypothesis,yes,material,Synthetic pilot label based on visible layer cues; not a human annotation.
LPE3-0011,rights_authority_reviewer,speculative,blocked,no,none,Synthetic pilot label based on visible layer cues; not a human annotation.
LPE3-0012,methods_reviewer,design_hypothesis,design_hypothesis,no,none,Synthetic pilot label based on visible layer cues; not a human annotation.
LPE3-0012,domain_postdoc,design_hypothesis,design_hypothesis,no,none,Synthetic pilot label based on visible layer cues; not a human annotation.
LPE3-0012,rights_authority_reviewer,design_hypothesis,design_hypothesis,no,none,Synthetic pilot label based on visible layer cues; not a human annotation.
LPE3-0013,methods_reviewer,design_hypothesis,design_hypothesis,no,none,Synthetic pilot label based on visible layer cues; not a human annotation.
LPE3-0013,domain_postdoc,design_hypothesis,design_hypothesis,no,none,Synthetic pilot label based on visible layer cues; not a human annotation.
LPE3-0013,rights_authority_reviewer,design_hypothesis,blocked,no,none,Synthetic pilot label based on visible layer cues; not a human annotation.
LPE3-0014,methods_reviewer,design_hypothesis,design_hypothesis,no,none,Synthetic pilot label based on visible layer cues; not a human annotation.
LPE3-0014,domain_postdoc,design_hypothesis,design_hypothesis,no,none,Synthetic pilot label based on visible layer cues; not a human annotation.
LPE3-0014,rights_authority_reviewer,design_hypothesis,design_hypothesis,no,none,Synthetic pilot label based on visible layer cues; not a human annotation.
LPE3-0015,methods_reviewer,design_hypothesis,design_hypothesis,no,none,Synthetic pilot label based on visible layer cues; not a human annotation.
LPE3-0015,domain_postdoc,design_hypothesis,design_hypothesis,no,none,Synthetic pilot label based on visible layer cues; not a human annotation.
LPE3-0015,rights_authority_reviewer,design_hypothesis,design_hypothesis,no,none,Synthetic pilot label based on visible layer cues; not a human annotation.
LPE3-0016,methods_reviewer,design_hypothesis,design_hypothesis,no,none,Synthetic pilot label based on visible layer cues; not a human annotation.
LPE3-0016,domain_postdoc,design_hypothesis,design_hypothesis,no,none,Synthetic pilot label based on visible layer cues; not a human annotation.
LPE3-0016,rights_authority_reviewer,design_hypothesis,design_hypothesis,no,none,Synthetic pilot label based on visible layer cues; not a human annotation.
LPE3-0017,methods_reviewer,blocked,blocked,no,none,Synthetic pilot label based on visible layer cues; not a human annotation.
LPE3-0017,domain_postdoc,blocked,blocked,no,none,Synthetic pilot label based on visible layer cues; not a human annotation.
LPE3-0017,rights_authority_reviewer,blocked,blocked,no,none,Synthetic pilot label based on visible layer cues; not a human annotation.
LPE3-0018,methods_reviewer,design_hypothesis,design_hypothesis,no,none,Synthetic pilot label based on visible layer cues; not a human annotation.
LPE3-0018,domain_postdoc,design_hypothesis,design_hypothesis,no,none,Synthetic pilot label based on visible layer cues; not a human annotation.
LPE3-0018,rights_authority_reviewer,design_hypothesis,design_hypothesis,no,none,Synthetic pilot label based on visible layer cues; not a human annotation.
LPE3-0019,methods_reviewer,design_hypothesis,design_hypothesis,no,none,Synthetic pilot label based on visible layer cues; not a human annotation.
LPE3-0019,domain_postdoc,design_hypothesis,design_hypothesis,no,none,Synthetic pilot label based on visible layer cues; not a human annotation.
LPE3-0019,rights_authority_reviewer,design_hypothesis,design_hypothesis,no,none,Synthetic pilot label based on visible layer cues; not a human annotation.
LPE3-0020,methods_reviewer,speculative,design_hypothesis,yes,material,Synthetic pilot label based on visible layer cues; not a human annotation.
LPE3-0020,domain_postdoc,speculative,design_hypothesis,yes,material,Synthetic pilot label based on visible layer cues; not a human annotation.
LPE3-0020,rights_authority_reviewer,speculative,design_hypothesis,yes,material,Synthetic pilot label based on visible layer cues; not a human annotation.
LPE3-0021,methods_reviewer,design_hypothesis,design_hypothesis,no,none,Synthetic pilot label based on visible layer cues; not a human annotation.
LPE3-0021,domain_postdoc,design_hypothesis,design_hypothesis,no,none,Synthetic pilot label based on visible layer cues; not a human annotation.
LPE3-0021,rights_authority_reviewer,design_hypothesis,design_hypothesis,no,none,Synthetic pilot label based on visible layer cues; not a human annotation.
LPE3-0022,methods_reviewer,source_index,source_index,no,none,Synthetic pilot label based on visible layer cues; not a human annotation.
LPE3-0022,domain_postdoc,source_index,source_index,no,none,Synthetic pilot label based on visible layer cues; not a human annotation.
LPE3-0022,rights_authority_reviewer,source_index,source_index,no,none,Synthetic pilot label based on visible layer cues; not a human annotation.
LPE3-0023,methods_reviewer,design_hypothesis,design_hypothesis,no,none,Synthetic pilot label based on visible layer cues; not a human annotation.
LPE3-0023,domain_postdoc,design_hypothesis,design_hypothesis,no,none,Synthetic pilot label based on visible layer cues; not a human annotation.
LPE3-0023,rights_authority_reviewer,design_hypothesis,design_hypothesis,no,none,Synthetic pilot label based on visible layer cues; not a human annotation.
LPE3-0024,methods_reviewer,source_index,source_index,no,none,Synthetic pilot label based on visible layer cues; not a human annotation.
LPE3-0024,domain_postdoc,source_index,source_index,no,none,Synthetic pilot label based on visible layer cues; not a human annotation.
LPE3-0024,rights_authority_reviewer,source_index,source_index,no,none,Synthetic pilot label based on visible layer cues; not a human annotation.
LPE3-0025,methods_reviewer,blocked,blocked,no,none,Synthetic pilot label based on visible layer cues; not a human annotation.
LPE3-0025,domain_postdoc,blocked,blocked,no,none,Synthetic pilot label based on visible layer cues; not a human annotation.
LPE3-0025,rights_authority_reviewer,blocked,blocked,no,none,Synthetic pilot label based on visible layer cues; not a human annotation.
LPE3-0026,methods_reviewer,blocked,blocked,no,none,Synthetic pilot label based on visible layer cues; not a human annotation.
LPE3-0026,domain_postdoc,blocked,blocked,no,none,Synthetic pilot label based on visible layer cues; not a human annotation.
LPE3-0026,rights_authority_reviewer,blocked,blocked,no,none,Synthetic pilot label based on visible layer cues; not a human annotation.
LPE3-0027,methods_reviewer,blocked,blocked,no,none,Synthetic pilot label based on visible layer cues; not a human annotation.
LPE3-0027,domain_postdoc,blocked,blocked,no,none,Synthetic pilot label based on visible layer cues; not a human annotation.
LPE3-0027,rights_authority_reviewer,blocked,blocked,no,none,Synthetic pilot label based on visible layer cues; not a human annotation.
LPE3-0028,methods_reviewer,design_hypothesis,design_hypothesis,no,none,Synthetic pilot label based on visible layer cues; not a human annotation.
LPE3-0028,domain_postdoc,design_hypothesis,design_hypothesis,no,none,Synthetic pilot label based on visible layer cues; not a human annotation.
LPE3-0028,rights_authority_reviewer,design_hypothesis,design_hypothesis,no,none,Synthetic pilot label based on visible layer cues; not a human annotation.
LPE3-0029,methods_reviewer,blocked,design_hypothesis,yes,material,Synthetic pilot label based on visible layer cues; not a human annotation.
LPE3-0029,domain_postdoc,blocked,design_hypothesis,yes,material,Synthetic pilot label based on visible layer cues; not a human annotation.
LPE3-0029,rights_authority_reviewer,blocked,blocked,no,none,Synthetic pilot label based on visible layer cues; not a human annotation.
LPE3-0030,methods_reviewer,design_hypothesis,design_hypothesis,no,none,Synthetic pilot label based on visible layer cues; not a human annotation.
LPE3-0030,domain_postdoc,design_hypothesis,design_hypothesis,no,none,Synthetic pilot label based on visible layer cues; not a human annotation.
LPE3-0030,rights_authority_reviewer,design_hypothesis,design_hypothesis,no,none,Synthetic pilot label based on visible layer cues; not a human annotation.
LPE3-0031,methods_reviewer,source_index,source_index,no,none,Synthetic pilot label based on visible layer cues; not a human annotation.
LPE3-0031,domain_postdoc,source_index,source_index,no,none,Synthetic pilot label based on visible layer cues; not a human annotation.
LPE3-0031,rights_authority_reviewer,source_index,source_index,no,none,Synthetic pilot label based on visible layer cues; not a human annotation.
LPE3-0032,methods_reviewer,design_hypothesis,design_hypothesis,no,none,Synthetic pilot label based on visible layer cues; not a human annotation.
LPE3-0032,domain_postdoc,design_hypothesis,design_hypothesis,no,none,Synthetic pilot label based on visible layer cues; not a human annotation.
LPE3-0032,rights_authority_reviewer,design_hypothesis,design_hypothesis,no,none,Synthetic pilot label based on visible layer cues; not a human annotation.
LPE3-0033,methods_reviewer,design_hypothesis,design_hypothesis,no,none,Synthetic pilot label based on visible layer cues; not a human annotation.
LPE3-0033,domain_postdoc,design_hypothesis,design_hypothesis,no,none,Synthetic pilot label based on visible layer cues; not a human annotation.
LPE3-0033,rights_authority_reviewer,design_hypothesis,design_hypothesis,no,none,Synthetic pilot label based on visible layer cues; not a human annotation.
LPE3-0034,methods_reviewer,blocked,design_hypothesis,yes,material,Synthetic pilot label based on visible layer cues; not a human annotation.
LPE3-0034,domain_postdoc,blocked,design_hypothesis,yes,material,Synthetic pilot label based on visible layer cues; not a human annotation.
LPE3-0034,rights_authority_reviewer,blocked,blocked,no,none,Synthetic pilot label based on visible layer cues; not a human annotation.
LPE3-0035,methods_reviewer,source_index,source_index,no,none,Synthetic pilot label based on visible layer cues; not a human annotation.
LPE3-0035,domain_postdoc,source_index,source_index,no,none,Synthetic pilot label based on visible layer cues; not a human annotation.
LPE3-0035,rights_authority_reviewer,source_index,source_index,no,none,Synthetic pilot label based on visible layer cues; not a human annotation.
LPE3-0036,methods_reviewer,blocked,source_index,yes,material,Synthetic pilot label based on visible layer cues; not a human annotation.
LPE3-0036,domain_postdoc,blocked,source_index,yes,material,Synthetic pilot label based on visible layer cues; not a human annotation.
LPE3-0036,rights_authority_reviewer,blocked,source_index,yes,material,Synthetic pilot label based on visible layer cues; not a human annotation.
LPE3-0037,methods_reviewer,source_index,design_hypothesis,no,none,Synthetic pilot label based on visible layer cues; not a human annotation.
LPE3-0037,domain_postdoc,source_index,design_hypothesis,no,none,Synthetic pilot label based on visible layer cues; not a human annotation.
LPE3-0037,rights_authority_reviewer,source_index,design_hypothesis,no,none,Synthetic pilot label based on visible layer cues; not a human annotation.
LPE3-0038,methods_reviewer,design_hypothesis,source_observed,yes,material,Synthetic pilot label based on visible layer cues; not a human annotation.
LPE3-0038,domain_postdoc,design_hypothesis,source_observed,yes,material,Synthetic pilot label based on visible layer cues; not a human annotation.
LPE3-0038,rights_authority_reviewer,design_hypothesis,source_observed,yes,material,Synthetic pilot label based on visible layer cues; not a human annotation.
LPE3-0039,methods_reviewer,blocked,design_hypothesis,yes,material,Synthetic pilot label based on visible layer cues; not a human annotation.
LPE3-0039,domain_postdoc,blocked,design_hypothesis,yes,material,Synthetic pilot label based on visible layer cues; not a human annotation.
LPE3-0039,rights_authority_reviewer,blocked,blocked,no,none,Synthetic pilot label based on visible layer cues; not a human annotation.
LPE3-0040,methods_reviewer,speculative,speculative,no,none,Synthetic pilot label based on visible layer cues; not a human annotation.
LPE3-0040,domain_postdoc,speculative,speculative,no,none,Synthetic pilot label based on visible layer cues; not a human annotation.
LPE3-0040,rights_authority_reviewer,speculative,speculative,no,none,Synthetic pilot label based on visible layer cues; not a human annotation.
LPE3-0041,methods_reviewer,design_hypothesis,design_hypothesis,no,none,Synthetic pilot label based on visible layer cues; not a human annotation.
LPE3-0041,domain_postdoc,design_hypothesis,design_hypothesis,no,none,Synthetic pilot label based on visible layer cues; not a human annotation.
LPE3-0041,rights_authority_reviewer,design_hypothesis,design_hypothesis,no,none,Synthetic pilot label based on visible layer cues; not a human annotation.
LPE3-0042,methods_reviewer,blocked,blocked,no,none,Synthetic pilot label based on visible layer cues; not a human annotation.
LPE3-0042,domain_postdoc,blocked,blocked,no,none,Synthetic pilot label based on visible layer cues; not a human annotation.
LPE3-0042,rights_authority_reviewer,blocked,blocked,no,none,Synthetic pilot label based on visible layer cues; not a human annotation.
LPE3-0043,methods_reviewer,design_hypothesis,design_hypothesis,no,none,Synthetic pilot label based on visible layer cues; not a human annotation.
LPE3-0043,domain_postdoc,design_hypothesis,design_hypothesis,no,none,Synthetic pilot label based on visible layer cues; not a human annotation.
LPE3-0043,rights_authority_reviewer,design_hypothesis,design_hypothesis,no,none,Synthetic pilot label based on visible layer cues; not a human annotation.
LPE3-0044,methods_reviewer,design_hypothesis,design_hypothesis,no,none,Synthetic pilot label based on visible layer cues; not a human annotation.
LPE3-0044,domain_postdoc,design_hypothesis,design_hypothesis,no,none,Synthetic pilot label based on visible layer cues; not a human annotation.
LPE3-0044,rights_authority_reviewer,design_hypothesis,design_hypothesis,no,none,Synthetic pilot label based on visible layer cues; not a human annotation.
LPE3-0045,methods_reviewer,design_hypothesis,derived,yes,material,Synthetic pilot label based on visible layer cues; not a human annotation.
LPE3-0045,domain_postdoc,design_hypothesis,derived,yes,material,Synthetic pilot label based on visible layer cues; not a human annotation.
LPE3-0045,rights_authority_reviewer,design_hypothesis,derived,yes,material,Synthetic pilot label based on visible layer cues; not a human annotation.
LPE3-0046,methods_reviewer,design_hypothesis,design_hypothesis,no,none,Synthetic pilot label based on visible layer cues; not a human annotation.
LPE3-0046,domain_postdoc,design_hypothesis,design_hypothesis,no,none,Synthetic pilot label based on visible layer cues; not a human annotation.
LPE3-0046,rights_authority_reviewer,design_hypothesis,design_hypothesis,no,none,Synthetic pilot label based on visible layer cues; not a human annotation.
LPE3-0047,methods_reviewer,blocked,design_hypothesis,yes,material,Synthetic pilot label based on visible layer cues; not a human annotation.
LPE3-0047,domain_postdoc,blocked,design_hypothesis,yes,material,Synthetic pilot label based on visible layer cues; not a human annotation.
LPE3-0047,rights_authority_reviewer,blocked,blocked,no,none,Synthetic pilot label based on visible layer cues; not a human annotation.
LPE3-0048,methods_reviewer,design_hypothesis,design_hypothesis,no,none,Synthetic pilot label based on visible layer cues; not a human annotation.
LPE3-0048,domain_postdoc,design_hypothesis,design_hypothesis,no,none,Synthetic pilot label based on visible layer cues; not a human annotation.
LPE3-0048,rights_authority_reviewer,design_hypothesis,blocked,no,none,Synthetic pilot label based on visible layer cues; not a human annotation.
LPE3-0049,methods_reviewer,blocked,design_hypothesis,yes,material,Synthetic pilot label based on visible layer cues; not a human annotation.
LPE3-0049,domain_postdoc,blocked,design_hypothesis,yes,material,Synthetic pilot label based on visible layer cues; not a human annotation.
LPE3-0049,rights_authority_reviewer,blocked,blocked,no,none,Synthetic pilot label based on visible layer cues; not a human annotation.
LPE3-0050,methods_reviewer,derived,derived,no,none,Synthetic pilot label based on visible layer cues; not a human annotation.
LPE3-0050,domain_postdoc,derived,derived,no,none,Synthetic pilot label based on visible layer cues; not a human annotation.
LPE3-0050,rights_authority_reviewer,derived,derived,no,none,Synthetic pilot label based on visible layer cues; not a human annotation.
LPE3-0051,methods_reviewer,design_hypothesis,design_hypothesis,no,none,Synthetic pilot label based on visible layer cues; not a human annotation.
LPE3-0051,domain_postdoc,design_hypothesis,design_hypothesis,no,none,Synthetic pilot label based on visible layer cues; not a human annotation.
LPE3-0051,rights_authority_reviewer,design_hypothesis,design_hypothesis,no,none,Synthetic pilot label based on visible layer cues; not a human annotation.
LPE3-0052,methods_reviewer,blocked,design_hypothesis,yes,material,Synthetic pilot label based on visible layer cues; not a human annotation.
LPE3-0052,domain_postdoc,blocked,design_hypothesis,yes,material,Synthetic pilot label based on visible layer cues; not a human annotation.
LPE3-0052,rights_authority_reviewer,blocked,blocked,no,none,Synthetic pilot label based on visible layer cues; not a human annotation.
LPE3-0053,methods_reviewer,design_hypothesis,source_index,yes,material,Synthetic pilot label based on visible layer cues; not a human annotation.
LPE3-0053,domain_postdoc,design_hypothesis,source_index,yes,material,Synthetic pilot label based on visible layer cues; not a human annotation.
LPE3-0053,rights_authority_reviewer,design_hypothesis,source_index,yes,material,Synthetic pilot label based on visible layer cues; not a human annotation.
LPE3-0054,methods_reviewer,blocked,design_hypothesis,yes,material,Synthetic pilot label based on visible layer cues; not a human annotation.
LPE3-0054,domain_postdoc,blocked,design_hypothesis,yes,material,Synthetic pilot label based on visible layer cues; not a human annotation.
LPE3-0054,rights_authority_reviewer,blocked,blocked,no,none,Synthetic pilot label based on visible layer cues; not a human annotation.
LPE3-0055,methods_reviewer,blocked,blocked,no,none,Synthetic pilot label based on visible layer cues; not a human annotation.
LPE3-0055,domain_postdoc,blocked,blocked,no,none,Synthetic pilot label based on visible layer cues; not a human annotation.
LPE3-0055,rights_authority_reviewer,blocked,blocked,no,none,Synthetic pilot label based on visible layer cues; not a human annotation.
LPE3-0056,methods_reviewer,design_hypothesis,derived,yes,material,Synthetic pilot label based on visible layer cues; not a human annotation.
LPE3-0056,domain_postdoc,design_hypothesis,derived,yes,material,Synthetic pilot label based on visible layer cues; not a human annotation.
LPE3-0056,rights_authority_reviewer,design_hypothesis,derived,yes,material,Synthetic pilot label based on visible layer cues; not a human annotation.
LPE3-0057,methods_reviewer,design_hypothesis,design_hypothesis,no,none,Synthetic pilot label based on visible layer cues; not a human annotation.
LPE3-0057,domain_postdoc,design_hypothesis,design_hypothesis,no,none,Synthetic pilot label based on visible layer cues; not a human annotation.
LPE3-0057,rights_authority_reviewer,design_hypothesis,design_hypothesis,no,none,Synthetic pilot label based on visible layer cues; not a human annotation.
LPE3-0058,methods_reviewer,design_hypothesis,source_observed,yes,material,Synthetic pilot label based on visible layer cues; not a human annotation.
LPE3-0058,domain_postdoc,design_hypothesis,source_observed,yes,material,Synthetic pilot label based on visible layer cues; not a human annotation.
LPE3-0058,rights_authority_reviewer,design_hypothesis,source_observed,yes,material,Synthetic pilot label based on visible layer cues; not a human annotation.
LPE3-0059,methods_reviewer,blocked,blocked,no,none,Synthetic pilot label based on visible layer cues; not a human annotation.
LPE3-0059,domain_postdoc,blocked,blocked,no,none,Synthetic pilot label based on visible layer cues; not a human annotation.
LPE3-0059,rights_authority_reviewer,blocked,blocked,no,none,Synthetic pilot label based on visible layer cues; not a human annotation.
LPE3-0060,methods_reviewer,design_hypothesis,design_hypothesis,no,none,Synthetic pilot label based on visible layer cues; not a human annotation.
LPE3-0060,domain_postdoc,design_hypothesis,design_hypothesis,no,none,Synthetic pilot label based on visible layer cues; not a human annotation.
LPE3-0060,rights_authority_reviewer,design_hypothesis,design_hypothesis,no,none,Synthetic pilot label based on visible layer cues; not a human annotation.
LPE3-0061,methods_reviewer,design_hypothesis,design_hypothesis,no,none,Synthetic pilot label based on visible layer cues; not a human annotation.
LPE3-0061,domain_postdoc,design_hypothesis,design_hypothesis,no,none,Synthetic pilot label based on visible layer cues; not a human annotation.
LPE3-0061,rights_authority_reviewer,design_hypothesis,design_hypothesis,no,none,Synthetic pilot label based on visible layer cues; not a human annotation.
LPE3-0062,methods_reviewer,design_hypothesis,design_hypothesis,no,none,Synthetic pilot label based on visible layer cues; not a human annotation.
LPE3-0062,domain_postdoc,design_hypothesis,design_hypothesis,no,none,Synthetic pilot label based on visible layer cues; not a human annotation.
LPE3-0062,rights_authority_reviewer,design_hypothesis,design_hypothesis,no,none,Synthetic pilot label based on visible layer cues; not a human annotation.
LPE3-0063,methods_reviewer,blocked,blocked,no,none,Synthetic pilot label based on visible layer cues; not a human annotation.
LPE3-0063,domain_postdoc,blocked,blocked,no,none,Synthetic pilot label based on visible layer cues; not a human annotation.
LPE3-0063,rights_authority_reviewer,blocked,blocked,no,none,Synthetic pilot label based on visible layer cues; not a human annotation.
LPE3-0064,methods_reviewer,design_hypothesis,derived,yes,material,Synthetic pilot label based on visible layer cues; not a human annotation.
LPE3-0064,domain_postdoc,design_hypothesis,derived,yes,material,Synthetic pilot label based on visible layer cues; not a human annotation.
LPE3-0064,rights_authority_reviewer,design_hypothesis,derived,yes,material,Synthetic pilot label based on visible layer cues; not a human annotation.
LPE3-0065,methods_reviewer,derived,design_hypothesis,no,none,Synthetic pilot label based on visible layer cues; not a human annotation.
LPE3-0065,domain_postdoc,derived,design_hypothesis,no,none,Synthetic pilot label based on visible layer cues; not a human annotation.
LPE3-0065,rights_authority_reviewer,derived,design_hypothesis,no,none,Synthetic pilot label based on visible layer cues; not a human annotation.
LPE3-0066,methods_reviewer,design_hypothesis,design_hypothesis,no,none,Synthetic pilot label based on visible layer cues; not a human annotation.
LPE3-0066,domain_postdoc,design_hypothesis,design_hypothesis,no,none,Synthetic pilot label based on visible layer cues; not a human annotation.
LPE3-0066,rights_authority_reviewer,design_hypothesis,blocked,no,none,Synthetic pilot label based on visible layer cues; not a human annotation.
LPE3-0067,methods_reviewer,design_hypothesis,design_hypothesis,no,none,Synthetic pilot label based on visible layer cues; not a human annotation.
LPE3-0067,domain_postdoc,design_hypothesis,design_hypothesis,no,none,Synthetic pilot label based on visible layer cues; not a human annotation.
LPE3-0067,rights_authority_reviewer,design_hypothesis,design_hypothesis,no,none,Synthetic pilot label based on visible layer cues; not a human annotation.
LPE3-0068,methods_reviewer,design_hypothesis,source_observed,yes,material,Synthetic pilot label based on visible layer cues; not a human annotation.
LPE3-0068,domain_postdoc,design_hypothesis,source_observed,yes,material,Synthetic pilot label based on visible layer cues; not a human annotation.
LPE3-0068,rights_authority_reviewer,design_hypothesis,source_observed,yes,material,Synthetic pilot label based on visible layer cues; not a human annotation.
LPE3-0069,methods_reviewer,design_hypothesis,derived,yes,material,Synthetic pilot label based on visible layer cues; not a human annotation.
LPE3-0069,domain_postdoc,design_hypothesis,derived,yes,material,Synthetic pilot label based on visible layer cues; not a human annotation.
LPE3-0069,rights_authority_reviewer,design_hypothesis,derived,yes,material,Synthetic pilot label based on visible layer cues; not a human annotation.
LPE3-0070,methods_reviewer,blocked,blocked,no,none,Synthetic pilot label based on visible layer cues; not a human annotation.
LPE3-0070,domain_postdoc,blocked,blocked,no,none,Synthetic pilot label based on visible layer cues; not a human annotation.
LPE3-0070,rights_authority_reviewer,blocked,blocked,no,none,Synthetic pilot label based on visible layer cues; not a human annotation.
LPE3-0071,methods_reviewer,design_hypothesis,design_hypothesis,no,none,Synthetic pilot label based on visible layer cues; not a human annotation.
LPE3-0071,domain_postdoc,design_hypothesis,design_hypothesis,no,none,Synthetic pilot label based on visible layer cues; not a human annotation.
LPE3-0071,rights_authority_reviewer,design_hypothesis,design_hypothesis,no,none,Synthetic pilot label based on visible layer cues; not a human annotation.
LPE3-0072,methods_reviewer,design_hypothesis,design_hypothesis,no,none,Synthetic pilot label based on visible layer cues; not a human annotation.
LPE3-0072,domain_postdoc,design_hypothesis,design_hypothesis,no,none,Synthetic pilot label based on visible layer cues; not a human annotation.
LPE3-0072,rights_authority_reviewer,design_hypothesis,design_hypothesis,no,none,Synthetic pilot label based on visible layer cues; not a human annotation.
LPE3-0073,methods_reviewer,design_hypothesis,derived,yes,material,Synthetic pilot label based on visible layer cues; not a human annotation.
LPE3-0073,domain_postdoc,design_hypothesis,derived,yes,material,Synthetic pilot label based on visible layer cues; not a human annotation.
LPE3-0073,rights_authority_reviewer,design_hypothesis,derived,yes,material,Synthetic pilot label based on visible layer cues; not a human annotation.
LPE3-0074,methods_reviewer,design_hypothesis,design_hypothesis,no,none,Synthetic pilot label based on visible layer cues; not a human annotation.
LPE3-0074,domain_postdoc,design_hypothesis,design_hypothesis,no,none,Synthetic pilot label based on visible layer cues; not a human annotation.
LPE3-0074,rights_authority_reviewer,design_hypothesis,design_hypothesis,no,none,Synthetic pilot label based on visible layer cues; not a human annotation.
LPE3-0075,methods_reviewer,design_hypothesis,derived,yes,material,Synthetic pilot label based on visible layer cues; not a human annotation.
LPE3-0075,domain_postdoc,design_hypothesis,derived,yes,material,Synthetic pilot label based on visible layer cues; not a human annotation.
LPE3-0075,rights_authority_reviewer,design_hypothesis,derived,yes,material,Synthetic pilot label based on visible layer cues; not a human annotation.
LPE3-0076,methods_reviewer,design_hypothesis,design_hypothesis,no,none,Synthetic pilot label based on visible layer cues; not a human annotation.
LPE3-0076,domain_postdoc,design_hypothesis,design_hypothesis,no,none,Synthetic pilot label based on visible layer cues; not a human annotation.
LPE3-0076,rights_authority_reviewer,design_hypothesis,design_hypothesis,no,none,Synthetic pilot label based on visible layer cues; not a human annotation.
LPE3-0077,methods_reviewer,design_hypothesis,derived,yes,material,Synthetic pilot label based on visible layer cues; not a human annotation.
LPE3-0077,domain_postdoc,design_hypothesis,derived,yes,material,Synthetic pilot label based on visible layer cues; not a human annotation.
LPE3-0077,rights_authority_reviewer,design_hypothesis,derived,yes,material,Synthetic pilot label based on visible layer cues; not a human annotation.
LPE3-0078,methods_reviewer,design_hypothesis,design_hypothesis,no,none,Synthetic pilot label based on visible layer cues; not a human annotation.
LPE3-0078,domain_postdoc,design_hypothesis,design_hypothesis,no,none,Synthetic pilot label based on visible layer cues; not a human annotation.
LPE3-0078,rights_authority_reviewer,design_hypothesis,design_hypothesis,no,none,Synthetic pilot label based on visible layer cues; not a human annotation.
LPE3-0079,methods_reviewer,blocked,blocked,no,none,Synthetic pilot label based on visible layer cues; not a human annotation.
LPE3-0079,domain_postdoc,blocked,blocked,no,none,Synthetic pilot label based on visible layer cues; not a human annotation.
LPE3-0079,rights_authority_reviewer,blocked,blocked,no,none,Synthetic pilot label based on visible layer cues; not a human annotation.
LPE3-0080,methods_reviewer,design_hypothesis,design_hypothesis,no,none,Synthetic pilot label based on visible layer cues; not a human annotation.
LPE3-0080,domain_postdoc,design_hypothesis,design_hypothesis,no,none,Synthetic pilot label based on visible layer cues; not a human annotation.
LPE3-0080,rights_authority_reviewer,design_hypothesis,design_hypothesis,no,none,Synthetic pilot label based on visible layer cues; not a human annotation.
LPE3-0081,methods_reviewer,design_hypothesis,design_hypothesis,no,none,Synthetic pilot label based on visible layer cues; not a human annotation.
LPE3-0081,domain_postdoc,design_hypothesis,design_hypothesis,no,none,Synthetic pilot label based on visible layer cues; not a human annotation.
LPE3-0081,rights_authority_reviewer,design_hypothesis,design_hypothesis,no,none,Synthetic pilot label based on visible layer cues; not a human annotation.
LPE3-0082,methods_reviewer,source_index,source_index,no,none,Synthetic pilot label based on visible layer cues; not a human annotation.
LPE3-0082,domain_postdoc,source_index,source_index,no,none,Synthetic pilot label based on visible layer cues; not a human annotation.
LPE3-0082,rights_authority_reviewer,source_index,source_index,no,none,Synthetic pilot label based on visible layer cues; not a human annotation.
LPE3-0083,methods_reviewer,design_hypothesis,design_hypothesis,no,none,Synthetic pilot label based on visible layer cues; not a human annotation.
LPE3-0083,domain_postdoc,design_hypothesis,design_hypothesis,no,none,Synthetic pilot label based on visible layer cues; not a human annotation.
LPE3-0083,rights_authority_reviewer,design_hypothesis,design_hypothesis,no,none,Synthetic pilot label based on visible layer cues; not a human annotation.
LPE3-0084,methods_reviewer,source_index,design_hypothesis,no,none,Synthetic pilot label based on visible layer cues; not a human annotation.
LPE3-0084,domain_postdoc,source_index,design_hypothesis,no,none,Synthetic pilot label based on visible layer cues; not a human annotation.
LPE3-0084,rights_authority_reviewer,source_index,design_hypothesis,no,none,Synthetic pilot label based on visible layer cues; not a human annotation.
LPE3-0085,methods_reviewer,design_hypothesis,design_hypothesis,no,none,Synthetic pilot label based on visible layer cues; not a human annotation.
LPE3-0085,domain_postdoc,design_hypothesis,design_hypothesis,no,none,Synthetic pilot label based on visible layer cues; not a human annotation.
LPE3-0085,rights_authority_reviewer,design_hypothesis,design_hypothesis,no,none,Synthetic pilot label based on visible layer cues; not a human annotation.
LPE3-0086,methods_reviewer,source_index,design_hypothesis,no,none,Synthetic pilot label based on visible layer cues; not a human annotation.
LPE3-0086,domain_postdoc,source_index,design_hypothesis,no,none,Synthetic pilot label based on visible layer cues; not a human annotation.
LPE3-0086,rights_authority_reviewer,source_index,design_hypothesis,no,none,Synthetic pilot label based on visible layer cues; not a human annotation.
LPE3-0087,methods_reviewer,design_hypothesis,design_hypothesis,no,none,Synthetic pilot label based on visible layer cues; not a human annotation.
LPE3-0087,domain_postdoc,design_hypothesis,design_hypothesis,no,none,Synthetic pilot label based on visible layer cues; not a human annotation.
LPE3-0087,rights_authority_reviewer,design_hypothesis,design_hypothesis,no,none,Synthetic pilot label based on visible layer cues; not a human annotation.
LPE3-0088,methods_reviewer,design_hypothesis,design_hypothesis,no,none,Synthetic pilot label based on visible layer cues; not a human annotation.
LPE3-0088,domain_postdoc,design_hypothesis,design_hypothesis,no,none,Synthetic pilot label based on visible layer cues; not a human annotation.
LPE3-0088,rights_authority_reviewer,design_hypothesis,design_hypothesis,no,none,Synthetic pilot label based on visible layer cues; not a human annotation.
LPE3-0089,methods_reviewer,source_index,source_index,no,none,Synthetic pilot label based on visible layer cues; not a human annotation.
LPE3-0089,domain_postdoc,source_index,source_index,no,none,Synthetic pilot label based on visible layer cues; not a human annotation.
LPE3-0089,rights_authority_reviewer,source_index,source_index,no,none,Synthetic pilot label based on visible layer cues; not a human annotation.
LPE3-0090,methods_reviewer,blocked,blocked,no,none,Synthetic pilot label based on visible layer cues; not a human annotation.
LPE3-0090,domain_postdoc,blocked,blocked,no,none,Synthetic pilot label based on visible layer cues; not a human annotation.
LPE3-0090,rights_authority_reviewer,blocked,blocked,no,none,Synthetic pilot label based on visible layer cues; not a human annotation.
LPE3-0091,methods_reviewer,design_hypothesis,design_hypothesis,no,none,Synthetic pilot label based on visible layer cues; not a human annotation.
LPE3-0091,domain_postdoc,design_hypothesis,design_hypothesis,no,none,Synthetic pilot label based on visible layer cues; not a human annotation.
LPE3-0091,rights_authority_reviewer,design_hypothesis,design_hypothesis,no,none,Synthetic pilot label based on visible layer cues; not a human annotation.
LPE3-0092,methods_reviewer,design_hypothesis,design_hypothesis,no,none,Synthetic pilot label based on visible layer cues; not a human annotation.
LPE3-0092,domain_postdoc,design_hypothesis,design_hypothesis,no,none,Synthetic pilot label based on visible layer cues; not a human annotation.
LPE3-0092,rights_authority_reviewer,design_hypothesis,design_hypothesis,no,none,Synthetic pilot label based on visible layer cues; not a human annotation.
LPE3-0093,methods_reviewer,source_index,source_index,no,none,Synthetic pilot label based on visible layer cues; not a human annotation.
LPE3-0093,domain_postdoc,source_index,source_index,no,none,Synthetic pilot label based on visible layer cues; not a human annotation.
LPE3-0093,rights_authority_reviewer,source_index,source_index,no,none,Synthetic pilot label based on visible layer cues; not a human annotation.
LPE3-0094,methods_reviewer,design_hypothesis,design_hypothesis,no,none,Synthetic pilot label based on visible layer cues; not a human annotation.
LPE3-0094,domain_postdoc,design_hypothesis,design_hypothesis,no,none,Synthetic pilot label based on visible layer cues; not a human annotation.
LPE3-0094,rights_authority_reviewer,design_hypothesis,blocked,no,none,Synthetic pilot label based on visible layer cues; not a human annotation.
LPE3-0095,methods_reviewer,source_index,source_index,no,none,Synthetic pilot label based on visible layer cues; not a human annotation.
LPE3-0095,domain_postdoc,source_index,source_index,no,none,Synthetic pilot label based on visible layer cues; not a human annotation.
LPE3-0095,rights_authority_reviewer,source_index,source_index,no,none,Synthetic pilot label based on visible layer cues; not a human annotation.
LPE3-0096,methods_reviewer,design_hypothesis,design_hypothesis,no,none,Synthetic pilot label based on visible layer cues; not a human annotation.
LPE3-0096,domain_postdoc,design_hypothesis,design_hypothesis,no,none,Synthetic pilot label based on visible layer cues; not a human annotation.
LPE3-0096,rights_authority_reviewer,design_hypothesis,design_hypothesis,no,none,Synthetic pilot label based on visible layer cues; not a human annotation.
LPE3-0097,methods_reviewer,design_hypothesis,design_hypothesis,no,none,Synthetic pilot label based on visible layer cues; not a human annotation.
LPE3-0097,domain_postdoc,design_hypothesis,design_hypothesis,no,none,Synthetic pilot label based on visible layer cues; not a human annotation.
LPE3-0097,rights_authority_reviewer,design_hypothesis,design_hypothesis,no,none,Synthetic pilot label based on visible layer cues; not a human annotation.
LPE3-0098,methods_reviewer,design_hypothesis,design_hypothesis,no,none,Synthetic pilot label based on visible layer cues; not a human annotation.
LPE3-0098,domain_postdoc,design_hypothesis,design_hypothesis,no,none,Synthetic pilot label based on visible layer cues; not a human annotation.
LPE3-0098,rights_authority_reviewer,design_hypothesis,design_hypothesis,no,none,Synthetic pilot label based on visible layer cues; not a human annotation.
LPE3-0099,methods_reviewer,design_hypothesis,design_hypothesis,no,none,Synthetic pilot label based on visible layer cues; not a human annotation.
LPE3-0099,domain_postdoc,design_hypothesis,design_hypothesis,no,none,Synthetic pilot label based on visible layer cues; not a human annotation.
LPE3-0099,rights_authority_reviewer,design_hypothesis,design_hypothesis,no,none,Synthetic pilot label based on visible layer cues; not a human annotation.
LPE3-0100,methods_reviewer,blocked,blocked,no,none,Synthetic pilot label based on visible layer cues; not a human annotation.
LPE3-0100,domain_postdoc,blocked,blocked,no,none,Synthetic pilot label based on visible layer cues; not a human annotation.
LPE3-0100,rights_authority_reviewer,blocked,blocked,no,none,Synthetic pilot label based on visible layer cues; not a human annotation.
LPE3-0101,methods_reviewer,design_hypothesis,design_hypothesis,no,none,Synthetic pilot label based on visible layer cues; not a human annotation.
LPE3-0101,domain_postdoc,design_hypothesis,design_hypothesis,no,none,Synthetic pilot label based on visible layer cues; not a human annotation.
LPE3-0101,rights_authority_reviewer,design_hypothesis,design_hypothesis,no,none,Synthetic pilot label based on visible layer cues; not a human annotation.
LPE3-0102,methods_reviewer,design_hypothesis,design_hypothesis,no,none,Synthetic pilot label based on visible layer cues; not a human annotation.
LPE3-0102,domain_postdoc,design_hypothesis,design_hypothesis,no,none,Synthetic pilot label based on visible layer cues; not a human annotation.
LPE3-0102,rights_authority_reviewer,design_hypothesis,design_hypothesis,no,none,Synthetic pilot label based on visible layer cues; not a human annotation.
LPE3-0103,methods_reviewer,design_hypothesis,design_hypothesis,no,none,Synthetic pilot label based on visible layer cues; not a human annotation.
LPE3-0103,domain_postdoc,design_hypothesis,design_hypothesis,no,none,Synthetic pilot label based on visible layer cues; not a human annotation.
LPE3-0103,rights_authority_reviewer,design_hypothesis,design_hypothesis,no,none,Synthetic pilot label based on visible layer cues; not a human annotation.
LPE3-0104,methods_reviewer,design_hypothesis,design_hypothesis,no,none,Synthetic pilot label based on visible layer cues; not a human annotation.
LPE3-0104,domain_postdoc,design_hypothesis,design_hypothesis,no,none,Synthetic pilot label based on visible layer cues; not a human annotation.
LPE3-0104,rights_authority_reviewer,design_hypothesis,design_hypothesis,no,none,Synthetic pilot label based on visible layer cues; not a human annotation.
LPE3-0105,methods_reviewer,blocked,blocked,no,none,Synthetic pilot label based on visible layer cues; not a human annotation.
LPE3-0105,domain_postdoc,blocked,blocked,no,none,Synthetic pilot label based on visible layer cues; not a human annotation.
LPE3-0105,rights_authority_reviewer,blocked,blocked,no,none,Synthetic pilot label based on visible layer cues; not a human annotation.
LPE3-0106,methods_reviewer,design_hypothesis,design_hypothesis,no,none,Synthetic pilot label based on visible layer cues; not a human annotation.
LPE3-0106,domain_postdoc,design_hypothesis,design_hypothesis,no,none,Synthetic pilot label based on visible layer cues; not a human annotation.
LPE3-0106,rights_authority_reviewer,design_hypothesis,design_hypothesis,no,none,Synthetic pilot label based on visible layer cues; not a human annotation.
LPE3-0107,methods_reviewer,design_hypothesis,design_hypothesis,no,none,Synthetic pilot label based on visible layer cues; not a human annotation.
LPE3-0107,domain_postdoc,design_hypothesis,design_hypothesis,no,none,Synthetic pilot label based on visible layer cues; not a human annotation.
LPE3-0107,rights_authority_reviewer,design_hypothesis,design_hypothesis,no,none,Synthetic pilot label based on visible layer cues; not a human annotation.
LPE3-0108,methods_reviewer,blocked,source_observed,yes,blocking,Synthetic pilot label based on visible layer cues; not a human annotation.
LPE3-0108,domain_postdoc,blocked,source_observed,yes,blocking,Synthetic pilot label based on visible layer cues; not a human annotation.
LPE3-0108,rights_authority_reviewer,blocked,source_observed,yes,blocking,Synthetic pilot label based on visible layer cues; not a human annotation.
LPE3-0109,methods_reviewer,blocked,blocked,no,none,Synthetic pilot label based on visible layer cues; not a human annotation.
LPE3-0109,domain_postdoc,blocked,blocked,no,none,Synthetic pilot label based on visible layer cues; not a human annotation.
LPE3-0109,rights_authority_reviewer,blocked,blocked,no,none,Synthetic pilot label based on visible layer cues; not a human annotation.
LPE3-0110,methods_reviewer,blocked,blocked,no,none,Synthetic pilot label based on visible layer cues; not a human annotation.
LPE3-0110,domain_postdoc,blocked,blocked,no,none,Synthetic pilot label based on visible layer cues; not a human annotation.
LPE3-0110,rights_authority_reviewer,blocked,blocked,no,none,Synthetic pilot label based on visible layer cues; not a human annotation.
LPE3-0111,methods_reviewer,design_hypothesis,design_hypothesis,no,none,Synthetic pilot label based on visible layer cues; not a human annotation.
LPE3-0111,domain_postdoc,design_hypothesis,design_hypothesis,no,none,Synthetic pilot label based on visible layer cues; not a human annotation.
LPE3-0111,rights_authority_reviewer,design_hypothesis,design_hypothesis,no,none,Synthetic pilot label based on visible layer cues; not a human annotation.
LPE3-0112,methods_reviewer,design_hypothesis,design_hypothesis,no,none,Synthetic pilot label based on visible layer cues; not a human annotation.
LPE3-0112,domain_postdoc,design_hypothesis,design_hypothesis,no,none,Synthetic pilot label based on visible layer cues; not a human annotation.
LPE3-0112,rights_authority_reviewer,design_hypothesis,design_hypothesis,no,none,Synthetic pilot label based on visible layer cues; not a human annotation.
LPE3-0113,methods_reviewer,blocked,source_index,yes,material,Synthetic pilot label based on visible layer cues; not a human annotation.
LPE3-0113,domain_postdoc,blocked,source_index,yes,material,Synthetic pilot label based on visible layer cues; not a human annotation.
LPE3-0113,rights_authority_reviewer,blocked,source_index,yes,material,Synthetic pilot label based on visible layer cues; not a human annotation.
LPE3-0114,methods_reviewer,blocked,design_hypothesis,yes,material,Synthetic pilot label based on visible layer cues; not a human annotation.
LPE3-0114,domain_postdoc,blocked,design_hypothesis,yes,material,Synthetic pilot label based on visible layer cues; not a human annotation.
LPE3-0114,rights_authority_reviewer,blocked,blocked,no,none,Synthetic pilot label based on visible layer cues; not a human annotation.
LPE3-0115,methods_reviewer,blocked,source_observed,yes,blocking,Synthetic pilot label based on visible layer cues; not a human annotation.
LPE3-0115,domain_postdoc,blocked,source_observed,yes,blocking,Synthetic pilot label based on visible layer cues; not a human annotation.
LPE3-0115,rights_authority_reviewer,blocked,source_observed,yes,blocking,Synthetic pilot label based on visible layer cues; not a human annotation.
LPE3-0116,methods_reviewer,design_hypothesis,design_hypothesis,no,none,Synthetic pilot label based on visible layer cues; not a human annotation.
LPE3-0116,domain_postdoc,design_hypothesis,design_hypothesis,no,none,Synthetic pilot label based on visible layer cues; not a human annotation.
LPE3-0116,rights_authority_reviewer,design_hypothesis,design_hypothesis,no,none,Synthetic pilot label based on visible layer cues; not a human annotation.
LPE3-0117,methods_reviewer,blocked,blocked,no,none,Synthetic pilot label based on visible layer cues; not a human annotation.
LPE3-0117,domain_postdoc,blocked,blocked,no,none,Synthetic pilot label based on visible layer cues; not a human annotation.
LPE3-0117,rights_authority_reviewer,blocked,blocked,no,none,Synthetic pilot label based on visible layer cues; not a human annotation.
LPE3-0118,methods_reviewer,blocked,blocked,no,none,Synthetic pilot label based on visible layer cues; not a human annotation.
LPE3-0118,domain_postdoc,blocked,blocked,no,none,Synthetic pilot label based on visible layer cues; not a human annotation.
LPE3-0118,rights_authority_reviewer,blocked,blocked,no,none,Synthetic pilot label based on visible layer cues; not a human annotation.
LPE3-0119,methods_reviewer,design_hypothesis,design_hypothesis,no,none,Synthetic pilot label based on visible layer cues; not a human annotation.
LPE3-0119,domain_postdoc,design_hypothesis,design_hypothesis,no,none,Synthetic pilot label based on visible layer cues; not a human annotation.
LPE3-0119,rights_authority_reviewer,design_hypothesis,design_hypothesis,no,none,Synthetic pilot label based on visible layer cues; not a human annotation.
LPE3-0120,methods_reviewer,design_hypothesis,design_hypothesis,no,none,Synthetic pilot label based on visible layer cues; not a human annotation.
LPE3-0120,domain_postdoc,design_hypothesis,design_hypothesis,no,none,Synthetic pilot label based on visible layer cues; not a human annotation.
LPE3-0120,rights_authority_reviewer,design_hypothesis,design_hypothesis,no,none,Synthetic pilot label based on visible layer cues; not a human annotation.
LPE3-0121,methods_reviewer,design_hypothesis,design_hypothesis,no,none,Synthetic pilot label based on visible layer cues; not a human annotation.
LPE3-0121,domain_postdoc,design_hypothesis,design_hypothesis,no,none,Synthetic pilot label based on visible layer cues; not a human annotation.
LPE3-0121,rights_authority_reviewer,design_hypothesis,design_hypothesis,no,none,Synthetic pilot label based on visible layer cues; not a human annotation.
LPE3-0122,methods_reviewer,speculative,speculative,no,none,Synthetic pilot label based on visible layer cues; not a human annotation.
LPE3-0122,domain_postdoc,speculative,speculative,no,none,Synthetic pilot label based on visible layer cues; not a human annotation.
LPE3-0122,rights_authority_reviewer,speculative,speculative,no,none,Synthetic pilot label based on visible layer cues; not a human annotation.
LPE3-0123,methods_reviewer,blocked,design_hypothesis,yes,material,Synthetic pilot label based on visible layer cues; not a human annotation.
LPE3-0123,domain_postdoc,blocked,design_hypothesis,yes,material,Synthetic pilot label based on visible layer cues; not a human annotation.
LPE3-0123,rights_authority_reviewer,blocked,blocked,no,none,Synthetic pilot label based on visible layer cues; not a human annotation.
LPE3-0124,methods_reviewer,design_hypothesis,design_hypothesis,no,none,Synthetic pilot label based on visible layer cues; not a human annotation.
LPE3-0124,domain_postdoc,design_hypothesis,design_hypothesis,no,none,Synthetic pilot label based on visible layer cues; not a human annotation.
LPE3-0124,rights_authority_reviewer,design_hypothesis,design_hypothesis,no,none,Synthetic pilot label based on visible layer cues; not a human annotation.
LPE3-0125,methods_reviewer,design_hypothesis,derived,yes,material,Synthetic pilot label based on visible layer cues; not a human annotation.
LPE3-0125,domain_postdoc,design_hypothesis,derived,yes,material,Synthetic pilot label based on visible layer cues; not a human annotation.
LPE3-0125,rights_authority_reviewer,design_hypothesis,derived,yes,material,Synthetic pilot label based on visible layer cues; not a human annotation.
LPE3-0126,methods_reviewer,blocked,blocked,no,none,Synthetic pilot label based on visible layer cues; not a human annotation.
LPE3-0126,domain_postdoc,blocked,blocked,no,none,Synthetic pilot label based on visible layer cues; not a human annotation.
LPE3-0126,rights_authority_reviewer,blocked,blocked,no,none,Synthetic pilot label based on visible layer cues; not a human annotation.
LPE3-0127,methods_reviewer,design_hypothesis,design_hypothesis,no,none,Synthetic pilot label based on visible layer cues; not a human annotation.
LPE3-0127,domain_postdoc,design_hypothesis,design_hypothesis,no,none,Synthetic pilot label based on visible layer cues; not a human annotation.
LPE3-0127,rights_authority_reviewer,design_hypothesis,design_hypothesis,no,none,Synthetic pilot label based on visible layer cues; not a human annotation.
LPE3-0128,methods_reviewer,design_hypothesis,design_hypothesis,no,none,Synthetic pilot label based on visible layer cues; not a human annotation.
LPE3-0128,domain_postdoc,design_hypothesis,design_hypothesis,no,none,Synthetic pilot label based on visible layer cues; not a human annotation.
LPE3-0128,rights_authority_reviewer,design_hypothesis,design_hypothesis,no,none,Synthetic pilot label based on visible layer cues; not a human annotation.
LPE3-0129,methods_reviewer,design_hypothesis,design_hypothesis,no,none,Synthetic pilot label based on visible layer cues; not a human annotation.
LPE3-0129,domain_postdoc,design_hypothesis,design_hypothesis,no,none,Synthetic pilot label based on visible layer cues; not a human annotation.
LPE3-0129,rights_authority_reviewer,design_hypothesis,design_hypothesis,no,none,Synthetic pilot label based on visible layer cues; not a human annotation.
LPE3-0130,methods_reviewer,derived,design_hypothesis,no,none,Synthetic pilot label based on visible layer cues; not a human annotation.
LPE3-0130,domain_postdoc,derived,design_hypothesis,no,none,Synthetic pilot label based on visible layer cues; not a human annotation.
LPE3-0130,rights_authority_reviewer,derived,design_hypothesis,no,none,Synthetic pilot label based on visible layer cues; not a human annotation.
LPE3-0131,methods_reviewer,design_hypothesis,design_hypothesis,no,none,Synthetic pilot label based on visible layer cues; not a human annotation.
LPE3-0131,domain_postdoc,design_hypothesis,design_hypothesis,no,none,Synthetic pilot label based on visible layer cues; not a human annotation.
LPE3-0131,rights_authority_reviewer,design_hypothesis,design_hypothesis,no,none,Synthetic pilot label based on visible layer cues; not a human annotation.
LPE3-0132,methods_reviewer,design_hypothesis,design_hypothesis,no,none,Synthetic pilot label based on visible layer cues; not a human annotation.
LPE3-0132,domain_postdoc,design_hypothesis,design_hypothesis,no,none,Synthetic pilot label based on visible layer cues; not a human annotation.
LPE3-0132,rights_authority_reviewer,design_hypothesis,design_hypothesis,no,none,Synthetic pilot label based on visible layer cues; not a human annotation.
LPE3-0133,methods_reviewer,design_hypothesis,design_hypothesis,no,none,Synthetic pilot label based on visible layer cues; not a human annotation.
LPE3-0133,domain_postdoc,design_hypothesis,design_hypothesis,no,none,Synthetic pilot label based on visible layer cues; not a human annotation.
LPE3-0133,rights_authority_reviewer,design_hypothesis,design_hypothesis,no,none,Synthetic pilot label based on visible layer cues; not a human annotation.
LPE3-0134,methods_reviewer,source_index,design_hypothesis,no,none,Synthetic pilot label based on visible layer cues; not a human annotation.
LPE3-0134,domain_postdoc,source_index,design_hypothesis,no,none,Synthetic pilot label based on visible layer cues; not a human annotation.
LPE3-0134,rights_authority_reviewer,source_index,design_hypothesis,no,none,Synthetic pilot label based on visible layer cues; not a human annotation.
LPE3-0135,methods_reviewer,design_hypothesis,design_hypothesis,no,none,Synthetic pilot label based on visible layer cues; not a human annotation.
LPE3-0135,domain_postdoc,design_hypothesis,design_hypothesis,no,none,Synthetic pilot label based on visible layer cues; not a human annotation.
LPE3-0135,rights_authority_reviewer,design_hypothesis,design_hypothesis,no,none,Synthetic pilot label based on visible layer cues; not a human annotation.
LPE3-0136,methods_reviewer,design_hypothesis,blocked,no,none,Synthetic pilot label based on visible layer cues; not a human annotation.
LPE3-0136,domain_postdoc,design_hypothesis,blocked,no,none,Synthetic pilot label based on visible layer cues; not a human annotation.
LPE3-0136,rights_authority_reviewer,design_hypothesis,blocked,no,none,Synthetic pilot label based on visible layer cues; not a human annotation.
LPE3-0137,methods_reviewer,design_hypothesis,design_hypothesis,no,none,Synthetic pilot label based on visible layer cues; not a human annotation.
LPE3-0137,domain_postdoc,design_hypothesis,design_hypothesis,no,none,Synthetic pilot label based on visible layer cues; not a human annotation.
LPE3-0137,rights_authority_reviewer,design_hypothesis,design_hypothesis,no,none,Synthetic pilot label based on visible layer cues; not a human annotation.
LPE3-0138,methods_reviewer,blocked,design_hypothesis,yes,material,Synthetic pilot label based on visible layer cues; not a human annotation.
LPE3-0138,domain_postdoc,blocked,design_hypothesis,yes,material,Synthetic pilot label based on visible layer cues; not a human annotation.
LPE3-0138,rights_authority_reviewer,blocked,blocked,no,none,Synthetic pilot label based on visible layer cues; not a human annotation.
LPE3-0139,methods_reviewer,design_hypothesis,design_hypothesis,no,none,Synthetic pilot label based on visible layer cues; not a human annotation.
LPE3-0139,domain_postdoc,design_hypothesis,design_hypothesis,no,none,Synthetic pilot label based on visible layer cues; not a human annotation.
LPE3-0139,rights_authority_reviewer,design_hypothesis,design_hypothesis,no,none,Synthetic pilot label based on visible layer cues; not a human annotation.
LPE3-0140,methods_reviewer,blocked,design_hypothesis,yes,material,Synthetic pilot label based on visible layer cues; not a human annotation.
LPE3-0140,domain_postdoc,blocked,design_hypothesis,yes,material,Synthetic pilot label based on visible layer cues; not a human annotation.
LPE3-0140,rights_authority_reviewer,blocked,blocked,no,none,Synthetic pilot label based on visible layer cues; not a human annotation.
LPE3-0141,methods_reviewer,design_hypothesis,design_hypothesis,no,none,Synthetic pilot label based on visible layer cues; not a human annotation.
LPE3-0141,domain_postdoc,design_hypothesis,design_hypothesis,no,none,Synthetic pilot label based on visible layer cues; not a human annotation.
LPE3-0141,rights_authority_reviewer,design_hypothesis,design_hypothesis,no,none,Synthetic pilot label based on visible layer cues; not a human annotation.
LPE3-0142,methods_reviewer,design_hypothesis,design_hypothesis,no,none,Synthetic pilot label based on visible layer cues; not a human annotation.
LPE3-0142,domain_postdoc,design_hypothesis,design_hypothesis,no,none,Synthetic pilot label based on visible layer cues; not a human annotation.
LPE3-0142,rights_authority_reviewer,design_hypothesis,design_hypothesis,no,none,Synthetic pilot label based on visible layer cues; not a human annotation.
LPE3-0143,methods_reviewer,design_hypothesis,design_hypothesis,no,none,Synthetic pilot label based on visible layer cues; not a human annotation.
LPE3-0143,domain_postdoc,design_hypothesis,design_hypothesis,no,none,Synthetic pilot label based on visible layer cues; not a human annotation.
LPE3-0143,rights_authority_reviewer,design_hypothesis,design_hypothesis,no,none,Synthetic pilot label based on visible layer cues; not a human annotation.
LPE3-0144,methods_reviewer,design_hypothesis,design_hypothesis,no,none,Synthetic pilot label based on visible layer cues; not a human annotation.
LPE3-0144,domain_postdoc,design_hypothesis,design_hypothesis,no,none,Synthetic pilot label based on visible layer cues; not a human annotation.
LPE3-0144,rights_authority_reviewer,design_hypothesis,design_hypothesis,no,none,Synthetic pilot label based on visible layer cues; not a human annotation.
LPE3-0145,methods_reviewer,design_hypothesis,design_hypothesis,no,none,Synthetic pilot label based on visible layer cues; not a human annotation.
LPE3-0145,domain_postdoc,design_hypothesis,design_hypothesis,no,none,Synthetic pilot label based on visible layer cues; not a human annotation.
LPE3-0145,rights_authority_reviewer,design_hypothesis,design_hypothesis,no,none,Synthetic pilot label based on visible layer cues; not a human annotation.
LPE3-0146,methods_reviewer,design_hypothesis,design_hypothesis,no,none,Synthetic pilot label based on visible layer cues; not a human annotation.
LPE3-0146,domain_postdoc,design_hypothesis,design_hypothesis,no,none,Synthetic pilot label based on visible layer cues; not a human annotation.
LPE3-0146,rights_authority_reviewer,design_hypothesis,design_hypothesis,no,none,Synthetic pilot label based on visible layer cues; not a human annotation.
LPE3-0147,methods_reviewer,design_hypothesis,design_hypothesis,no,none,Synthetic pilot label based on visible layer cues; not a human annotation.
LPE3-0147,domain_postdoc,design_hypothesis,design_hypothesis,no,none,Synthetic pilot label based on visible layer cues; not a human annotation.
LPE3-0147,rights_authority_reviewer,design_hypothesis,design_hypothesis,no,none,Synthetic pilot label based on visible layer cues; not a human annotation.
LPE3-0148,methods_reviewer,blocked,blocked,no,none,Synthetic pilot label based on visible layer cues; not a human annotation.
LPE3-0148,domain_postdoc,blocked,blocked,no,none,Synthetic pilot label based on visible layer cues; not a human annotation.
LPE3-0148,rights_authority_reviewer,blocked,blocked,no,none,Synthetic pilot label based on visible layer cues; not a human annotation.
LPE3-0149,methods_reviewer,design_hypothesis,design_hypothesis,no,none,Synthetic pilot label based on visible layer cues; not a human annotation.
LPE3-0149,domain_postdoc,design_hypothesis,design_hypothesis,no,none,Synthetic pilot label based on visible layer cues; not a human annotation.
LPE3-0149,rights_authority_reviewer,design_hypothesis,design_hypothesis,no,none,Synthetic pilot label based on visible layer cues; not a human annotation.
LPE3-0150,methods_reviewer,design_hypothesis,design_hypothesis,no,none,Synthetic pilot label based on visible layer cues; not a human annotation.
LPE3-0150,domain_postdoc,design_hypothesis,design_hypothesis,no,none,Synthetic pilot label based on visible layer cues; not a human annotation.
LPE3-0150,rights_authority_reviewer,design_hypothesis,design_hypothesis,no,none,Synthetic pilot label based on visible layer cues; not a human annotation.
LPE3-0151,methods_reviewer,design_hypothesis,design_hypothesis,no,none,Synthetic pilot label based on visible layer cues; not a human annotation.
LPE3-0151,domain_postdoc,design_hypothesis,design_hypothesis,no,none,Synthetic pilot label based on visible layer cues; not a human annotation.
LPE3-0151,rights_authority_reviewer,design_hypothesis,design_hypothesis,no,none,Synthetic pilot label based on visible layer cues; not a human annotation.
LPE3-0152,methods_reviewer,design_hypothesis,design_hypothesis,no,none,Synthetic pilot label based on visible layer cues; not a human annotation.
LPE3-0152,domain_postdoc,design_hypothesis,design_hypothesis,no,none,Synthetic pilot label based on visible layer cues; not a human annotation.
LPE3-0152,rights_authority_reviewer,design_hypothesis,design_hypothesis,no,none,Synthetic pilot label based on visible layer cues; not a human annotation.
LPE3-0153,methods_reviewer,design_hypothesis,design_hypothesis,no,none,Synthetic pilot label based on visible layer cues; not a human annotation.
LPE3-0153,domain_postdoc,design_hypothesis,design_hypothesis,no,none,Synthetic pilot label based on visible layer cues; not a human annotation.
LPE3-0153,rights_authority_reviewer,design_hypothesis,design_hypothesis,no,none,Synthetic pilot label based on visible layer cues; not a human annotation.
LPE3-0154,methods_reviewer,blocked,design_hypothesis,yes,material,Synthetic pilot label based on visible layer cues; not a human annotation.
LPE3-0154,domain_postdoc,blocked,design_hypothesis,yes,material,Synthetic pilot label based on visible layer cues; not a human annotation.
LPE3-0154,rights_authority_reviewer,blocked,blocked,no,none,Synthetic pilot label based on visible layer cues; not a human annotation.
LPE3-0155,methods_reviewer,design_hypothesis,design_hypothesis,no,none,Synthetic pilot label based on visible layer cues; not a human annotation.
LPE3-0155,domain_postdoc,design_hypothesis,design_hypothesis,no,none,Synthetic pilot label based on visible layer cues; not a human annotation.
LPE3-0155,rights_authority_reviewer,design_hypothesis,design_hypothesis,no,none,Synthetic pilot label based on visible layer cues; not a human annotation.
LPE3-0156,methods_reviewer,design_hypothesis,design_hypothesis,no,none,Synthetic pilot label based on visible layer cues; not a human annotation.
LPE3-0156,domain_postdoc,design_hypothesis,design_hypothesis,no,none,Synthetic pilot label based on visible layer cues; not a human annotation.
LPE3-0156,rights_authority_reviewer,design_hypothesis,design_hypothesis,no,none,Synthetic pilot label based on visible layer cues; not a human annotation.
LPE3-0157,methods_reviewer,speculative,speculative,no,none,Synthetic pilot label based on visible layer cues; not a human annotation.
LPE3-0157,domain_postdoc,speculative,speculative,no,none,Synthetic pilot label based on visible layer cues; not a human annotation.
LPE3-0157,rights_authority_reviewer,speculative,speculative,no,none,Synthetic pilot label based on visible layer cues; not a human annotation.
LPE3-0158,methods_reviewer,design_hypothesis,design_hypothesis,no,none,Synthetic pilot label based on visible layer cues; not a human annotation.
LPE3-0158,domain_postdoc,design_hypothesis,design_hypothesis,no,none,Synthetic pilot label based on visible layer cues; not a human annotation.
LPE3-0158,rights_authority_reviewer,design_hypothesis,design_hypothesis,no,none,Synthetic pilot label based on visible layer cues; not a human annotation.
LPE3-0159,methods_reviewer,design_hypothesis,design_hypothesis,no,none,Synthetic pilot label based on visible layer cues; not a human annotation.
LPE3-0159,domain_postdoc,design_hypothesis,design_hypothesis,no,none,Synthetic pilot label based on visible layer cues; not a human annotation.
LPE3-0159,rights_authority_reviewer,design_hypothesis,design_hypothesis,no,none,Synthetic pilot label based on visible layer cues; not a human annotation.
LPE3-0160,methods_reviewer,design_hypothesis,design_hypothesis,no,none,Synthetic pilot label based on visible layer cues; not a human annotation.
LPE3-0160,domain_postdoc,design_hypothesis,design_hypothesis,no,none,Synthetic pilot label based on visible layer cues; not a human annotation.
LPE3-0160,rights_authority_reviewer,design_hypothesis,design_hypothesis,no,none,Synthetic pilot label based on visible layer cues; not a human annotation.
LPE3-0161,methods_reviewer,design_hypothesis,design_hypothesis,no,none,Synthetic pilot label based on visible layer cues; not a human annotation.
LPE3-0161,domain_postdoc,design_hypothesis,design_hypothesis,no,none,Synthetic pilot label based on visible layer cues; not a human annotation.
LPE3-0161,rights_authority_reviewer,design_hypothesis,design_hypothesis,no,none,Synthetic pilot label based on visible layer cues; not a human annotation.
LPE3-0162,methods_reviewer,design_hypothesis,design_hypothesis,no,none,Synthetic pilot label based on visible layer cues; not a human annotation.
LPE3-0162,domain_postdoc,design_hypothesis,design_hypothesis,no,none,Synthetic pilot label based on visible layer cues; not a human annotation.
LPE3-0162,rights_authority_reviewer,design_hypothesis,design_hypothesis,no,none,Synthetic pilot label based on visible layer cues; not a human annotation.
LPE3-0163,methods_reviewer,blocked,design_hypothesis,yes,material,Synthetic pilot label based on visible layer cues; not a human annotation.
LPE3-0163,domain_postdoc,blocked,design_hypothesis,yes,material,Synthetic pilot label based on visible layer cues; not a human annotation.
LPE3-0163,rights_authority_reviewer,blocked,blocked,no,none,Synthetic pilot label based on visible layer cues; not a human annotation.
LPE3-0164,methods_reviewer,blocked,design_hypothesis,yes,material,Synthetic pilot label based on visible layer cues; not a human annotation.
LPE3-0164,domain_postdoc,blocked,design_hypothesis,yes,material,Synthetic pilot label based on visible layer cues; not a human annotation.
LPE3-0164,rights_authority_reviewer,blocked,blocked,no,none,Synthetic pilot label based on visible layer cues; not a human annotation.
LPE3-0165,methods_reviewer,design_hypothesis,design_hypothesis,no,none,Synthetic pilot label based on visible layer cues; not a human annotation.
LPE3-0165,domain_postdoc,design_hypothesis,design_hypothesis,no,none,Synthetic pilot label based on visible layer cues; not a human annotation.
LPE3-0165,rights_authority_reviewer,design_hypothesis,design_hypothesis,no,none,Synthetic pilot label based on visible layer cues; not a human annotation.
LPE3-0166,methods_reviewer,design_hypothesis,design_hypothesis,no,none,Synthetic pilot label based on visible layer cues; not a human annotation.
LPE3-0166,domain_postdoc,design_hypothesis,design_hypothesis,no,none,Synthetic pilot label based on visible layer cues; not a human annotation.
LPE3-0166,rights_authority_reviewer,design_hypothesis,design_hypothesis,no,none,Synthetic pilot label based on visible layer cues; not a human annotation.
LPE3-0167,methods_reviewer,blocked,design_hypothesis,yes,material,Synthetic pilot label based on visible layer cues; not a human annotation.
LPE3-0167,domain_postdoc,blocked,design_hypothesis,yes,material,Synthetic pilot label based on visible layer cues; not a human annotation.
LPE3-0167,rights_authority_reviewer,blocked,blocked,no,none,Synthetic pilot label based on visible layer cues; not a human annotation.
LPE3-0168,methods_reviewer,design_hypothesis,design_hypothesis,no,none,Synthetic pilot label based on visible layer cues; not a human annotation.
LPE3-0168,domain_postdoc,design_hypothesis,design_hypothesis,no,none,Synthetic pilot label based on visible layer cues; not a human annotation.
LPE3-0168,rights_authority_reviewer,design_hypothesis,design_hypothesis,no,none,Synthetic pilot label based on visible layer cues; not a human annotation.
LPE3-0169,methods_reviewer,blocked,design_hypothesis,yes,material,Synthetic pilot label based on visible layer cues; not a human annotation.
LPE3-0169,domain_postdoc,blocked,design_hypothesis,yes,material,Synthetic pilot label based on visible layer cues; not a human annotation.
LPE3-0169,rights_authority_reviewer,blocked,blocked,no,none,Synthetic pilot label based on visible layer cues; not a human annotation.
LPE3-0170,methods_reviewer,source_index,source_index,no,none,Synthetic pilot label based on visible layer cues; not a human annotation.
LPE3-0170,domain_postdoc,source_index,source_index,no,none,Synthetic pilot label based on visible layer cues; not a human annotation.
LPE3-0170,rights_authority_reviewer,source_index,source_index,no,none,Synthetic pilot label based on visible layer cues; not a human annotation.
LPE3-0171,methods_reviewer,design_hypothesis,design_hypothesis,no,none,Synthetic pilot label based on visible layer cues; not a human annotation.
LPE3-0171,domain_postdoc,design_hypothesis,design_hypothesis,no,none,Synthetic pilot label based on visible layer cues; not a human annotation.
LPE3-0171,rights_authority_reviewer,design_hypothesis,design_hypothesis,no,none,Synthetic pilot label based on visible layer cues; not a human annotation.
LPE3-0172,methods_reviewer,design_hypothesis,design_hypothesis,no,none,Synthetic pilot label based on visible layer cues; not a human annotation.
LPE3-0172,domain_postdoc,design_hypothesis,design_hypothesis,no,none,Synthetic pilot label based on visible layer cues; not a human annotation.
LPE3-0172,rights_authority_reviewer,design_hypothesis,design_hypothesis,no,none,Synthetic pilot label based on visible layer cues; not a human annotation.
LPE3-0173,methods_reviewer,design_hypothesis,design_hypothesis,no,none,Synthetic pilot label based on visible layer cues; not a human annotation.
LPE3-0173,domain_postdoc,design_hypothesis,design_hypothesis,no,none,Synthetic pilot label based on visible layer cues; not a human annotation.
LPE3-0173,rights_authority_reviewer,design_hypothesis,design_hypothesis,no,none,Synthetic pilot label based on visible layer cues; not a human annotation.
LPE3-0174,methods_reviewer,design_hypothesis,design_hypothesis,no,none,Synthetic pilot label based on visible layer cues; not a human annotation.
LPE3-0174,domain_postdoc,design_hypothesis,design_hypothesis,no,none,Synthetic pilot label based on visible layer cues; not a human annotation.
LPE3-0174,rights_authority_reviewer,design_hypothesis,design_hypothesis,no,none,Synthetic pilot label based on visible layer cues; not a human annotation.
LPE3-0175,methods_reviewer,design_hypothesis,design_hypothesis,no,none,Synthetic pilot label based on visible layer cues; not a human annotation.
LPE3-0175,domain_postdoc,design_hypothesis,design_hypothesis,no,none,Synthetic pilot label based on visible layer cues; not a human annotation.
LPE3-0175,rights_authority_reviewer,design_hypothesis,design_hypothesis,no,none,Synthetic pilot label based on visible layer cues; not a human annotation.
LPE3-0176,methods_reviewer,design_hypothesis,design_hypothesis,no,none,Synthetic pilot label based on visible layer cues; not a human annotation.
LPE3-0176,domain_postdoc,design_hypothesis,design_hypothesis,no,none,Synthetic pilot label based on visible layer cues; not a human annotation.
LPE3-0176,rights_authority_reviewer,design_hypothesis,design_hypothesis,no,none,Synthetic pilot label based on visible layer cues; not a human annotation.
LPE3-0177,methods_reviewer,blocked,blocked,no,none,Synthetic pilot label based on visible layer cues; not a human annotation.
LPE3-0177,domain_postdoc,blocked,blocked,no,none,Synthetic pilot label based on visible layer cues; not a human annotation.
LPE3-0177,rights_authority_reviewer,blocked,blocked,no,none,Synthetic pilot label based on visible layer cues; not a human annotation.
LPE3-0178,methods_reviewer,design_hypothesis,design_hypothesis,no,none,Synthetic pilot label based on visible layer cues; not a human annotation.
LPE3-0178,domain_postdoc,design_hypothesis,design_hypothesis,no,none,Synthetic pilot label based on visible layer cues; not a human annotation.
LPE3-0178,rights_authority_reviewer,design_hypothesis,design_hypothesis,no,none,Synthetic pilot label based on visible layer cues; not a human annotation.
LPE3-0179,methods_reviewer,design_hypothesis,design_hypothesis,no,none,Synthetic pilot label based on visible layer cues; not a human annotation.
LPE3-0179,domain_postdoc,design_hypothesis,design_hypothesis,no,none,Synthetic pilot label based on visible layer cues; not a human annotation.
LPE3-0179,rights_authority_reviewer,design_hypothesis,design_hypothesis,no,none,Synthetic pilot label based on visible layer cues; not a human annotation.
LPE3-0180,methods_reviewer,design_hypothesis,design_hypothesis,no,none,Synthetic pilot label based on visible layer cues; not a human annotation.
LPE3-0180,domain_postdoc,design_hypothesis,design_hypothesis,no,none,Synthetic pilot label based on visible layer cues; not a human annotation.
LPE3-0180,rights_authority_reviewer,design_hypothesis,design_hypothesis,no,none,Synthetic pilot label based on visible layer cues; not a human annotation.
LPE3-0181,methods_reviewer,design_hypothesis,design_hypothesis,no,none,Synthetic pilot label based on visible layer cues; not a human annotation.
LPE3-0181,domain_postdoc,design_hypothesis,design_hypothesis,no,none,Synthetic pilot label based on visible layer cues; not a human annotation.
LPE3-0181,rights_authority_reviewer,design_hypothesis,design_hypothesis,no,none,Synthetic pilot label based on visible layer cues; not a human annotation.
LPE3-0182,methods_reviewer,design_hypothesis,design_hypothesis,no,none,Synthetic pilot label based on visible layer cues; not a human annotation.
LPE3-0182,domain_postdoc,design_hypothesis,design_hypothesis,no,none,Synthetic pilot label based on visible layer cues; not a human annotation.
LPE3-0182,rights_authority_reviewer,design_hypothesis,blocked,no,none,Synthetic pilot label based on visible layer cues; not a human annotation.
LPE3-0183,methods_reviewer,design_hypothesis,design_hypothesis,no,none,Synthetic pilot label based on visible layer cues; not a human annotation.
LPE3-0183,domain_postdoc,design_hypothesis,design_hypothesis,no,none,Synthetic pilot label based on visible layer cues; not a human annotation.
LPE3-0183,rights_authority_reviewer,design_hypothesis,design_hypothesis,no,none,Synthetic pilot label based on visible layer cues; not a human annotation.
LPE3-0184,methods_reviewer,design_hypothesis,design_hypothesis,no,none,Synthetic pilot label based on visible layer cues; not a human annotation.
LPE3-0184,domain_postdoc,design_hypothesis,design_hypothesis,no,none,Synthetic pilot label based on visible layer cues; not a human annotation.
LPE3-0184,rights_authority_reviewer,design_hypothesis,design_hypothesis,no,none,Synthetic pilot label based on visible layer cues; not a human annotation.
LPE3-0185,methods_reviewer,design_hypothesis,design_hypothesis,no,none,Synthetic pilot label based on visible layer cues; not a human annotation.
LPE3-0185,domain_postdoc,design_hypothesis,design_hypothesis,no,none,Synthetic pilot label based on visible layer cues; not a human annotation.
LPE3-0185,rights_authority_reviewer,design_hypothesis,design_hypothesis,no,none,Synthetic pilot label based on visible layer cues; not a human annotation.
LPE3-0186,methods_reviewer,design_hypothesis,design_hypothesis,no,none,Synthetic pilot label based on visible layer cues; not a human annotation.
LPE3-0186,domain_postdoc,design_hypothesis,design_hypothesis,no,none,Synthetic pilot label based on visible layer cues; not a human annotation.
LPE3-0186,rights_authority_reviewer,design_hypothesis,design_hypothesis,no,none,Synthetic pilot label based on visible layer cues; not a human annotation.
LPE3-0187,methods_reviewer,design_hypothesis,design_hypothesis,no,none,Synthetic pilot label based on visible layer cues; not a human annotation.
LPE3-0187,domain_postdoc,design_hypothesis,design_hypothesis,no,none,Synthetic pilot label based on visible layer cues; not a human annotation.
LPE3-0187,rights_authority_reviewer,design_hypothesis,design_hypothesis,no,none,Synthetic pilot label based on visible layer cues; not a human annotation.
LPE3-0188,methods_reviewer,design_hypothesis,design_hypothesis,no,none,Synthetic pilot label based on visible layer cues; not a human annotation.
LPE3-0188,domain_postdoc,design_hypothesis,design_hypothesis,no,none,Synthetic pilot label based on visible layer cues; not a human annotation.
LPE3-0188,rights_authority_reviewer,design_hypothesis,design_hypothesis,no,none,Synthetic pilot label based on visible layer cues; not a human annotation.
LPE3-0189,methods_reviewer,design_hypothesis,design_hypothesis,no,none,Synthetic pilot label based on visible layer cues; not a human annotation.
LPE3-0189,domain_postdoc,design_hypothesis,design_hypothesis,no,none,Synthetic pilot label based on visible layer cues; not a human annotation.
LPE3-0189,rights_authority_reviewer,design_hypothesis,design_hypothesis,no,none,Synthetic pilot label based on visible layer cues; not a human annotation.
LPE3-0190,methods_reviewer,design_hypothesis,design_hypothesis,no,none,Synthetic pilot label based on visible layer cues; not a human annotation.
LPE3-0190,domain_postdoc,design_hypothesis,design_hypothesis,no,none,Synthetic pilot label based on visible layer cues; not a human annotation.
LPE3-0190,rights_authority_reviewer,design_hypothesis,design_hypothesis,no,none,Synthetic pilot label based on visible layer cues; not a human annotation.
LPE3-0191,methods_reviewer,design_hypothesis,design_hypothesis,no,none,Synthetic pilot label based on visible layer cues; not a human annotation.
LPE3-0191,domain_postdoc,design_hypothesis,design_hypothesis,no,none,Synthetic pilot label based on visible layer cues; not a human annotation.
LPE3-0191,rights_authority_reviewer,design_hypothesis,design_hypothesis,no,none,Synthetic pilot label based on visible layer cues; not a human annotation.
LPE3-0192,methods_reviewer,design_hypothesis,design_hypothesis,no,none,Synthetic pilot label based on visible layer cues; not a human annotation.
LPE3-0192,domain_postdoc,design_hypothesis,design_hypothesis,no,none,Synthetic pilot label based on visible layer cues; not a human annotation.
LPE3-0192,rights_authority_reviewer,design_hypothesis,design_hypothesis,no,none,Synthetic pilot label based on visible layer cues; not a human annotation.
LPE3-0193,methods_reviewer,blocked,design_hypothesis,yes,material,Synthetic pilot label based on visible layer cues; not a human annotation.
LPE3-0193,domain_postdoc,blocked,design_hypothesis,yes,material,Synthetic pilot label based on visible layer cues; not a human annotation.
LPE3-0193,rights_authority_reviewer,blocked,blocked,no,none,Synthetic pilot label based on visible layer cues; not a human annotation.
LPE3-0194,methods_reviewer,design_hypothesis,design_hypothesis,no,none,Synthetic pilot label based on visible layer cues; not a human annotation.
LPE3-0194,domain_postdoc,design_hypothesis,design_hypothesis,no,none,Synthetic pilot label based on visible layer cues; not a human annotation.
LPE3-0194,rights_authority_reviewer,design_hypothesis,design_hypothesis,no,none,Synthetic pilot label based on visible layer cues; not a human annotation.
LPE3-0195,methods_reviewer,design_hypothesis,design_hypothesis,no,none,Synthetic pilot label based on visible layer cues; not a human annotation.
LPE3-0195,domain_postdoc,design_hypothesis,design_hypothesis,no,none,Synthetic pilot label based on visible layer cues; not a human annotation.
LPE3-0195,rights_authority_reviewer,design_hypothesis,design_hypothesis,no,none,Synthetic pilot label based on visible layer cues; not a human annotation.
LPE3-0196,methods_reviewer,design_hypothesis,design_hypothesis,no,none,Synthetic pilot label based on visible layer cues; not a human annotation.
LPE3-0196,domain_postdoc,design_hypothesis,design_hypothesis,no,none,Synthetic pilot label based on visible layer cues; not a human annotation.
LPE3-0196,rights_authority_reviewer,design_hypothesis,design_hypothesis,no,none,Synthetic pilot label based on visible layer cues; not a human annotation.
LPE3-0197,methods_reviewer,design_hypothesis,design_hypothesis,no,none,Synthetic pilot label based on visible layer cues; not a human annotation.
LPE3-0197,domain_postdoc,design_hypothesis,design_hypothesis,no,none,Synthetic pilot label based on visible layer cues; not a human annotation.
LPE3-0197,rights_authority_reviewer,design_hypothesis,design_hypothesis,no,none,Synthetic pilot label based on visible layer cues; not a human annotation.
LPE3-0198,methods_reviewer,design_hypothesis,design_hypothesis,no,none,Synthetic pilot label based on visible layer cues; not a human annotation.
LPE3-0198,domain_postdoc,design_hypothesis,design_hypothesis,no,none,Synthetic pilot label based on visible layer cues; not a human annotation.
LPE3-0198,rights_authority_reviewer,design_hypothesis,design_hypothesis,no,none,Synthetic pilot label based on visible layer cues; not a human annotation.
LPE3-0199,methods_reviewer,design_hypothesis,design_hypothesis,no,none,Synthetic pilot label based on visible layer cues; not a human annotation.
LPE3-0199,domain_postdoc,design_hypothesis,design_hypothesis,no,none,Synthetic pilot label based on visible layer cues; not a human annotation.
LPE3-0199,rights_authority_reviewer,design_hypothesis,design_hypothesis,no,none,Synthetic pilot label based on visible layer cues; not a human annotation.
LPE3-0200,methods_reviewer,design_hypothesis,design_hypothesis,no,none,Synthetic pilot label based on visible layer cues; not a human annotation.
LPE3-0200,domain_postdoc,design_hypothesis,design_hypothesis,no,none,Synthetic pilot label based on visible layer cues; not a human annotation.
LPE3-0200,rights_authority_reviewer,design_hypothesis,design_hypothesis,no,none,Synthetic pilot label based on visible layer cues; not a human annotation.
LPE3-0201,methods_reviewer,design_hypothesis,design_hypothesis,no,none,Synthetic pilot label based on visible layer cues; not a human annotation.
LPE3-0201,domain_postdoc,design_hypothesis,design_hypothesis,no,none,Synthetic pilot label based on visible layer cues; not a human annotation.
LPE3-0201,rights_authority_reviewer,design_hypothesis,design_hypothesis,no,none,Synthetic pilot label based on visible layer cues; not a human annotation.
LPE3-0202,methods_reviewer,design_hypothesis,design_hypothesis,no,none,Synthetic pilot label based on visible layer cues; not a human annotation.
LPE3-0202,domain_postdoc,design_hypothesis,design_hypothesis,no,none,Synthetic pilot label based on visible layer cues; not a human annotation.
LPE3-0202,rights_authority_reviewer,design_hypothesis,design_hypothesis,no,none,Synthetic pilot label based on visible layer cues; not a human annotation.
LPE3-0203,methods_reviewer,design_hypothesis,design_hypothesis,no,none,Synthetic pilot label based on visible layer cues; not a human annotation.
LPE3-0203,domain_postdoc,design_hypothesis,design_hypothesis,no,none,Synthetic pilot label based on visible layer cues; not a human annotation.
LPE3-0203,rights_authority_reviewer,design_hypothesis,design_hypothesis,no,none,Synthetic pilot label based on visible layer cues; not a human annotation.
LPE3-0204,methods_reviewer,design_hypothesis,design_hypothesis,no,none,Synthetic pilot label based on visible layer cues; not a human annotation.
LPE3-0204,domain_postdoc,design_hypothesis,design_hypothesis,no,none,Synthetic pilot label based on visible layer cues; not a human annotation.
LPE3-0204,rights_authority_reviewer,design_hypothesis,design_hypothesis,no,none,Synthetic pilot label based on visible layer cues; not a human annotation.
LPE3-0205,methods_reviewer,design_hypothesis,design_hypothesis,no,none,Synthetic pilot label based on visible layer cues; not a human annotation.
LPE3-0205,domain_postdoc,design_hypothesis,design_hypothesis,no,none,Synthetic pilot label based on visible layer cues; not a human annotation.
LPE3-0205,rights_authority_reviewer,design_hypothesis,design_hypothesis,no,none,Synthetic pilot label based on visible layer cues; not a human annotation.
LPE3-0206,methods_reviewer,design_hypothesis,design_hypothesis,no,none,Synthetic pilot label based on visible layer cues; not a human annotation.
LPE3-0206,domain_postdoc,design_hypothesis,design_hypothesis,no,none,Synthetic pilot label based on visible layer cues; not a human annotation.
LPE3-0206,rights_authority_reviewer,design_hypothesis,design_hypothesis,no,none,Synthetic pilot label based on visible layer cues; not a human annotation.
LPE3-0207,methods_reviewer,blocked,design_hypothesis,yes,material,Synthetic pilot label based on visible layer cues; not a human annotation.
LPE3-0207,domain_postdoc,blocked,design_hypothesis,yes,material,Synthetic pilot label based on visible layer cues; not a human annotation.
LPE3-0207,rights_authority_reviewer,blocked,blocked,no,none,Synthetic pilot label based on visible layer cues; not a human annotation.
LPE3-0208,methods_reviewer,design_hypothesis,design_hypothesis,no,none,Synthetic pilot label based on visible layer cues; not a human annotation.
LPE3-0208,domain_postdoc,design_hypothesis,design_hypothesis,no,none,Synthetic pilot label based on visible layer cues; not a human annotation.
LPE3-0208,rights_authority_reviewer,design_hypothesis,design_hypothesis,no,none,Synthetic pilot label based on visible layer cues; not a human annotation.
LPE3-0209,methods_reviewer,design_hypothesis,design_hypothesis,no,none,Synthetic pilot label based on visible layer cues; not a human annotation.
LPE3-0209,domain_postdoc,design_hypothesis,design_hypothesis,no,none,Synthetic pilot label based on visible layer cues; not a human annotation.
LPE3-0209,rights_authority_reviewer,design_hypothesis,design_hypothesis,no,none,Synthetic pilot label based on visible layer cues; not a human annotation.
LPE3-0210,methods_reviewer,design_hypothesis,design_hypothesis,no,none,Synthetic pilot label based on visible layer cues; not a human annotation.
LPE3-0210,domain_postdoc,design_hypothesis,design_hypothesis,no,none,Synthetic pilot label based on visible layer cues; not a human annotation.
LPE3-0210,rights_authority_reviewer,design_hypothesis,design_hypothesis,no,none,Synthetic pilot label based on visible layer cues; not a human annotation.
LPE3-0211,methods_reviewer,design_hypothesis,design_hypothesis,no,none,Synthetic pilot label based on visible layer cues; not a human annotation.
LPE3-0211,domain_postdoc,design_hypothesis,design_hypothesis,no,none,Synthetic pilot label based on visible layer cues; not a human annotation.
LPE3-0211,rights_authority_reviewer,design_hypothesis,design_hypothesis,no,none,Synthetic pilot label based on visible layer cues; not a human annotation.
LPE3-0212,methods_reviewer,design_hypothesis,design_hypothesis,no,none,Synthetic pilot label based on visible layer cues; not a human annotation.
LPE3-0212,domain_postdoc,design_hypothesis,design_hypothesis,no,none,Synthetic pilot label based on visible layer cues; not a human annotation.
LPE3-0212,rights_authority_reviewer,design_hypothesis,design_hypothesis,no,none,Synthetic pilot label based on visible layer cues; not a human annotation.
LPE3-0213,methods_reviewer,design_hypothesis,design_hypothesis,no,none,Synthetic pilot label based on visible layer cues; not a human annotation.
LPE3-0213,domain_postdoc,design_hypothesis,design_hypothesis,no,none,Synthetic pilot label based on visible layer cues; not a human annotation.
LPE3-0213,rights_authority_reviewer,design_hypothesis,design_hypothesis,no,none,Synthetic pilot label based on visible layer cues; not a human annotation.
LPE3-0214,methods_reviewer,design_hypothesis,design_hypothesis,no,none,Synthetic pilot label based on visible layer cues; not a human annotation.
LPE3-0214,domain_postdoc,design_hypothesis,design_hypothesis,no,none,Synthetic pilot label based on visible layer cues; not a human annotation.
LPE3-0214,rights_authority_reviewer,design_hypothesis,design_hypothesis,no,none,Synthetic pilot label based on visible layer cues; not a human annotation.
LPE3-0215,methods_reviewer,design_hypothesis,design_hypothesis,no,none,Synthetic pilot label based on visible layer cues; not a human annotation.
LPE3-0215,domain_postdoc,design_hypothesis,design_hypothesis,no,none,Synthetic pilot label based on visible layer cues; not a human annotation.
LPE3-0215,rights_authority_reviewer,design_hypothesis,design_hypothesis,no,none,Synthetic pilot label based on visible layer cues; not a human annotation.
LPE3-0216,methods_reviewer,design_hypothesis,design_hypothesis,no,none,Synthetic pilot label based on visible layer cues; not a human annotation.
LPE3-0216,domain_postdoc,design_hypothesis,design_hypothesis,no,none,Synthetic pilot label based on visible layer cues; not a human annotation.
LPE3-0216,rights_authority_reviewer,design_hypothesis,design_hypothesis,no,none,Synthetic pilot label based on visible layer cues; not a human annotation.
LPE3-0217,methods_reviewer,design_hypothesis,design_hypothesis,no,none,Synthetic pilot label based on visible layer cues; not a human annotation.
LPE3-0217,domain_postdoc,design_hypothesis,design_hypothesis,no,none,Synthetic pilot label based on visible layer cues; not a human annotation.
LPE3-0217,rights_authority_reviewer,design_hypothesis,design_hypothesis,no,none,Synthetic pilot label based on visible layer cues; not a human annotation.
LPE3-0218,methods_reviewer,design_hypothesis,design_hypothesis,no,none,Synthetic pilot label based on visible layer cues; not a human annotation.
LPE3-0218,domain_postdoc,design_hypothesis,design_hypothesis,no,none,Synthetic pilot label based on visible layer cues; not a human annotation.
LPE3-0218,rights_authority_reviewer,design_hypothesis,design_hypothesis,no,none,Synthetic pilot label based on visible layer cues; not a human annotation.
LPE3-0219,methods_reviewer,design_hypothesis,design_hypothesis,no,none,Synthetic pilot label based on visible layer cues; not a human annotation.
LPE3-0219,domain_postdoc,design_hypothesis,design_hypothesis,no,none,Synthetic pilot label based on visible layer cues; not a human annotation.
LPE3-0219,rights_authority_reviewer,design_hypothesis,blocked,no,none,Synthetic pilot label based on visible layer cues; not a human annotation.
LPE3-0220,methods_reviewer,source_index,design_hypothesis,no,none,Synthetic pilot label based on visible layer cues; not a human annotation.
LPE3-0220,domain_postdoc,source_index,design_hypothesis,no,none,Synthetic pilot label based on visible layer cues; not a human annotation.
LPE3-0220,rights_authority_reviewer,source_index,design_hypothesis,no,none,Synthetic pilot label based on visible layer cues; not a human annotation.
LPE3-0221,methods_reviewer,source_index,design_hypothesis,no,none,Synthetic pilot label based on visible layer cues; not a human annotation.
LPE3-0221,domain_postdoc,source_index,design_hypothesis,no,none,Synthetic pilot label based on visible layer cues; not a human annotation.
LPE3-0221,rights_authority_reviewer,source_index,design_hypothesis,no,none,Synthetic pilot label based on visible layer cues; not a human annotation.
LPE3-0222,methods_reviewer,design_hypothesis,design_hypothesis,no,none,Synthetic pilot label based on visible layer cues; not a human annotation.
LPE3-0222,domain_postdoc,design_hypothesis,design_hypothesis,no,none,Synthetic pilot label based on visible layer cues; not a human annotation.
LPE3-0222,rights_authority_reviewer,design_hypothesis,design_hypothesis,no,none,Synthetic pilot label based on visible layer cues; not a human annotation.
LPE3-0223,methods_reviewer,design_hypothesis,design_hypothesis,no,none,Synthetic pilot label based on visible layer cues; not a human annotation.
LPE3-0223,domain_postdoc,design_hypothesis,design_hypothesis,no,none,Synthetic pilot label based on visible layer cues; not a human annotation.
LPE3-0223,rights_authority_reviewer,design_hypothesis,design_hypothesis,no,none,Synthetic pilot label based on visible layer cues; not a human annotation.
LPE3-0224,methods_reviewer,design_hypothesis,design_hypothesis,no,none,Synthetic pilot label based on visible layer cues; not a human annotation.
LPE3-0224,domain_postdoc,design_hypothesis,design_hypothesis,no,none,Synthetic pilot label based on visible layer cues; not a human annotation.
LPE3-0224,rights_authority_reviewer,design_hypothesis,design_hypothesis,no,none,Synthetic pilot label based on visible layer cues; not a human annotation.
LPE3-0225,methods_reviewer,derived,design_hypothesis,no,none,Synthetic pilot label based on visible layer cues; not a human annotation.
LPE3-0225,domain_postdoc,derived,design_hypothesis,no,none,Synthetic pilot label based on visible layer cues; not a human annotation.
LPE3-0225,rights_authority_reviewer,derived,design_hypothesis,no,none,Synthetic pilot label based on visible layer cues; not a human annotation.
LPE3-0226,methods_reviewer,design_hypothesis,design_hypothesis,no,none,Synthetic pilot label based on visible layer cues; not a human annotation.
LPE3-0226,domain_postdoc,design_hypothesis,design_hypothesis,no,none,Synthetic pilot label based on visible layer cues; not a human annotation.
LPE3-0226,rights_authority_reviewer,design_hypothesis,design_hypothesis,no,none,Synthetic pilot label based on visible layer cues; not a human annotation.
LPE3-0227,methods_reviewer,derived,design_hypothesis,no,none,Synthetic pilot label based on visible layer cues; not a human annotation.
LPE3-0227,domain_postdoc,derived,design_hypothesis,no,none,Synthetic pilot label based on visible layer cues; not a human annotation.
LPE3-0227,rights_authority_reviewer,derived,design_hypothesis,no,none,Synthetic pilot label based on visible layer cues; not a human annotation.
LPE3-0228,methods_reviewer,derived,design_hypothesis,no,none,Synthetic pilot label based on visible layer cues; not a human annotation.
LPE3-0228,domain_postdoc,derived,design_hypothesis,no,none,Synthetic pilot label based on visible layer cues; not a human annotation.
LPE3-0228,rights_authority_reviewer,derived,design_hypothesis,no,none,Synthetic pilot label based on visible layer cues; not a human annotation.
LPE3-0229,methods_reviewer,derived,speculative,no,none,Synthetic pilot label based on visible layer cues; not a human annotation.
LPE3-0229,domain_postdoc,derived,speculative,no,none,Synthetic pilot label based on visible layer cues; not a human annotation.
LPE3-0229,rights_authority_reviewer,derived,speculative,no,none,Synthetic pilot label based on visible layer cues; not a human annotation.
LPE3-0230,methods_reviewer,derived,design_hypothesis,no,none,Synthetic pilot label based on visible layer cues; not a human annotation.
LPE3-0230,domain_postdoc,derived,design_hypothesis,no,none,Synthetic pilot label based on visible layer cues; not a human annotation.
LPE3-0230,rights_authority_reviewer,derived,design_hypothesis,no,none,Synthetic pilot label based on visible layer cues; not a human annotation.
LPE3-0231,methods_reviewer,speculative,design_hypothesis,yes,material,Synthetic pilot label based on visible layer cues; not a human annotation.
LPE3-0231,domain_postdoc,speculative,design_hypothesis,yes,material,Synthetic pilot label based on visible layer cues; not a human annotation.
LPE3-0231,rights_authority_reviewer,speculative,design_hypothesis,yes,material,Synthetic pilot label based on visible layer cues; not a human annotation.
LPE3-0232,methods_reviewer,derived,design_hypothesis,no,none,Synthetic pilot label based on visible layer cues; not a human annotation.
LPE3-0232,domain_postdoc,derived,design_hypothesis,no,none,Synthetic pilot label based on visible layer cues; not a human annotation.
LPE3-0232,rights_authority_reviewer,derived,design_hypothesis,no,none,Synthetic pilot label based on visible layer cues; not a human annotation.
LPE3-0233,methods_reviewer,derived,design_hypothesis,no,none,Synthetic pilot label based on visible layer cues; not a human annotation.
LPE3-0233,domain_postdoc,derived,design_hypothesis,no,none,Synthetic pilot label based on visible layer cues; not a human annotation.
LPE3-0233,rights_authority_reviewer,derived,design_hypothesis,no,none,Synthetic pilot label based on visible layer cues; not a human annotation.
LPE3-0234,methods_reviewer,design_hypothesis,design_hypothesis,no,none,Synthetic pilot label based on visible layer cues; not a human annotation.
LPE3-0234,domain_postdoc,design_hypothesis,design_hypothesis,no,none,Synthetic pilot label based on visible layer cues; not a human annotation.
LPE3-0234,rights_authority_reviewer,design_hypothesis,design_hypothesis,no,none,Synthetic pilot label based on visible layer cues; not a human annotation.
LPE3-0235,methods_reviewer,derived,design_hypothesis,no,none,Synthetic pilot label based on visible layer cues; not a human annotation.
LPE3-0235,domain_postdoc,derived,design_hypothesis,no,none,Synthetic pilot label based on visible layer cues; not a human annotation.
LPE3-0235,rights_authority_reviewer,derived,design_hypothesis,no,none,Synthetic pilot label based on visible layer cues; not a human annotation.
LPE3-0236,methods_reviewer,speculative,design_hypothesis,yes,material,Synthetic pilot label based on visible layer cues; not a human annotation.
LPE3-0236,domain_postdoc,speculative,design_hypothesis,yes,material,Synthetic pilot label based on visible layer cues; not a human annotation.
LPE3-0236,rights_authority_reviewer,speculative,design_hypothesis,yes,material,Synthetic pilot label based on visible layer cues; not a human annotation.
LPE3-0237,methods_reviewer,design_hypothesis,design_hypothesis,no,none,Synthetic pilot label based on visible layer cues; not a human annotation.
LPE3-0237,domain_postdoc,design_hypothesis,design_hypothesis,no,none,Synthetic pilot label based on visible layer cues; not a human annotation.
LPE3-0237,rights_authority_reviewer,design_hypothesis,design_hypothesis,no,none,Synthetic pilot label based on visible layer cues; not a human annotation.
LPE3-0238,methods_reviewer,design_hypothesis,design_hypothesis,no,none,Synthetic pilot label based on visible layer cues; not a human annotation.
LPE3-0238,domain_postdoc,design_hypothesis,design_hypothesis,no,none,Synthetic pilot label based on visible layer cues; not a human annotation.
LPE3-0238,rights_authority_reviewer,design_hypothesis,design_hypothesis,no,none,Synthetic pilot label based on visible layer cues; not a human annotation.
LPE3-0239,methods_reviewer,design_hypothesis,design_hypothesis,no,none,Synthetic pilot label based on visible layer cues; not a human annotation.
LPE3-0239,domain_postdoc,design_hypothesis,design_hypothesis,no,none,Synthetic pilot label based on visible layer cues; not a human annotation.
LPE3-0239,rights_authority_reviewer,design_hypothesis,design_hypothesis,no,none,Synthetic pilot label based on visible layer cues; not a human annotation.
LPE3-0240,methods_reviewer,design_hypothesis,design_hypothesis,no,none,Synthetic pilot label based on visible layer cues; not a human annotation.
LPE3-0240,domain_postdoc,design_hypothesis,design_hypothesis,no,none,Synthetic pilot label based on visible layer cues; not a human annotation.
LPE3-0240,rights_authority_reviewer,design_hypothesis,design_hypothesis,no,none,Synthetic pilot label based on visible layer cues; not a human annotation.
LPE3-0241,methods_reviewer,design_hypothesis,design_hypothesis,no,none,Synthetic pilot label based on visible layer cues; not a human annotation.
LPE3-0241,domain_postdoc,design_hypothesis,design_hypothesis,no,none,Synthetic pilot label based on visible layer cues; not a human annotation.
LPE3-0241,rights_authority_reviewer,design_hypothesis,design_hypothesis,no,none,Synthetic pilot label based on visible layer cues; not a human annotation.
LPE3-0242,methods_reviewer,derived,design_hypothesis,no,none,Synthetic pilot label based on visible layer cues; not a human annotation.
LPE3-0242,domain_postdoc,derived,design_hypothesis,no,none,Synthetic pilot label based on visible layer cues; not a human annotation.
LPE3-0242,rights_authority_reviewer,derived,design_hypothesis,no,none,Synthetic pilot label based on visible layer cues; not a human annotation.
LPE3-0243,methods_reviewer,derived,speculative,no,none,Synthetic pilot label based on visible layer cues; not a human annotation.
LPE3-0243,domain_postdoc,derived,speculative,no,none,Synthetic pilot label based on visible layer cues; not a human annotation.
LPE3-0243,rights_authority_reviewer,derived,speculative,no,none,Synthetic pilot label based on visible layer cues; not a human annotation.
LPE3-0244,methods_reviewer,derived,design_hypothesis,no,none,Synthetic pilot label based on visible layer cues; not a human annotation.
LPE3-0244,domain_postdoc,derived,design_hypothesis,no,none,Synthetic pilot label based on visible layer cues; not a human annotation.
LPE3-0244,rights_authority_reviewer,derived,design_hypothesis,no,none,Synthetic pilot label based on visible layer cues; not a human annotation.
LPE3-0245,methods_reviewer,speculative,design_hypothesis,yes,material,Synthetic pilot label based on visible layer cues; not a human annotation.
LPE3-0245,domain_postdoc,speculative,design_hypothesis,yes,material,Synthetic pilot label based on visible layer cues; not a human annotation.
LPE3-0245,rights_authority_reviewer,speculative,design_hypothesis,yes,material,Synthetic pilot label based on visible layer cues; not a human annotation.
LPE3-0246,methods_reviewer,derived,design_hypothesis,no,none,Synthetic pilot label based on visible layer cues; not a human annotation.
LPE3-0246,domain_postdoc,derived,design_hypothesis,no,none,Synthetic pilot label based on visible layer cues; not a human annotation.
LPE3-0246,rights_authority_reviewer,derived,design_hypothesis,no,none,Synthetic pilot label based on visible layer cues; not a human annotation.
LPE3-0247,methods_reviewer,design_hypothesis,design_hypothesis,no,none,Synthetic pilot label based on visible layer cues; not a human annotation.
LPE3-0247,domain_postdoc,design_hypothesis,design_hypothesis,no,none,Synthetic pilot label based on visible layer cues; not a human annotation.
LPE3-0247,rights_authority_reviewer,design_hypothesis,design_hypothesis,no,none,Synthetic pilot label based on visible layer cues; not a human annotation.
LPE3-0248,methods_reviewer,derived,design_hypothesis,no,none,Synthetic pilot label based on visible layer cues; not a human annotation.
LPE3-0248,domain_postdoc,derived,design_hypothesis,no,none,Synthetic pilot label based on visible layer cues; not a human annotation.
LPE3-0248,rights_authority_reviewer,derived,design_hypothesis,no,none,Synthetic pilot label based on visible layer cues; not a human annotation.
LPE3-0249,methods_reviewer,design_hypothesis,derived,yes,material,Synthetic pilot label based on visible layer cues; not a human annotation.
LPE3-0249,domain_postdoc,design_hypothesis,derived,yes,material,Synthetic pilot label based on visible layer cues; not a human annotation.
LPE3-0249,rights_authority_reviewer,design_hypothesis,derived,yes,material,Synthetic pilot label based on visible layer cues; not a human annotation.
LPE3-0250,methods_reviewer,design_hypothesis,design_hypothesis,no,none,Synthetic pilot label based on visible layer cues; not a human annotation.
LPE3-0250,domain_postdoc,design_hypothesis,design_hypothesis,no,none,Synthetic pilot label based on visible layer cues; not a human annotation.
LPE3-0250,rights_authority_reviewer,design_hypothesis,design_hypothesis,no,none,Synthetic pilot label based on visible layer cues; not a human annotation.
LPE3-0251,methods_reviewer,derived,design_hypothesis,no,none,Synthetic pilot label based on visible layer cues; not a human annotation.
LPE3-0251,domain_postdoc,derived,design_hypothesis,no,none,Synthetic pilot label based on visible layer cues; not a human annotation.
LPE3-0251,rights_authority_reviewer,derived,design_hypothesis,no,none,Synthetic pilot label based on visible layer cues; not a human annotation.
LPE3-0252,methods_reviewer,derived,design_hypothesis,no,none,Synthetic pilot label based on visible layer cues; not a human annotation.
LPE3-0252,domain_postdoc,derived,design_hypothesis,no,none,Synthetic pilot label based on visible layer cues; not a human annotation.
LPE3-0252,rights_authority_reviewer,derived,design_hypothesis,no,none,Synthetic pilot label based on visible layer cues; not a human annotation.
LPE3-0253,methods_reviewer,design_hypothesis,design_hypothesis,no,none,Synthetic pilot label based on visible layer cues; not a human annotation.
LPE3-0253,domain_postdoc,design_hypothesis,design_hypothesis,no,none,Synthetic pilot label based on visible layer cues; not a human annotation.
LPE3-0253,rights_authority_reviewer,design_hypothesis,design_hypothesis,no,none,Synthetic pilot label based on visible layer cues; not a human annotation.
LPE3-0254,methods_reviewer,speculative,design_hypothesis,yes,material,Synthetic pilot label based on visible layer cues; not a human annotation.
LPE3-0254,domain_postdoc,speculative,design_hypothesis,yes,material,Synthetic pilot label based on visible layer cues; not a human annotation.
LPE3-0254,rights_authority_reviewer,speculative,design_hypothesis,yes,material,Synthetic pilot label based on visible layer cues; not a human annotation.
LPE3-0255,methods_reviewer,derived,design_hypothesis,no,none,Synthetic pilot label based on visible layer cues; not a human annotation.
LPE3-0255,domain_postdoc,derived,design_hypothesis,no,none,Synthetic pilot label based on visible layer cues; not a human annotation.
LPE3-0255,rights_authority_reviewer,derived,design_hypothesis,no,none,Synthetic pilot label based on visible layer cues; not a human annotation.
LPE3-0256,methods_reviewer,design_hypothesis,design_hypothesis,no,none,Synthetic pilot label based on visible layer cues; not a human annotation.
LPE3-0256,domain_postdoc,design_hypothesis,design_hypothesis,no,none,Synthetic pilot label based on visible layer cues; not a human annotation.
LPE3-0256,rights_authority_reviewer,design_hypothesis,design_hypothesis,no,none,Synthetic pilot label based on visible layer cues; not a human annotation.
LPE3-0257,methods_reviewer,derived,design_hypothesis,no,none,Synthetic pilot label based on visible layer cues; not a human annotation.
LPE3-0257,domain_postdoc,derived,design_hypothesis,no,none,Synthetic pilot label based on visible layer cues; not a human annotation.
LPE3-0257,rights_authority_reviewer,derived,design_hypothesis,no,none,Synthetic pilot label based on visible layer cues; not a human annotation.
LPE3-0258,methods_reviewer,speculative,design_hypothesis,yes,material,Synthetic pilot label based on visible layer cues; not a human annotation.
LPE3-0258,domain_postdoc,speculative,design_hypothesis,yes,material,Synthetic pilot label based on visible layer cues; not a human annotation.
LPE3-0258,rights_authority_reviewer,speculative,design_hypothesis,yes,material,Synthetic pilot label based on visible layer cues; not a human annotation.
LPE3-0259,methods_reviewer,design_hypothesis,design_hypothesis,no,none,Synthetic pilot label based on visible layer cues; not a human annotation.
LPE3-0259,domain_postdoc,design_hypothesis,design_hypothesis,no,none,Synthetic pilot label based on visible layer cues; not a human annotation.
LPE3-0259,rights_authority_reviewer,design_hypothesis,design_hypothesis,no,none,Synthetic pilot label based on visible layer cues; not a human annotation.
LPE3-0260,methods_reviewer,derived,design_hypothesis,no,none,Synthetic pilot label based on visible layer cues; not a human annotation.
LPE3-0260,domain_postdoc,derived,design_hypothesis,no,none,Synthetic pilot label based on visible layer cues; not a human annotation.
LPE3-0260,rights_authority_reviewer,derived,design_hypothesis,no,none,Synthetic pilot label based on visible layer cues; not a human annotation.
LPE3-0261,methods_reviewer,design_hypothesis,design_hypothesis,no,none,Synthetic pilot label based on visible layer cues; not a human annotation.
LPE3-0261,domain_postdoc,design_hypothesis,design_hypothesis,no,none,Synthetic pilot label based on visible layer cues; not a human annotation.
LPE3-0261,rights_authority_reviewer,design_hypothesis,design_hypothesis,no,none,Synthetic pilot label based on visible layer cues; not a human annotation.
LPE3-0262,methods_reviewer,derived,design_hypothesis,no,none,Synthetic pilot label based on visible layer cues; not a human annotation.
LPE3-0262,domain_postdoc,derived,design_hypothesis,no,none,Synthetic pilot label based on visible layer cues; not a human annotation.
LPE3-0262,rights_authority_reviewer,derived,design_hypothesis,no,none,Synthetic pilot label based on visible layer cues; not a human annotation.
LPE3-0263,methods_reviewer,derived,design_hypothesis,no,none,Synthetic pilot label based on visible layer cues; not a human annotation.
LPE3-0263,domain_postdoc,derived,design_hypothesis,no,none,Synthetic pilot label based on visible layer cues; not a human annotation.
LPE3-0263,rights_authority_reviewer,derived,design_hypothesis,no,none,Synthetic pilot label based on visible layer cues; not a human annotation.
LPE3-0264,methods_reviewer,speculative,design_hypothesis,yes,material,Synthetic pilot label based on visible layer cues; not a human annotation.
LPE3-0264,domain_postdoc,speculative,design_hypothesis,yes,material,Synthetic pilot label based on visible layer cues; not a human annotation.
LPE3-0264,rights_authority_reviewer,speculative,design_hypothesis,yes,material,Synthetic pilot label based on visible layer cues; not a human annotation.
LPE3-0265,methods_reviewer,derived,design_hypothesis,no,none,Synthetic pilot label based on visible layer cues; not a human annotation.
LPE3-0265,domain_postdoc,derived,design_hypothesis,no,none,Synthetic pilot label based on visible layer cues; not a human annotation.
LPE3-0265,rights_authority_reviewer,derived,design_hypothesis,no,none,Synthetic pilot label based on visible layer cues; not a human annotation.
LPE3-0266,methods_reviewer,design_hypothesis,design_hypothesis,no,none,Synthetic pilot label based on visible layer cues; not a human annotation.
LPE3-0266,domain_postdoc,design_hypothesis,design_hypothesis,no,none,Synthetic pilot label based on visible layer cues; not a human annotation.
LPE3-0266,rights_authority_reviewer,design_hypothesis,design_hypothesis,no,none,Synthetic pilot label based on visible layer cues; not a human annotation.
LPE3-0267,methods_reviewer,derived,design_hypothesis,no,none,Synthetic pilot label based on visible layer cues; not a human annotation.
LPE3-0267,domain_postdoc,derived,design_hypothesis,no,none,Synthetic pilot label based on visible layer cues; not a human annotation.
LPE3-0267,rights_authority_reviewer,derived,design_hypothesis,no,none,Synthetic pilot label based on visible layer cues; not a human annotation.
LPE3-0268,methods_reviewer,derived,design_hypothesis,no,none,Synthetic pilot label based on visible layer cues; not a human annotation.
LPE3-0268,domain_postdoc,derived,design_hypothesis,no,none,Synthetic pilot label based on visible layer cues; not a human annotation.
LPE3-0268,rights_authority_reviewer,derived,design_hypothesis,no,none,Synthetic pilot label based on visible layer cues; not a human annotation.
LPE3-0269,methods_reviewer,design_hypothesis,design_hypothesis,no,none,Synthetic pilot label based on visible layer cues; not a human annotation.
LPE3-0269,domain_postdoc,design_hypothesis,design_hypothesis,no,none,Synthetic pilot label based on visible layer cues; not a human annotation.
LPE3-0269,rights_authority_reviewer,design_hypothesis,design_hypothesis,no,none,Synthetic pilot label based on visible layer cues; not a human annotation.
LPE3-0270,methods_reviewer,design_hypothesis,design_hypothesis,no,none,Synthetic pilot label based on visible layer cues; not a human annotation.
LPE3-0270,domain_postdoc,design_hypothesis,design_hypothesis,no,none,Synthetic pilot label based on visible layer cues; not a human annotation.
LPE3-0270,rights_authority_reviewer,design_hypothesis,design_hypothesis,no,none,Synthetic pilot label based on visible layer cues; not a human annotation.
LPE3-0271,methods_reviewer,design_hypothesis,design_hypothesis,no,none,Synthetic pilot label based on visible layer cues; not a human annotation.
LPE3-0271,domain_postdoc,design_hypothesis,design_hypothesis,no,none,Synthetic pilot label based on visible layer cues; not a human annotation.
LPE3-0271,rights_authority_reviewer,design_hypothesis,design_hypothesis,no,none,Synthetic pilot label based on visible layer cues; not a human annotation.
LPE3-0272,methods_reviewer,design_hypothesis,design_hypothesis,no,none,Synthetic pilot label based on visible layer cues; not a human annotation.
LPE3-0272,domain_postdoc,design_hypothesis,design_hypothesis,no,none,Synthetic pilot label based on visible layer cues; not a human annotation.
LPE3-0272,rights_authority_reviewer,design_hypothesis,design_hypothesis,no,none,Synthetic pilot label based on visible layer cues; not a human annotation.
LPE3-0273,methods_reviewer,design_hypothesis,design_hypothesis,no,none,Synthetic pilot label based on visible layer cues; not a human annotation.
LPE3-0273,domain_postdoc,design_hypothesis,design_hypothesis,no,none,Synthetic pilot label based on visible layer cues; not a human annotation.
LPE3-0273,rights_authority_reviewer,design_hypothesis,design_hypothesis,no,none,Synthetic pilot label based on visible layer cues; not a human annotation.
LPE3-0274,methods_reviewer,design_hypothesis,design_hypothesis,no,none,Synthetic pilot label based on visible layer cues; not a human annotation.
LPE3-0274,domain_postdoc,design_hypothesis,design_hypothesis,no,none,Synthetic pilot label based on visible layer cues; not a human annotation.
LPE3-0274,rights_authority_reviewer,design_hypothesis,design_hypothesis,no,none,Synthetic pilot label based on visible layer cues; not a human annotation.
LPE3-0275,methods_reviewer,derived,design_hypothesis,no,none,Synthetic pilot label based on visible layer cues; not a human annotation.
LPE3-0275,domain_postdoc,derived,design_hypothesis,no,none,Synthetic pilot label based on visible layer cues; not a human annotation.
LPE3-0275,rights_authority_reviewer,derived,design_hypothesis,no,none,Synthetic pilot label based on visible layer cues; not a human annotation.
LPE3-0276,methods_reviewer,design_hypothesis,design_hypothesis,no,none,Synthetic pilot label based on visible layer cues; not a human annotation.
LPE3-0276,domain_postdoc,design_hypothesis,design_hypothesis,no,none,Synthetic pilot label based on visible layer cues; not a human annotation.
LPE3-0276,rights_authority_reviewer,design_hypothesis,design_hypothesis,no,none,Synthetic pilot label based on visible layer cues; not a human annotation.
LPE3-0277,methods_reviewer,derived,design_hypothesis,no,none,Synthetic pilot label based on visible layer cues; not a human annotation.
LPE3-0277,domain_postdoc,derived,design_hypothesis,no,none,Synthetic pilot label based on visible layer cues; not a human annotation.
LPE3-0277,rights_authority_reviewer,derived,design_hypothesis,no,none,Synthetic pilot label based on visible layer cues; not a human annotation.
LPE3-0278,methods_reviewer,design_hypothesis,design_hypothesis,no,none,Synthetic pilot label based on visible layer cues; not a human annotation.
LPE3-0278,domain_postdoc,design_hypothesis,design_hypothesis,no,none,Synthetic pilot label based on visible layer cues; not a human annotation.
LPE3-0278,rights_authority_reviewer,design_hypothesis,design_hypothesis,no,none,Synthetic pilot label based on visible layer cues; not a human annotation.
LPE3-0279,methods_reviewer,derived,design_hypothesis,no,none,Synthetic pilot label based on visible layer cues; not a human annotation.
LPE3-0279,domain_postdoc,derived,design_hypothesis,no,none,Synthetic pilot label based on visible layer cues; not a human annotation.
LPE3-0279,rights_authority_reviewer,derived,design_hypothesis,no,none,Synthetic pilot label based on visible layer cues; not a human annotation.
LPE3-0280,methods_reviewer,speculative,design_hypothesis,yes,material,Synthetic pilot label based on visible layer cues; not a human annotation.
LPE3-0280,domain_postdoc,speculative,design_hypothesis,yes,material,Synthetic pilot label based on visible layer cues; not a human annotation.
LPE3-0280,rights_authority_reviewer,speculative,design_hypothesis,yes,material,Synthetic pilot label based on visible layer cues; not a human annotation.
LPE3-0281,methods_reviewer,speculative,speculative,no,none,Synthetic pilot label based on visible layer cues; not a human annotation.
LPE3-0281,domain_postdoc,speculative,speculative,no,none,Synthetic pilot label based on visible layer cues; not a human annotation.
LPE3-0281,rights_authority_reviewer,speculative,speculative,no,none,Synthetic pilot label based on visible layer cues; not a human annotation.
LPE3-0282,methods_reviewer,design_hypothesis,design_hypothesis,no,none,Synthetic pilot label based on visible layer cues; not a human annotation.
LPE3-0282,domain_postdoc,design_hypothesis,design_hypothesis,no,none,Synthetic pilot label based on visible layer cues; not a human annotation.
LPE3-0282,rights_authority_reviewer,design_hypothesis,design_hypothesis,no,none,Synthetic pilot label based on visible layer cues; not a human annotation.
LPE3-0283,methods_reviewer,source_index,design_hypothesis,no,none,Synthetic pilot label based on visible layer cues; not a human annotation.
LPE3-0283,domain_postdoc,source_index,design_hypothesis,no,none,Synthetic pilot label based on visible layer cues; not a human annotation.
LPE3-0283,rights_authority_reviewer,source_index,design_hypothesis,no,none,Synthetic pilot label based on visible layer cues; not a human annotation.
LPE3-0284,methods_reviewer,speculative,design_hypothesis,yes,material,Synthetic pilot label based on visible layer cues; not a human annotation.
LPE3-0284,domain_postdoc,speculative,design_hypothesis,yes,material,Synthetic pilot label based on visible layer cues; not a human annotation.
LPE3-0284,rights_authority_reviewer,speculative,design_hypothesis,yes,material,Synthetic pilot label based on visible layer cues; not a human annotation.
LPE3-0285,methods_reviewer,speculative,design_hypothesis,yes,material,Synthetic pilot label based on visible layer cues; not a human annotation.
LPE3-0285,domain_postdoc,speculative,design_hypothesis,yes,material,Synthetic pilot label based on visible layer cues; not a human annotation.
LPE3-0285,rights_authority_reviewer,speculative,design_hypothesis,yes,material,Synthetic pilot label based on visible layer cues; not a human annotation.
LPE3-0286,methods_reviewer,design_hypothesis,design_hypothesis,no,none,Synthetic pilot label based on visible layer cues; not a human annotation.
LPE3-0286,domain_postdoc,design_hypothesis,design_hypothesis,no,none,Synthetic pilot label based on visible layer cues; not a human annotation.
LPE3-0286,rights_authority_reviewer,design_hypothesis,design_hypothesis,no,none,Synthetic pilot label based on visible layer cues; not a human annotation.
LPE3-0287,methods_reviewer,derived,design_hypothesis,no,none,Synthetic pilot label based on visible layer cues; not a human annotation.
LPE3-0287,domain_postdoc,derived,design_hypothesis,no,none,Synthetic pilot label based on visible layer cues; not a human annotation.
LPE3-0287,rights_authority_reviewer,derived,design_hypothesis,no,none,Synthetic pilot label based on visible layer cues; not a human annotation.
LPE3-0288,methods_reviewer,derived,design_hypothesis,no,none,Synthetic pilot label based on visible layer cues; not a human annotation.
LPE3-0288,domain_postdoc,derived,design_hypothesis,no,none,Synthetic pilot label based on visible layer cues; not a human annotation.
LPE3-0288,rights_authority_reviewer,derived,design_hypothesis,no,none,Synthetic pilot label based on visible layer cues; not a human annotation.
LPE3-0289,methods_reviewer,derived,design_hypothesis,no,none,Synthetic pilot label based on visible layer cues; not a human annotation.
LPE3-0289,domain_postdoc,derived,design_hypothesis,no,none,Synthetic pilot label based on visible layer cues; not a human annotation.
LPE3-0289,rights_authority_reviewer,derived,design_hypothesis,no,none,Synthetic pilot label based on visible layer cues; not a human annotation.
LPE3-0290,methods_reviewer,design_hypothesis,design_hypothesis,no,none,Synthetic pilot label based on visible layer cues; not a human annotation.
LPE3-0290,domain_postdoc,design_hypothesis,design_hypothesis,no,none,Synthetic pilot label based on visible layer cues; not a human annotation.
LPE3-0290,rights_authority_reviewer,design_hypothesis,design_hypothesis,no,none,Synthetic pilot label based on visible layer cues; not a human annotation.
LPE3-0291,methods_reviewer,speculative,design_hypothesis,yes,material,Synthetic pilot label based on visible layer cues; not a human annotation.
LPE3-0291,domain_postdoc,speculative,design_hypothesis,yes,material,Synthetic pilot label based on visible layer cues; not a human annotation.
LPE3-0291,rights_authority_reviewer,speculative,design_hypothesis,yes,material,Synthetic pilot label based on visible layer cues; not a human annotation.
LPE3-0292,methods_reviewer,design_hypothesis,derived,yes,material,Synthetic pilot label based on visible layer cues; not a human annotation.
LPE3-0292,domain_postdoc,design_hypothesis,derived,yes,material,Synthetic pilot label based on visible layer cues; not a human annotation.
LPE3-0292,rights_authority_reviewer,design_hypothesis,derived,yes,material,Synthetic pilot label based on visible layer cues; not a human annotation.
LPE3-0293,methods_reviewer,source_index,design_hypothesis,no,none,Synthetic pilot label based on visible layer cues; not a human annotation.
LPE3-0293,domain_postdoc,source_index,design_hypothesis,no,none,Synthetic pilot label based on visible layer cues; not a human annotation.
LPE3-0293,rights_authority_reviewer,source_index,design_hypothesis,no,none,Synthetic pilot label based on visible layer cues; not a human annotation.
LPE3-0294,methods_reviewer,speculative,design_hypothesis,yes,material,Synthetic pilot label based on visible layer cues; not a human annotation.
LPE3-0294,domain_postdoc,speculative,design_hypothesis,yes,material,Synthetic pilot label based on visible layer cues; not a human annotation.
LPE3-0294,rights_authority_reviewer,speculative,design_hypothesis,yes,material,Synthetic pilot label based on visible layer cues; not a human annotation.
LPE3-0295,methods_reviewer,derived,design_hypothesis,no,none,Synthetic pilot label based on visible layer cues; not a human annotation.
LPE3-0295,domain_postdoc,derived,design_hypothesis,no,none,Synthetic pilot label based on visible layer cues; not a human annotation.
LPE3-0295,rights_authority_reviewer,derived,design_hypothesis,no,none,Synthetic pilot label based on visible layer cues; not a human annotation.
LPE3-0296,methods_reviewer,speculative,design_hypothesis,yes,material,Synthetic pilot label based on visible layer cues; not a human annotation.
LPE3-0296,domain_postdoc,speculative,design_hypothesis,yes,material,Synthetic pilot label based on visible layer cues; not a human annotation.
LPE3-0296,rights_authority_reviewer,speculative,design_hypothesis,yes,material,Synthetic pilot label based on visible layer cues; not a human annotation.
LPE3-0297,methods_reviewer,derived,design_hypothesis,no,none,Synthetic pilot label based on visible layer cues; not a human annotation.
LPE3-0297,domain_postdoc,derived,design_hypothesis,no,none,Synthetic pilot label based on visible layer cues; not a human annotation.
LPE3-0297,rights_authority_reviewer,derived,design_hypothesis,no,none,Synthetic pilot label based on visible layer cues; not a human annotation.
LPE3-0298,methods_reviewer,speculative,design_hypothesis,yes,material,Synthetic pilot label based on visible layer cues; not a human annotation.
LPE3-0298,domain_postdoc,speculative,design_hypothesis,yes,material,Synthetic pilot label based on visible layer cues; not a human annotation.
LPE3-0298,rights_authority_reviewer,speculative,design_hypothesis,yes,material,Synthetic pilot label based on visible layer cues; not a human annotation.
LPE3-0299,methods_reviewer,design_hypothesis,design_hypothesis,no,none,Synthetic pilot label based on visible layer cues; not a human annotation.
LPE3-0299,domain_postdoc,design_hypothesis,design_hypothesis,no,none,Synthetic pilot label based on visible layer cues; not a human annotation.
LPE3-0299,rights_authority_reviewer,design_hypothesis,design_hypothesis,no,none,Synthetic pilot label based on visible layer cues; not a human annotation.
LPE3-0300,methods_reviewer,derived,derived,no,none,Synthetic pilot label based on visible layer cues; not a human annotation.
LPE3-0300,domain_postdoc,derived,derived,no,none,Synthetic pilot label based on visible layer cues; not a human annotation.
LPE3-0300,rights_authority_reviewer,derived,derived,no,none,Synthetic pilot label based on visible layer cues; not a human annotation.
LPE3-0301,methods_reviewer,design_hypothesis,design_hypothesis,no,none,Synthetic pilot label based on visible layer cues; not a human annotation.
LPE3-0301,domain_postdoc,design_hypothesis,design_hypothesis,no,none,Synthetic pilot label based on visible layer cues; not a human annotation.
LPE3-0301,rights_authority_reviewer,design_hypothesis,design_hypothesis,no,none,Synthetic pilot label based on visible layer cues; not a human annotation.
LPE3-0302,methods_reviewer,derived,design_hypothesis,no,none,Synthetic pilot label based on visible layer cues; not a human annotation.
LPE3-0302,domain_postdoc,derived,design_hypothesis,no,none,Synthetic pilot label based on visible layer cues; not a human annotation.
LPE3-0302,rights_authority_reviewer,derived,design_hypothesis,no,none,Synthetic pilot label based on visible layer cues; not a human annotation.
LPE3-0303,methods_reviewer,speculative,design_hypothesis,yes,material,Synthetic pilot label based on visible layer cues; not a human annotation.
LPE3-0303,domain_postdoc,speculative,design_hypothesis,yes,material,Synthetic pilot label based on visible layer cues; not a human annotation.
LPE3-0303,rights_authority_reviewer,speculative,design_hypothesis,yes,material,Synthetic pilot label based on visible layer cues; not a human annotation.
LPE3-0304,methods_reviewer,speculative,derived,yes,material,Synthetic pilot label based on visible layer cues; not a human annotation.
LPE3-0304,domain_postdoc,speculative,derived,yes,material,Synthetic pilot label based on visible layer cues; not a human annotation.
LPE3-0304,rights_authority_reviewer,speculative,derived,yes,material,Synthetic pilot label based on visible layer cues; not a human annotation.
LPE3-0305,methods_reviewer,speculative,source_observed,yes,blocking,Synthetic pilot label based on visible layer cues; not a human annotation.
LPE3-0305,domain_postdoc,speculative,source_observed,yes,blocking,Synthetic pilot label based on visible layer cues; not a human annotation.
LPE3-0305,rights_authority_reviewer,speculative,source_observed,yes,blocking,Synthetic pilot label based on visible layer cues; not a human annotation.
LPE3-0306,methods_reviewer,derived,design_hypothesis,no,none,Synthetic pilot label based on visible layer cues; not a human annotation.
LPE3-0306,domain_postdoc,derived,design_hypothesis,no,none,Synthetic pilot label based on visible layer cues; not a human annotation.
LPE3-0306,rights_authority_reviewer,derived,design_hypothesis,no,none,Synthetic pilot label based on visible layer cues; not a human annotation.
LPE3-0307,methods_reviewer,speculative,design_hypothesis,yes,material,Synthetic pilot label based on visible layer cues; not a human annotation.
LPE3-0307,domain_postdoc,speculative,design_hypothesis,yes,material,Synthetic pilot label based on visible layer cues; not a human annotation.
LPE3-0307,rights_authority_reviewer,speculative,design_hypothesis,yes,material,Synthetic pilot label based on visible layer cues; not a human annotation.
LPE3-0308,methods_reviewer,derived,design_hypothesis,no,none,Synthetic pilot label based on visible layer cues; not a human annotation.
LPE3-0308,domain_postdoc,derived,design_hypothesis,no,none,Synthetic pilot label based on visible layer cues; not a human annotation.
LPE3-0308,rights_authority_reviewer,derived,design_hypothesis,no,none,Synthetic pilot label based on visible layer cues; not a human annotation.
LPE3-0309,methods_reviewer,speculative,design_hypothesis,yes,material,Synthetic pilot label based on visible layer cues; not a human annotation.
LPE3-0309,domain_postdoc,speculative,design_hypothesis,yes,material,Synthetic pilot label based on visible layer cues; not a human annotation.
LPE3-0309,rights_authority_reviewer,speculative,design_hypothesis,yes,material,Synthetic pilot label based on visible layer cues; not a human annotation.
LPE3-0310,methods_reviewer,speculative,speculative,no,none,Synthetic pilot label based on visible layer cues; not a human annotation.
LPE3-0310,domain_postdoc,speculative,speculative,no,none,Synthetic pilot label based on visible layer cues; not a human annotation.
LPE3-0310,rights_authority_reviewer,speculative,speculative,no,none,Synthetic pilot label based on visible layer cues; not a human annotation.
LPE3-0311,methods_reviewer,derived,design_hypothesis,no,none,Synthetic pilot label based on visible layer cues; not a human annotation.
LPE3-0311,domain_postdoc,derived,design_hypothesis,no,none,Synthetic pilot label based on visible layer cues; not a human annotation.
LPE3-0311,rights_authority_reviewer,derived,design_hypothesis,no,none,Synthetic pilot label based on visible layer cues; not a human annotation.
LPE3-0312,methods_reviewer,speculative,design_hypothesis,yes,material,Synthetic pilot label based on visible layer cues; not a human annotation.
LPE3-0312,domain_postdoc,speculative,design_hypothesis,yes,material,Synthetic pilot label based on visible layer cues; not a human annotation.
LPE3-0312,rights_authority_reviewer,speculative,design_hypothesis,yes,material,Synthetic pilot label based on visible layer cues; not a human annotation.
LPE3-0313,methods_reviewer,design_hypothesis,design_hypothesis,no,none,Synthetic pilot label based on visible layer cues; not a human annotation.
LPE3-0313,domain_postdoc,design_hypothesis,design_hypothesis,no,none,Synthetic pilot label based on visible layer cues; not a human annotation.
LPE3-0313,rights_authority_reviewer,design_hypothesis,design_hypothesis,no,none,Synthetic pilot label based on visible layer cues; not a human annotation.
LPE3-0314,methods_reviewer,design_hypothesis,design_hypothesis,no,none,Synthetic pilot label based on visible layer cues; not a human annotation.
LPE3-0314,domain_postdoc,design_hypothesis,design_hypothesis,no,none,Synthetic pilot label based on visible layer cues; not a human annotation.
LPE3-0314,rights_authority_reviewer,design_hypothesis,design_hypothesis,no,none,Synthetic pilot label based on visible layer cues; not a human annotation.
LPE3-0315,methods_reviewer,design_hypothesis,design_hypothesis,no,none,Synthetic pilot label based on visible layer cues; not a human annotation.
LPE3-0315,domain_postdoc,design_hypothesis,design_hypothesis,no,none,Synthetic pilot label based on visible layer cues; not a human annotation.
LPE3-0315,rights_authority_reviewer,design_hypothesis,design_hypothesis,no,none,Synthetic pilot label based on visible layer cues; not a human annotation.
LPE3-0316,methods_reviewer,derived,design_hypothesis,no,none,Synthetic pilot label based on visible layer cues; not a human annotation.
LPE3-0316,domain_postdoc,derived,design_hypothesis,no,none,Synthetic pilot label based on visible layer cues; not a human annotation.
LPE3-0316,rights_authority_reviewer,derived,design_hypothesis,no,none,Synthetic pilot label based on visible layer cues; not a human annotation.
LPE3-0317,methods_reviewer,design_hypothesis,design_hypothesis,no,none,Synthetic pilot label based on visible layer cues; not a human annotation.
LPE3-0317,domain_postdoc,design_hypothesis,design_hypothesis,no,none,Synthetic pilot label based on visible layer cues; not a human annotation.
LPE3-0317,rights_authority_reviewer,design_hypothesis,design_hypothesis,no,none,Synthetic pilot label based on visible layer cues; not a human annotation.
LPE3-0318,methods_reviewer,derived,design_hypothesis,no,none,Synthetic pilot label based on visible layer cues; not a human annotation.
LPE3-0318,domain_postdoc,derived,design_hypothesis,no,none,Synthetic pilot label based on visible layer cues; not a human annotation.
LPE3-0318,rights_authority_reviewer,derived,design_hypothesis,no,none,Synthetic pilot label based on visible layer cues; not a human annotation.
LPE3-0319,methods_reviewer,derived,design_hypothesis,no,none,Synthetic pilot label based on visible layer cues; not a human annotation.
LPE3-0319,domain_postdoc,derived,design_hypothesis,no,none,Synthetic pilot label based on visible layer cues; not a human annotation.
LPE3-0319,rights_authority_reviewer,derived,design_hypothesis,no,none,Synthetic pilot label based on visible layer cues; not a human annotation.
LPE3-0320,methods_reviewer,design_hypothesis,design_hypothesis,no,none,Synthetic pilot label based on visible layer cues; not a human annotation.
LPE3-0320,domain_postdoc,design_hypothesis,design_hypothesis,no,none,Synthetic pilot label based on visible layer cues; not a human annotation.
LPE3-0320,rights_authority_reviewer,design_hypothesis,design_hypothesis,no,none,Synthetic pilot label based on visible layer cues; not a human annotation.
LPE3-0321,methods_reviewer,speculative,design_hypothesis,yes,material,Synthetic pilot label based on visible layer cues; not a human annotation.
LPE3-0321,domain_postdoc,speculative,design_hypothesis,yes,material,Synthetic pilot label based on visible layer cues; not a human annotation.
LPE3-0321,rights_authority_reviewer,speculative,design_hypothesis,yes,material,Synthetic pilot label based on visible layer cues; not a human annotation.
LPE3-0322,methods_reviewer,derived,design_hypothesis,no,none,Synthetic pilot label based on visible layer cues; not a human annotation.
LPE3-0322,domain_postdoc,derived,design_hypothesis,no,none,Synthetic pilot label based on visible layer cues; not a human annotation.
LPE3-0322,rights_authority_reviewer,derived,design_hypothesis,no,none,Synthetic pilot label based on visible layer cues; not a human annotation.
LPE3-0323,methods_reviewer,design_hypothesis,design_hypothesis,no,none,Synthetic pilot label based on visible layer cues; not a human annotation.
LPE3-0323,domain_postdoc,design_hypothesis,design_hypothesis,no,none,Synthetic pilot label based on visible layer cues; not a human annotation.
LPE3-0323,rights_authority_reviewer,design_hypothesis,design_hypothesis,no,none,Synthetic pilot label based on visible layer cues; not a human annotation.
LPE3-0324,methods_reviewer,derived,design_hypothesis,no,none,Synthetic pilot label based on visible layer cues; not a human annotation.
LPE3-0324,domain_postdoc,derived,design_hypothesis,no,none,Synthetic pilot label based on visible layer cues; not a human annotation.
LPE3-0324,rights_authority_reviewer,derived,design_hypothesis,no,none,Synthetic pilot label based on visible layer cues; not a human annotation.
LPE3-0325,methods_reviewer,speculative,design_hypothesis,yes,material,Synthetic pilot label based on visible layer cues; not a human annotation.
LPE3-0325,domain_postdoc,speculative,design_hypothesis,yes,material,Synthetic pilot label based on visible layer cues; not a human annotation.
LPE3-0325,rights_authority_reviewer,speculative,design_hypothesis,yes,material,Synthetic pilot label based on visible layer cues; not a human annotation.
LPE3-0326,methods_reviewer,derived,design_hypothesis,no,none,Synthetic pilot label based on visible layer cues; not a human annotation.
LPE3-0326,domain_postdoc,derived,design_hypothesis,no,none,Synthetic pilot label based on visible layer cues; not a human annotation.
LPE3-0326,rights_authority_reviewer,derived,design_hypothesis,no,none,Synthetic pilot label based on visible layer cues; not a human annotation.
LPE3-0327,methods_reviewer,derived,design_hypothesis,no,none,Synthetic pilot label based on visible layer cues; not a human annotation.
LPE3-0327,domain_postdoc,derived,design_hypothesis,no,none,Synthetic pilot label based on visible layer cues; not a human annotation.
LPE3-0327,rights_authority_reviewer,derived,design_hypothesis,no,none,Synthetic pilot label based on visible layer cues; not a human annotation.
LPE3-0328,methods_reviewer,speculative,design_hypothesis,yes,material,Synthetic pilot label based on visible layer cues; not a human annotation.
LPE3-0328,domain_postdoc,speculative,design_hypothesis,yes,material,Synthetic pilot label based on visible layer cues; not a human annotation.
LPE3-0328,rights_authority_reviewer,speculative,design_hypothesis,yes,material,Synthetic pilot label based on visible layer cues; not a human annotation.
LPE3-0329,methods_reviewer,design_hypothesis,design_hypothesis,no,none,Synthetic pilot label based on visible layer cues; not a human annotation.
LPE3-0329,domain_postdoc,design_hypothesis,design_hypothesis,no,none,Synthetic pilot label based on visible layer cues; not a human annotation.
LPE3-0329,rights_authority_reviewer,design_hypothesis,design_hypothesis,no,none,Synthetic pilot label based on visible layer cues; not a human annotation.
LPE3-0330,methods_reviewer,derived,design_hypothesis,no,none,Synthetic pilot label based on visible layer cues; not a human annotation.
LPE3-0330,domain_postdoc,derived,design_hypothesis,no,none,Synthetic pilot label based on visible layer cues; not a human annotation.
LPE3-0330,rights_authority_reviewer,derived,design_hypothesis,no,none,Synthetic pilot label based on visible layer cues; not a human annotation.
LPE3-0331,methods_reviewer,design_hypothesis,design_hypothesis,no,none,Synthetic pilot label based on visible layer cues; not a human annotation.
LPE3-0331,domain_postdoc,design_hypothesis,design_hypothesis,no,none,Synthetic pilot label based on visible layer cues; not a human annotation.
LPE3-0331,rights_authority_reviewer,design_hypothesis,design_hypothesis,no,none,Synthetic pilot label based on visible layer cues; not a human annotation.
LPE3-0332,methods_reviewer,design_hypothesis,design_hypothesis,no,none,Synthetic pilot label based on visible layer cues; not a human annotation.
LPE3-0332,domain_postdoc,design_hypothesis,design_hypothesis,no,none,Synthetic pilot label based on visible layer cues; not a human annotation.
LPE3-0332,rights_authority_reviewer,design_hypothesis,design_hypothesis,no,none,Synthetic pilot label based on visible layer cues; not a human annotation.
LPE3-0333,methods_reviewer,design_hypothesis,design_hypothesis,no,none,Synthetic pilot label based on visible layer cues; not a human annotation.
LPE3-0333,domain_postdoc,design_hypothesis,design_hypothesis,no,none,Synthetic pilot label based on visible layer cues; not a human annotation.
LPE3-0333,rights_authority_reviewer,design_hypothesis,design_hypothesis,no,none,Synthetic pilot label based on visible layer cues; not a human annotation.
LPE3-0334,methods_reviewer,design_hypothesis,design_hypothesis,no,none,Synthetic pilot label based on visible layer cues; not a human annotation.
LPE3-0334,domain_postdoc,design_hypothesis,design_hypothesis,no,none,Synthetic pilot label based on visible layer cues; not a human annotation.
LPE3-0334,rights_authority_reviewer,design_hypothesis,design_hypothesis,no,none,Synthetic pilot label based on visible layer cues; not a human annotation.
LPE3-0335,methods_reviewer,design_hypothesis,design_hypothesis,no,none,Synthetic pilot label based on visible layer cues; not a human annotation.
LPE3-0335,domain_postdoc,design_hypothesis,design_hypothesis,no,none,Synthetic pilot label based on visible layer cues; not a human annotation.
LPE3-0335,rights_authority_reviewer,design_hypothesis,design_hypothesis,no,none,Synthetic pilot label based on visible layer cues; not a human annotation.
LPE3-0336,methods_reviewer,design_hypothesis,design_hypothesis,no,none,Synthetic pilot label based on visible layer cues; not a human annotation.
LPE3-0336,domain_postdoc,design_hypothesis,design_hypothesis,no,none,Synthetic pilot label based on visible layer cues; not a human annotation.
LPE3-0336,rights_authority_reviewer,design_hypothesis,design_hypothesis,no,none,Synthetic pilot label based on visible layer cues; not a human annotation.
LPE3-0337,methods_reviewer,design_hypothesis,design_hypothesis,no,none,Synthetic pilot label based on visible layer cues; not a human annotation.
LPE3-0337,domain_postdoc,design_hypothesis,design_hypothesis,no,none,Synthetic pilot label based on visible layer cues; not a human annotation.
LPE3-0337,rights_authority_reviewer,design_hypothesis,design_hypothesis,no,none,Synthetic pilot label based on visible layer cues; not a human annotation.
LPE3-0338,methods_reviewer,design_hypothesis,design_hypothesis,no,none,Synthetic pilot label based on visible layer cues; not a human annotation.
LPE3-0338,domain_postdoc,design_hypothesis,design_hypothesis,no,none,Synthetic pilot label based on visible layer cues; not a human annotation.
LPE3-0338,rights_authority_reviewer,design_hypothesis,design_hypothesis,no,none,Synthetic pilot label based on visible layer cues; not a human annotation.
LPE3-0339,methods_reviewer,design_hypothesis,design_hypothesis,no,none,Synthetic pilot label based on visible layer cues; not a human annotation.
LPE3-0339,domain_postdoc,design_hypothesis,design_hypothesis,no,none,Synthetic pilot label based on visible layer cues; not a human annotation.
LPE3-0339,rights_authority_reviewer,design_hypothesis,design_hypothesis,no,none,Synthetic pilot label based on visible layer cues; not a human annotation.
LPE3-0340,methods_reviewer,design_hypothesis,design_hypothesis,no,none,Synthetic pilot label based on visible layer cues; not a human annotation.
LPE3-0340,domain_postdoc,design_hypothesis,design_hypothesis,no,none,Synthetic pilot label based on visible layer cues; not a human annotation.
LPE3-0340,rights_authority_reviewer,design_hypothesis,design_hypothesis,no,none,Synthetic pilot label based on visible layer cues; not a human annotation.
LPE3-0341,methods_reviewer,design_hypothesis,design_hypothesis,no,none,Synthetic pilot label based on visible layer cues; not a human annotation.
LPE3-0341,domain_postdoc,design_hypothesis,design_hypothesis,no,none,Synthetic pilot label based on visible layer cues; not a human annotation.
LPE3-0341,rights_authority_reviewer,design_hypothesis,design_hypothesis,no,none,Synthetic pilot label based on visible layer cues; not a human annotation.
LPE3-0342,methods_reviewer,design_hypothesis,design_hypothesis,no,none,Synthetic pilot label based on visible layer cues; not a human annotation.
LPE3-0342,domain_postdoc,design_hypothesis,design_hypothesis,no,none,Synthetic pilot label based on visible layer cues; not a human annotation.
LPE3-0342,rights_authority_reviewer,design_hypothesis,design_hypothesis,no,none,Synthetic pilot label based on visible layer cues; not a human annotation.
LPE3-0343,methods_reviewer,design_hypothesis,design_hypothesis,no,none,Synthetic pilot label based on visible layer cues; not a human annotation.
LPE3-0343,domain_postdoc,design_hypothesis,design_hypothesis,no,none,Synthetic pilot label based on visible layer cues; not a human annotation.
LPE3-0343,rights_authority_reviewer,design_hypothesis,design_hypothesis,no,none,Synthetic pilot label based on visible layer cues; not a human annotation.
LPE3-0344,methods_reviewer,design_hypothesis,design_hypothesis,no,none,Synthetic pilot label based on visible layer cues; not a human annotation.
LPE3-0344,domain_postdoc,design_hypothesis,design_hypothesis,no,none,Synthetic pilot label based on visible layer cues; not a human annotation.
LPE3-0344,rights_authority_reviewer,design_hypothesis,design_hypothesis,no,none,Synthetic pilot label based on visible layer cues; not a human annotation.
LPE3-0345,methods_reviewer,design_hypothesis,design_hypothesis,no,none,Synthetic pilot label based on visible layer cues; not a human annotation.
LPE3-0345,domain_postdoc,design_hypothesis,design_hypothesis,no,none,Synthetic pilot label based on visible layer cues; not a human annotation.
LPE3-0345,rights_authority_reviewer,design_hypothesis,design_hypothesis,no,none,Synthetic pilot label based on visible layer cues; not a human annotation.
LPE3-0346,methods_reviewer,source_index,design_hypothesis,no,none,Synthetic pilot label based on visible layer cues; not a human annotation.
LPE3-0346,domain_postdoc,source_index,design_hypothesis,no,none,Synthetic pilot label based on visible layer cues; not a human annotation.
LPE3-0346,rights_authority_reviewer,source_index,design_hypothesis,no,none,Synthetic pilot label based on visible layer cues; not a human annotation.
LPE3-0347,methods_reviewer,design_hypothesis,design_hypothesis,no,none,Synthetic pilot label based on visible layer cues; not a human annotation.
LPE3-0347,domain_postdoc,design_hypothesis,design_hypothesis,no,none,Synthetic pilot label based on visible layer cues; not a human annotation.
LPE3-0347,rights_authority_reviewer,design_hypothesis,design_hypothesis,no,none,Synthetic pilot label based on visible layer cues; not a human annotation.
LPE3-0348,methods_reviewer,design_hypothesis,design_hypothesis,no,none,Synthetic pilot label based on visible layer cues; not a human annotation.
LPE3-0348,domain_postdoc,design_hypothesis,design_hypothesis,no,none,Synthetic pilot label based on visible layer cues; not a human annotation.
LPE3-0348,rights_authority_reviewer,design_hypothesis,design_hypothesis,no,none,Synthetic pilot label based on visible layer cues; not a human annotation.
LPE3-0349,methods_reviewer,design_hypothesis,design_hypothesis,no,none,Synthetic pilot label based on visible layer cues; not a human annotation.
LPE3-0349,domain_postdoc,design_hypothesis,design_hypothesis,no,none,Synthetic pilot label based on visible layer cues; not a human annotation.
LPE3-0349,rights_authority_reviewer,design_hypothesis,design_hypothesis,no,none,Synthetic pilot label based on visible layer cues; not a human annotation.
LPE3-0350,methods_reviewer,design_hypothesis,design_hypothesis,no,none,Synthetic pilot label based on visible layer cues; not a human annotation.
LPE3-0350,domain_postdoc,design_hypothesis,design_hypothesis,no,none,Synthetic pilot label based on visible layer cues; not a human annotation.
LPE3-0350,rights_authority_reviewer,design_hypothesis,design_hypothesis,no,none,Synthetic pilot label based on visible layer cues; not a human annotation.
LPE3-0351,methods_reviewer,design_hypothesis,design_hypothesis,no,none,Synthetic pilot label based on visible layer cues; not a human annotation.
LPE3-0351,domain_postdoc,design_hypothesis,design_hypothesis,no,none,Synthetic pilot label based on visible layer cues; not a human annotation.
LPE3-0351,rights_authority_reviewer,design_hypothesis,design_hypothesis,no,none,Synthetic pilot label based on visible layer cues; not a human annotation.
LPE3-0352,methods_reviewer,design_hypothesis,design_hypothesis,no,none,Synthetic pilot label based on visible layer cues; not a human annotation.
LPE3-0352,domain_postdoc,design_hypothesis,design_hypothesis,no,none,Synthetic pilot label based on visible layer cues; not a human annotation.
LPE3-0352,rights_authority_reviewer,design_hypothesis,design_hypothesis,no,none,Synthetic pilot label based on visible layer cues; not a human annotation.
LPE3-0353,methods_reviewer,design_hypothesis,design_hypothesis,no,none,Synthetic pilot label based on visible layer cues; not a human annotation.
LPE3-0353,domain_postdoc,design_hypothesis,design_hypothesis,no,none,Synthetic pilot label based on visible layer cues; not a human annotation.
LPE3-0353,rights_authority_reviewer,design_hypothesis,design_hypothesis,no,none,Synthetic pilot label based on visible layer cues; not a human annotation.
LPE3-0354,methods_reviewer,design_hypothesis,design_hypothesis,no,none,Synthetic pilot label based on visible layer cues; not a human annotation.
LPE3-0354,domain_postdoc,design_hypothesis,design_hypothesis,no,none,Synthetic pilot label based on visible layer cues; not a human annotation.
LPE3-0354,rights_authority_reviewer,design_hypothesis,design_hypothesis,no,none,Synthetic pilot label based on visible layer cues; not a human annotation.
LPE3-0355,methods_reviewer,design_hypothesis,design_hypothesis,no,none,Synthetic pilot label based on visible layer cues; not a human annotation.
LPE3-0355,domain_postdoc,design_hypothesis,design_hypothesis,no,none,Synthetic pilot label based on visible layer cues; not a human annotation.
LPE3-0355,rights_authority_reviewer,design_hypothesis,design_hypothesis,no,none,Synthetic pilot label based on visible layer cues; not a human annotation.
LPE3-0356,methods_reviewer,design_hypothesis,design_hypothesis,no,none,Synthetic pilot label based on visible layer cues; not a human annotation.
LPE3-0356,domain_postdoc,design_hypothesis,design_hypothesis,no,none,Synthetic pilot label based on visible layer cues; not a human annotation.
LPE3-0356,rights_authority_reviewer,design_hypothesis,design_hypothesis,no,none,Synthetic pilot label based on visible layer cues; not a human annotation.
LPE3-0357,methods_reviewer,design_hypothesis,design_hypothesis,no,none,Synthetic pilot label based on visible layer cues; not a human annotation.
LPE3-0357,domain_postdoc,design_hypothesis,design_hypothesis,no,none,Synthetic pilot label based on visible layer cues; not a human annotation.
LPE3-0357,rights_authority_reviewer,design_hypothesis,design_hypothesis,no,none,Synthetic pilot label based on visible layer cues; not a human annotation.
LPE3-0358,methods_reviewer,blocked,design_hypothesis,yes,material,Synthetic pilot label based on visible layer cues; not a human annotation.
LPE3-0358,domain_postdoc,blocked,design_hypothesis,yes,material,Synthetic pilot label based on visible layer cues; not a human annotation.
LPE3-0358,rights_authority_reviewer,blocked,blocked,no,none,Synthetic pilot label based on visible layer cues; not a human annotation.
LPE3-0359,methods_reviewer,design_hypothesis,design_hypothesis,no,none,Synthetic pilot label based on visible layer cues; not a human annotation.
LPE3-0359,domain_postdoc,design_hypothesis,design_hypothesis,no,none,Synthetic pilot label based on visible layer cues; not a human annotation.
LPE3-0359,rights_authority_reviewer,design_hypothesis,design_hypothesis,no,none,Synthetic pilot label based on visible layer cues; not a human annotation.
LPE3-0360,methods_reviewer,design_hypothesis,design_hypothesis,no,none,Synthetic pilot label based on visible layer cues; not a human annotation.
LPE3-0360,domain_postdoc,design_hypothesis,design_hypothesis,no,none,Synthetic pilot label based on visible layer cues; not a human annotation.
LPE3-0360,rights_authority_reviewer,design_hypothesis,design_hypothesis,no,none,Synthetic pilot label based on visible layer cues; not a human annotation.
